2025-01-26 09:39:43 - HV000001: Hibernate Validator 8.0.0.Final
2025-01-26 09:39:44 - Starting ExportInExcelApplication using Java 17.0.11 with PID 16352 (C:\Export Data to Excel file\FinalCode\Haroon\target\classes started by haroon.rashid_isteer in C:\Export Data to Excel file\FinalCode\Haroon)
2025-01-26 09:39:44 - Running with Spring Boot v3.0.0, Spring v6.0.2
2025-01-26 09:39:44 - No active profile set, falling back to 1 default profile: "default"
2025-01-26 09:39:44 - Creating shared instance of singleton bean 'org.springframework.context.annotation.internalConfigurationAnnotationProcessor'
2025-01-26 09:39:44 - Creating shared instance of singleton bean 'org.springframework.boot.autoconfigure.internalCachingMetadataReaderFactory'
2025-01-26 09:39:44 - Identified candidate component class: file [C:\Export Data to Excel file\FinalCode\Haroon\target\classes\com\example\Haroon\AppConfig.class]
2025-01-26 09:39:44 - Identified candidate component class: file [C:\Export Data to Excel file\FinalCode\Haroon\target\classes\com\example\Haroon\controller\ExcelExportController.class]
2025-01-26 09:39:44 - Identified candidate component class: file [C:\Export Data to Excel file\FinalCode\Haroon\target\classes\com\example\Haroon\service\ApplicationService.class]
2025-01-26 09:39:44 - Identified candidate component class: file [C:\Export Data to Excel file\FinalCode\Haroon\target\classes\com\example\Haroon\service\EmailService.class]
2025-01-26 09:39:44 - Identified candidate component class: file [C:\Export Data to Excel file\FinalCode\Haroon\target\classes\com\example\Haroon\service\ExcelExportService.class]
2025-01-26 09:39:44 - Identified candidate component class: file [C:\Export Data to Excel file\FinalCode\Haroon\target\classes\com\example\Haroon\service\IPGeolocationService.class]
2025-01-26 09:39:44 - Identified candidate component class: file [C:\Export Data to Excel file\FinalCode\Haroon\target\classes\com\example\Haroon\service\MemberService.class]
2025-01-26 09:39:44 - Identified candidate component class: file [C:\Export Data to Excel file\FinalCode\Haroon\target\classes\com\example\Haroon\service\PackageKeyService.class]
2025-01-26 09:39:44 - Identified candidate component class: file [C:\Export Data to Excel file\FinalCode\Haroon\target\classes\com\example\Haroon\service\TokenGenerationService.class]
2025-01-26 09:39:44 - Creating shared instance of singleton bean 'propertySourcesPlaceholderConfigurer'
2025-01-26 09:39:44 - Creating shared instance of singleton bean 'org.springframework.boot.sql.init.dependency.DatabaseInitializationDependencyConfigurer$DependsOnDatabaseInitializationPostProcessor'
2025-01-26 09:39:44 - Creating shared instance of singleton bean 'org.springframework.context.event.internalEventListenerProcessor'
2025-01-26 09:39:44 - Creating shared instance of singleton bean 'preserveErrorControllerTargetClassPostProcessor'
2025-01-26 09:39:44 - Creating shared instance of singleton bean 'forceAutoProxyCreatorToUseClassProxying'
2025-01-26 09:39:44 - Creating shared instance of singleton bean 'org.springframework.context.event.internalEventListenerFactory'
2025-01-26 09:39:44 - Creating shared instance of singleton bean 'org.springframework.context.annotation.internalAutowiredAnnotationProcessor'
2025-01-26 09:39:44 - Creating shared instance of singleton bean 'org.springframework.context.annotation.internalCommonAnnotationProcessor'
2025-01-26 09:39:44 - Creating shared instance of singleton bean 'org.springframework.boot.context.properties.ConfigurationPropertiesBindingPostProcessor'
2025-01-26 09:39:44 - Creating shared instance of singleton bean 'org.springframework.boot.context.internalConfigurationPropertiesBinder'
2025-01-26 09:39:44 - Creating shared instance of singleton bean 'org.springframework.boot.context.internalConfigurationPropertiesBinderFactory'
2025-01-26 09:39:44 - Creating shared instance of singleton bean 'org.springframework.context.annotation.internalScheduledAnnotationProcessor'
2025-01-26 09:39:44 - Creating shared instance of singleton bean 'org.springframework.scheduling.annotation.SchedulingConfiguration'
2025-01-26 09:39:44 - Creating shared instance of singleton bean 'methodValidationPostProcessor'
2025-01-26 09:39:44 - Autowiring by type from bean name 'methodValidationPostProcessor' via factory method to bean named 'environment'
2025-01-26 09:39:44 - Creating shared instance of singleton bean 'org.springframework.boot.context.properties.EnableConfigurationPropertiesRegistrar.methodValidationExcludeFilter'
2025-01-26 09:39:44 - Creating shared instance of singleton bean 'org.springframework.aop.config.internalAutoProxyCreator'
2025-01-26 09:39:44 - Creating shared instance of singleton bean 'webServerFactoryCustomizerBeanPostProcessor'
2025-01-26 09:39:44 - Creating shared instance of singleton bean 'errorPageRegistrarBeanPostProcessor'
2025-01-26 09:39:44 - Creating shared instance of singleton bean 'tomcatServletWebServerFactory'
2025-01-26 09:39:44 - Creating shared instance of singleton bean 'org.springframework.boot.autoconfigure.web.servlet.ServletWebServerFactoryConfiguration$EmbeddedTomcat'
2025-01-26 09:39:44 - Creating shared instance of singleton bean 'websocketServletWebServerCustomizer'
2025-01-26 09:39:44 - Creating shared instance of singleton bean 'org.springframework.boot.autoconfigure.websocket.servlet.WebSocketServletAutoConfiguration$TomcatWebSocketConfiguration'
2025-01-26 09:39:44 - Creating shared instance of singleton bean 'servletWebServerFactoryCustomizer'
2025-01-26 09:39:44 - Creating shared instance of singleton bean 'org.springframework.boot.autoconfigure.web.servlet.ServletWebServerFactoryAutoConfiguration'
2025-01-26 09:39:44 - Creating shared instance of singleton bean 'server-org.springframework.boot.autoconfigure.web.ServerProperties'
2025-01-26 09:39:44 - Creating shared instance of singleton bean 'org.springframework.boot.context.properties.BoundConfigurationProperties'
2025-01-26 09:39:44 - Autowiring by type from bean name 'servletWebServerFactoryCustomizer' via factory method to bean named 'server-org.springframework.boot.autoconfigure.web.ServerProperties'
2025-01-26 09:39:44 - Creating shared instance of singleton bean 'tomcatServletWebServerFactoryCustomizer'
2025-01-26 09:39:44 - Autowiring by type from bean name 'tomcatServletWebServerFactoryCustomizer' via factory method to bean named 'server-org.springframework.boot.autoconfigure.web.ServerProperties'
2025-01-26 09:39:44 - Creating shared instance of singleton bean 'tomcatWebServerFactoryCustomizer'
2025-01-26 09:39:44 - Creating shared instance of singleton bean 'org.springframework.boot.autoconfigure.web.embedded.EmbeddedWebServerFactoryCustomizerAutoConfiguration$TomcatWebServerFactoryCustomizerConfiguration'
2025-01-26 09:39:44 - Autowiring by type from bean name 'tomcatWebServerFactoryCustomizer' via factory method to bean named 'environment'
2025-01-26 09:39:44 - Autowiring by type from bean name 'tomcatWebServerFactoryCustomizer' via factory method to bean named 'server-org.springframework.boot.autoconfigure.web.ServerProperties'
2025-01-26 09:39:44 - Creating shared instance of singleton bean 'localeCharsetMappingsCustomizer'
2025-01-26 09:39:44 - Creating shared instance of singleton bean 'org.springframework.boot.autoconfigure.web.servlet.HttpEncodingAutoConfiguration'
2025-01-26 09:39:44 - Autowiring by type from bean name 'org.springframework.boot.autoconfigure.web.servlet.HttpEncodingAutoConfiguration' via constructor to bean named 'server-org.springframework.boot.autoconfigure.web.ServerProperties'
2025-01-26 09:39:44 - Creating shared instance of singleton bean 'errorPageCustomizer'
2025-01-26 09:39:44 - Creating shared instance of singleton bean 'org.springframework.boot.autoconfigure.web.servlet.error.ErrorMvcAutoConfiguration'
2025-01-26 09:39:44 - Autowiring by type from bean name 'org.springframework.boot.autoconfigure.web.servlet.error.ErrorMvcAutoConfiguration' via constructor to bean named 'server-org.springframework.boot.autoconfigure.web.ServerProperties'
2025-01-26 09:39:44 - Creating shared instance of singleton bean 'dispatcherServletRegistration'
2025-01-26 09:39:44 - Creating shared instance of singleton bean 'org.springframework.boot.autoconfigure.web.servlet.DispatcherServletAutoConfiguration$DispatcherServletRegistrationConfiguration'
2025-01-26 09:39:44 - Creating shared instance of singleton bean 'dispatcherServlet'
2025-01-26 09:39:44 - Creating shared instance of singleton bean 'org.springframework.boot.autoconfigure.web.servlet.DispatcherServletAutoConfiguration$DispatcherServletConfiguration'
2025-01-26 09:39:44 - Creating shared instance of singleton bean 'spring.mvc-org.springframework.boot.autoconfigure.web.servlet.WebMvcProperties'
2025-01-26 09:39:44 - Autowiring by type from bean name 'dispatcherServlet' via factory method to bean named 'spring.mvc-org.springframework.boot.autoconfigure.web.servlet.WebMvcProperties'
2025-01-26 09:39:44 - Autowiring by type from bean name 'dispatcherServletRegistration' via factory method to bean named 'dispatcherServlet'
2025-01-26 09:39:44 - Autowiring by type from bean name 'dispatcherServletRegistration' via factory method to bean named 'spring.mvc-org.springframework.boot.autoconfigure.web.servlet.WebMvcProperties'
2025-01-26 09:39:44 - Creating shared instance of singleton bean 'multipartConfigElement'
2025-01-26 09:39:44 - Creating shared instance of singleton bean 'org.springframework.boot.autoconfigure.web.servlet.MultipartAutoConfiguration'
2025-01-26 09:39:44 - Creating shared instance of singleton bean 'spring.servlet.multipart-org.springframework.boot.autoconfigure.web.servlet.MultipartProperties'
2025-01-26 09:39:44 - Autowiring by type from bean name 'org.springframework.boot.autoconfigure.web.servlet.MultipartAutoConfiguration' via constructor to bean named 'spring.servlet.multipart-org.springframework.boot.autoconfigure.web.servlet.MultipartProperties'
2025-01-26 09:39:44 - Autowiring by type from bean name 'errorPageCustomizer' via factory method to bean named 'dispatcherServletRegistration'
2025-01-26 09:39:44 - Tomcat initialized with port(s): 8090 (http)
2025-01-26 09:39:44 - Initializing ProtocolHandler ["http-nio-8090"]
2025-01-26 09:39:44 - Starting service [Tomcat]
2025-01-26 09:39:44 - Starting Servlet engine: [Apache Tomcat/10.1.1]
2025-01-26 09:39:45 - Initializing Spring embedded WebApplicationContext
2025-01-26 09:39:45 - Root WebApplicationContext: initialization completed in 1017 ms
2025-01-26 09:39:45 - Creating shared instance of singleton bean 'requestContextFilter'
2025-01-26 09:39:45 - Creating shared instance of singleton bean 'formContentFilter'
2025-01-26 09:39:45 - Creating shared instance of singleton bean 'org.springframework.boot.autoconfigure.web.servlet.WebMvcAutoConfiguration'
2025-01-26 09:39:45 - Creating shared instance of singleton bean 'characterEncodingFilter'
2025-01-26 09:39:45 - Creating shared instance of singleton bean 'exportInExcelApplication'
2025-01-26 09:39:45 - Creating shared instance of singleton bean 'tokenGenerationService'
2025-01-26 09:39:45 - Creating shared instance of singleton bean 'restTemplate'
2025-01-26 09:39:45 - Creating shared instance of singleton bean 'appConfig'
2025-01-26 09:39:45 - Autowiring by type from bean name 'tokenGenerationService' via constructor to bean named 'restTemplate'
2025-01-26 09:39:45 - Creating shared instance of singleton bean 'memberService'
2025-01-26 09:39:45 - Autowiring by type from bean name 'memberService' via constructor to bean named 'restTemplate'
2025-01-26 09:39:45 - Autowiring by type from bean name 'exportInExcelApplication' via constructor to bean named 'tokenGenerationService'
2025-01-26 09:39:45 - Autowiring by type from bean name 'exportInExcelApplication' via constructor to bean named 'memberService'
2025-01-26 09:39:45 - Creating shared instance of singleton bean 'excelExportController'
2025-01-26 09:39:45 - Creating shared instance of singleton bean 'excelExportService'
2025-01-26 09:39:45 - Creating shared instance of singleton bean 'applicationService'
2025-01-26 09:39:45 - Autowiring by type from bean name 'applicationService' via constructor to bean named 'restTemplate'
2025-01-26 09:39:45 - ApplicationService instantiated with RestTemplate.
2025-01-26 09:39:45 - Creating shared instance of singleton bean 'packageKeyService'
2025-01-26 09:39:45 - Autowiring by type from bean name 'packageKeyService' via constructor to bean named 'restTemplate'
2025-01-26 09:39:45 - PackageKeyService instantiated with RestTemplate.
2025-01-26 09:39:45 - Creating shared instance of singleton bean 'IPGeolocationService'
2025-01-26 09:39:45 - Creating shared instance of singleton bean 'emailService'
2025-01-26 09:39:45 - Creating shared instance of singleton bean 'org.springframework.boot.autoconfigure.AutoConfigurationPackages'
2025-01-26 09:39:45 - Creating shared instance of singleton bean 'org.springframework.boot.autoconfigure.context.PropertyPlaceholderAutoConfiguration'
2025-01-26 09:39:45 - Creating shared instance of singleton bean 'org.springframework.boot.autoconfigure.websocket.servlet.WebSocketServletAutoConfiguration'
2025-01-26 09:39:45 - Creating shared instance of singleton bean 'org.springframework.boot.autoconfigure.web.servlet.DispatcherServletAutoConfiguration'
2025-01-26 09:39:45 - Creating shared instance of singleton bean 'org.springframework.boot.autoconfigure.task.TaskExecutionAutoConfiguration'
2025-01-26 09:39:45 - Creating shared instance of singleton bean 'taskExecutorBuilder'
2025-01-26 09:39:45 - Creating shared instance of singleton bean 'spring.task.execution-org.springframework.boot.autoconfigure.task.TaskExecutionProperties'
2025-01-26 09:39:45 - Autowiring by type from bean name 'taskExecutorBuilder' via factory method to bean named 'spring.task.execution-org.springframework.boot.autoconfigure.task.TaskExecutionProperties'
2025-01-26 09:39:45 - Creating shared instance of singleton bean 'org.springframework.boot.autoconfigure.validation.ValidationAutoConfiguration'
2025-01-26 09:39:45 - Creating shared instance of singleton bean 'defaultValidator'
2025-01-26 09:39:45 - Autowiring by type from bean name 'defaultValidator' via factory method to bean named 'org.springframework.boot.web.servlet.context.AnnotationConfigServletWebServerApplicationContext@4c4d27c8'
2025-01-26 09:39:45 - Creating shared instance of singleton bean 'org.springframework.boot.autoconfigure.web.servlet.error.ErrorMvcAutoConfiguration$WhitelabelErrorViewConfiguration'
2025-01-26 09:39:45 - Creating shared instance of singleton bean 'error'
2025-01-26 09:39:45 - Creating shared instance of singleton bean 'beanNameViewResolver'
2025-01-26 09:39:45 - Creating shared instance of singleton bean 'org.springframework.boot.autoconfigure.web.servlet.error.ErrorMvcAutoConfiguration$DefaultErrorViewResolverConfiguration'
2025-01-26 09:39:45 - Creating shared instance of singleton bean 'spring.web-org.springframework.boot.autoconfigure.web.WebProperties'
2025-01-26 09:39:45 - Autowiring by type from bean name 'org.springframework.boot.autoconfigure.web.servlet.error.ErrorMvcAutoConfiguration$DefaultErrorViewResolverConfiguration' via constructor to bean named 'org.springframework.boot.web.servlet.context.AnnotationConfigServletWebServerApplicationContext@4c4d27c8'
2025-01-26 09:39:45 - Autowiring by type from bean name 'org.springframework.boot.autoconfigure.web.servlet.error.ErrorMvcAutoConfiguration$DefaultErrorViewResolverConfiguration' via constructor to bean named 'spring.web-org.springframework.boot.autoconfigure.web.WebProperties'
2025-01-26 09:39:45 - Creating shared instance of singleton bean 'conventionErrorViewResolver'
2025-01-26 09:39:45 - Creating shared instance of singleton bean 'errorAttributes'
2025-01-26 09:39:45 - Creating shared instance of singleton bean 'basicErrorController'
2025-01-26 09:39:45 - Autowiring by type from bean name 'basicErrorController' via factory method to bean named 'errorAttributes'
2025-01-26 09:39:45 - Creating shared instance of singleton bean 'org.springframework.boot.autoconfigure.web.servlet.WebMvcAutoConfiguration$EnableWebMvcConfiguration'
2025-01-26 09:39:45 - Autowiring by type from bean name 'org.springframework.boot.autoconfigure.web.servlet.WebMvcAutoConfiguration$EnableWebMvcConfiguration' via constructor to bean named 'spring.mvc-org.springframework.boot.autoconfigure.web.servlet.WebMvcProperties'
2025-01-26 09:39:45 - Autowiring by type from bean name 'org.springframework.boot.autoconfigure.web.servlet.WebMvcAutoConfiguration$EnableWebMvcConfiguration' via constructor to bean named 'spring.web-org.springframework.boot.autoconfigure.web.WebProperties'
2025-01-26 09:39:45 - Autowiring by type from bean name 'org.springframework.boot.autoconfigure.web.servlet.WebMvcAutoConfiguration$EnableWebMvcConfiguration' via constructor to bean named 'org.springframework.beans.factory.support.DefaultListableBeanFactory@455351c4'
2025-01-26 09:39:45 - Creating shared instance of singleton bean 'org.springframework.boot.autoconfigure.web.servlet.WebMvcAutoConfiguration$WebMvcAutoConfigurationAdapter'
2025-01-26 09:39:45 - Autowiring by type from bean name 'org.springframework.boot.autoconfigure.web.servlet.WebMvcAutoConfiguration$WebMvcAutoConfigurationAdapter' via constructor to bean named 'spring.web-org.springframework.boot.autoconfigure.web.WebProperties'
2025-01-26 09:39:45 - Autowiring by type from bean name 'org.springframework.boot.autoconfigure.web.servlet.WebMvcAutoConfiguration$WebMvcAutoConfigurationAdapter' via constructor to bean named 'spring.mvc-org.springframework.boot.autoconfigure.web.servlet.WebMvcProperties'
2025-01-26 09:39:45 - Autowiring by type from bean name 'org.springframework.boot.autoconfigure.web.servlet.WebMvcAutoConfiguration$WebMvcAutoConfigurationAdapter' via constructor to bean named 'org.springframework.beans.factory.support.DefaultListableBeanFactory@455351c4'
2025-01-26 09:39:45 - Creating shared instance of singleton bean 'requestMappingHandlerAdapter'
2025-01-26 09:39:45 - Creating shared instance of singleton bean 'mvcContentNegotiationManager'
2025-01-26 09:39:45 - Creating shared instance of singleton bean 'mvcConversionService'
2025-01-26 09:39:45 - Creating shared instance of singleton bean 'mvcValidator'
2025-01-26 09:39:45 - Autowiring by type from bean name 'requestMappingHandlerAdapter' via factory method to bean named 'mvcContentNegotiationManager'
2025-01-26 09:39:45 - Autowiring by type from bean name 'requestMappingHandlerAdapter' via factory method to bean named 'mvcConversionService'
2025-01-26 09:39:45 - Autowiring by type from bean name 'requestMappingHandlerAdapter' via factory method to bean named 'mvcValidator'
2025-01-26 09:39:45 - Creating shared instance of singleton bean 'messageConverters'
2025-01-26 09:39:45 - Creating shared instance of singleton bean 'org.springframework.boot.autoconfigure.http.HttpMessageConvertersAutoConfiguration'
2025-01-26 09:39:45 - Creating shared instance of singleton bean 'stringHttpMessageConverter'
2025-01-26 09:39:45 - Creating shared instance of singleton bean 'org.springframework.boot.autoconfigure.http.HttpMessageConvertersAutoConfiguration$StringHttpMessageConverterConfiguration'
2025-01-26 09:39:45 - Autowiring by type from bean name 'stringHttpMessageConverter' via factory method to bean named 'environment'
2025-01-26 09:39:45 - Creating shared instance of singleton bean 'mappingJackson2HttpMessageConverter'
2025-01-26 09:39:45 - Creating shared instance of singleton bean 'org.springframework.boot.autoconfigure.http.JacksonHttpMessageConvertersConfiguration$MappingJackson2HttpMessageConverterConfiguration'
2025-01-26 09:39:45 - Creating shared instance of singleton bean 'jacksonObjectMapper'
2025-01-26 09:39:45 - Creating shared instance of singleton bean 'org.springframework.boot.autoconfigure.jackson.JacksonAutoConfiguration$JacksonObjectMapperConfiguration'
2025-01-26 09:39:45 - Creating shared instance of singleton bean 'org.springframework.boot.autoconfigure.jackson.JacksonAutoConfiguration$JacksonObjectMapperBuilderConfiguration'
2025-01-26 09:39:45 - Creating shared instance of singleton bean 'standardJacksonObjectMapperBuilderCustomizer'
2025-01-26 09:39:45 - Creating shared instance of singleton bean 'org.springframework.boot.autoconfigure.jackson.JacksonAutoConfiguration$Jackson2ObjectMapperBuilderCustomizerConfiguration'
2025-01-26 09:39:45 - Creating shared instance of singleton bean 'spring.jackson-org.springframework.boot.autoconfigure.jackson.JacksonProperties'
2025-01-26 09:39:45 - Autowiring by type from bean name 'standardJacksonObjectMapperBuilderCustomizer' via factory method to bean named 'spring.jackson-org.springframework.boot.autoconfigure.jackson.JacksonProperties'
2025-01-26 09:39:45 - Creating shared instance of singleton bean 'parameterNamesModule'
2025-01-26 09:39:45 - Creating shared instance of singleton bean 'org.springframework.boot.autoconfigure.jackson.JacksonAutoConfiguration$ParameterNamesModuleConfiguration'
2025-01-26 09:39:45 - Creating shared instance of singleton bean 'jsonMixinModule'
2025-01-26 09:39:45 - Creating shared instance of singleton bean 'org.springframework.boot.autoconfigure.jackson.JacksonAutoConfiguration$JacksonMixinConfiguration'
2025-01-26 09:39:45 - Creating shared instance of singleton bean 'jsonMixinModuleEntries'
2025-01-26 09:39:45 - Autowiring by type from bean name 'jsonMixinModuleEntries' via factory method to bean named 'org.springframework.boot.web.servlet.context.AnnotationConfigServletWebServerApplicationContext@4c4d27c8'
2025-01-26 09:39:45 - Autowiring by type from bean name 'jsonMixinModule' via factory method to bean named 'org.springframework.boot.web.servlet.context.AnnotationConfigServletWebServerApplicationContext@4c4d27c8'
2025-01-26 09:39:45 - Autowiring by type from bean name 'jsonMixinModule' via factory method to bean named 'jsonMixinModuleEntries'
2025-01-26 09:39:45 - Creating shared instance of singleton bean 'jsonComponentModule'
2025-01-26 09:39:45 - Creating shared instance of singleton bean 'org.springframework.boot.autoconfigure.jackson.JacksonAutoConfiguration'
2025-01-26 09:39:45 - Autowiring by type from bean name 'jacksonObjectMapperBuilder' via factory method to bean named 'org.springframework.boot.web.servlet.context.AnnotationConfigServletWebServerApplicationContext@4c4d27c8'
2025-01-26 09:39:45 - Autowiring by type from bean name 'jacksonObjectMapperBuilder' via factory method to bean named 'standardJacksonObjectMapperBuilderCustomizer'
2025-01-26 09:39:45 - Autowiring by type from bean name 'jacksonObjectMapper' via factory method to bean named 'jacksonObjectMapperBuilder'
2025-01-26 09:39:45 - Autowiring by type from bean name 'mappingJackson2HttpMessageConverter' via factory method to bean named 'jacksonObjectMapper'
2025-01-26 09:39:45 - Creating shared instance of singleton bean 'applicationTaskExecutor'
2025-01-26 09:39:45 - Autowiring by type from bean name 'applicationTaskExecutor' via factory method to bean named 'taskExecutorBuilder'
2025-01-26 09:39:45 - Creating shared instance of singleton bean 'welcomePageHandlerMapping'
2025-01-26 09:39:45 - Creating shared instance of singleton bean 'mvcResourceUrlProvider'
2025-01-26 09:39:45 - Autowiring by type from bean name 'welcomePageHandlerMapping' via factory method to bean named 'org.springframework.boot.web.servlet.context.AnnotationConfigServletWebServerApplicationContext@4c4d27c8'
2025-01-26 09:39:45 - Autowiring by type from bean name 'welcomePageHandlerMapping' via factory method to bean named 'mvcConversionService'
2025-01-26 09:39:45 - Autowiring by type from bean name 'welcomePageHandlerMapping' via factory method to bean named 'mvcResourceUrlProvider'
2025-01-26 09:39:45 - Creating shared instance of singleton bean 'localeResolver'
2025-01-26 09:39:45 - Creating shared instance of singleton bean 'themeResolver'
2025-01-26 09:39:45 - Creating shared instance of singleton bean 'flashMapManager'
2025-01-26 09:39:45 - Creating shared instance of singleton bean 'requestMappingHandlerMapping'
2025-01-26 09:39:45 - Autowiring by type from bean name 'requestMappingHandlerMapping' via factory method to bean named 'mvcContentNegotiationManager'
2025-01-26 09:39:45 - Autowiring by type from bean name 'requestMappingHandlerMapping' via factory method to bean named 'mvcConversionService'
2025-01-26 09:39:45 - Autowiring by type from bean name 'requestMappingHandlerMapping' via factory method to bean named 'mvcResourceUrlProvider'
2025-01-26 09:39:45 - Creating shared instance of singleton bean 'mvcPatternParser'
2025-01-26 09:39:45 - Creating shared instance of singleton bean 'mvcUrlPathHelper'
2025-01-26 09:39:45 - Creating shared instance of singleton bean 'mvcPathMatcher'
2025-01-26 09:39:45 - Creating shared instance of singleton bean 'viewControllerHandlerMapping'
2025-01-26 09:39:45 - Autowiring by type from bean name 'viewControllerHandlerMapping' via factory method to bean named 'mvcConversionService'
2025-01-26 09:39:45 - Autowiring by type from bean name 'viewControllerHandlerMapping' via factory method to bean named 'mvcResourceUrlProvider'
2025-01-26 09:39:45 - Creating shared instance of singleton bean 'beanNameHandlerMapping'
2025-01-26 09:39:45 - Autowiring by type from bean name 'beanNameHandlerMapping' via factory method to bean named 'mvcConversionService'
2025-01-26 09:39:45 - Autowiring by type from bean name 'beanNameHandlerMapping' via factory method to bean named 'mvcResourceUrlProvider'
2025-01-26 09:39:45 - Creating shared instance of singleton bean 'routerFunctionMapping'
2025-01-26 09:39:45 - Autowiring by type from bean name 'routerFunctionMapping' via factory method to bean named 'mvcConversionService'
2025-01-26 09:39:45 - Autowiring by type from bean name 'routerFunctionMapping' via factory method to bean named 'mvcResourceUrlProvider'
2025-01-26 09:39:45 - Creating shared instance of singleton bean 'resourceHandlerMapping'
2025-01-26 09:39:45 - Autowiring by type from bean name 'resourceHandlerMapping' via factory method to bean named 'mvcContentNegotiationManager'
2025-01-26 09:39:45 - Autowiring by type from bean name 'resourceHandlerMapping' via factory method to bean named 'mvcConversionService'
2025-01-26 09:39:45 - Autowiring by type from bean name 'resourceHandlerMapping' via factory method to bean named 'mvcResourceUrlProvider'
2025-01-26 09:39:45 - Creating shared instance of singleton bean 'defaultServletHandlerMapping'
2025-01-26 09:39:45 - Creating shared instance of singleton bean 'handlerFunctionAdapter'
2025-01-26 09:39:45 - Creating shared instance of singleton bean 'mvcUriComponentsContributor'
2025-01-26 09:39:45 - Autowiring by type from bean name 'mvcUriComponentsContributor' via factory method to bean named 'mvcConversionService'
2025-01-26 09:39:45 - Autowiring by type from bean name 'mvcUriComponentsContributor' via factory method to bean named 'requestMappingHandlerAdapter'
2025-01-26 09:39:45 - Creating shared instance of singleton bean 'httpRequestHandlerAdapter'
2025-01-26 09:39:45 - Creating shared instance of singleton bean 'simpleControllerHandlerAdapter'
2025-01-26 09:39:45 - Creating shared instance of singleton bean 'handlerExceptionResolver'
2025-01-26 09:39:45 - Autowiring by type from bean name 'handlerExceptionResolver' via factory method to bean named 'mvcContentNegotiationManager'
2025-01-26 09:39:45 - Creating shared instance of singleton bean 'mvcViewResolver'
2025-01-26 09:39:45 - Autowiring by type from bean name 'mvcViewResolver' via factory method to bean named 'mvcContentNegotiationManager'
2025-01-26 09:39:45 - Creating shared instance of singleton bean 'viewNameTranslator'
2025-01-26 09:39:45 - Creating shared instance of singleton bean 'defaultViewResolver'
2025-01-26 09:39:45 - Creating shared instance of singleton bean 'viewResolver'
2025-01-26 09:39:45 - Autowiring by type from bean name 'viewResolver' via factory method to bean named 'org.springframework.beans.factory.support.DefaultListableBeanFactory@455351c4'
2025-01-26 09:39:45 - Creating shared instance of singleton bean 'viewResolver'
2025-01-26 09:39:45 - Creating shared instance of singleton bean 'org.springframework.boot.autoconfigure.jmx.JmxAutoConfiguration'
2025-01-26 09:39:45 - Creating shared instance of singleton bean 'spring.jmx-org.springframework.boot.autoconfigure.jmx.JmxProperties'
2025-01-26 09:39:45 - Autowiring by type from bean name 'org.springframework.boot.autoconfigure.jmx.JmxAutoConfiguration' via constructor to bean named 'spring.jmx-org.springframework.boot.autoconfigure.jmx.JmxProperties'
2025-01-26 09:39:45 - Creating shared instance of singleton bean 'mbeanExporter'
2025-01-26 09:39:45 - Creating shared instance of singleton bean 'objectNamingStrategy'
2025-01-26 09:39:45 - Autowiring by type from bean name 'mbeanExporter' via factory method to bean named 'objectNamingStrategy'
2025-01-26 09:39:45 - Autowiring by type from bean name 'mbeanExporter' via factory method to bean named 'org.springframework.beans.factory.support.DefaultListableBeanFactory@455351c4'
2025-01-26 09:39:45 - Creating shared instance of singleton bean 'mbeanServer'
2025-01-26 09:39:45 - Creating shared instance of singleton bean 'org.springframework.boot.autoconfigure.admin.SpringApplicationAdminJmxAutoConfiguration'
2025-01-26 09:39:45 - Creating shared instance of singleton bean 'springApplicationAdminRegistrar'
2025-01-26 09:39:45 - Autowiring by type from bean name 'springApplicationAdminRegistrar' via factory method to bean named 'environment'
2025-01-26 09:39:45 - Creating shared instance of singleton bean 'org.springframework.boot.autoconfigure.aop.AopAutoConfiguration$ClassProxyingConfiguration'
2025-01-26 09:39:45 - Creating shared instance of singleton bean 'org.springframework.boot.autoconfigure.aop.AopAutoConfiguration'
2025-01-26 09:39:45 - Creating shared instance of singleton bean 'org.springframework.boot.autoconfigure.availability.ApplicationAvailabilityAutoConfiguration'
2025-01-26 09:39:45 - Creating shared instance of singleton bean 'applicationAvailability'
2025-01-26 09:39:45 - Creating shared instance of singleton bean 'org.springframework.boot.autoconfigure.context.ConfigurationPropertiesAutoConfiguration'
2025-01-26 09:39:45 - Creating shared instance of singleton bean 'org.springframework.boot.autoconfigure.context.LifecycleAutoConfiguration'
2025-01-26 09:39:45 - Creating shared instance of singleton bean 'lifecycleProcessor'
2025-01-26 09:39:45 - Creating shared instance of singleton bean 'spring.lifecycle-org.springframework.boot.autoconfigure.context.LifecycleProperties'
2025-01-26 09:39:45 - Autowiring by type from bean name 'lifecycleProcessor' via factory method to bean named 'spring.lifecycle-org.springframework.boot.autoconfigure.context.LifecycleProperties'
2025-01-26 09:39:45 - Creating shared instance of singleton bean 'org.springframework.boot.autoconfigure.http.JacksonHttpMessageConvertersConfiguration'
2025-01-26 09:39:45 - Creating shared instance of singleton bean 'org.springframework.boot.autoconfigure.info.ProjectInfoAutoConfiguration'
2025-01-26 09:39:45 - Creating shared instance of singleton bean 'spring.info-org.springframework.boot.autoconfigure.info.ProjectInfoProperties'
2025-01-26 09:39:45 - Autowiring by type from bean name 'org.springframework.boot.autoconfigure.info.ProjectInfoAutoConfiguration' via constructor to bean named 'spring.info-org.springframework.boot.autoconfigure.info.ProjectInfoProperties'
2025-01-26 09:39:45 - Creating shared instance of singleton bean 'org.springframework.boot.autoconfigure.mail.MailSenderPropertiesConfiguration'
2025-01-26 09:39:45 - Creating shared instance of singleton bean 'mailSender'
2025-01-26 09:39:45 - Creating shared instance of singleton bean 'spring.mail-org.springframework.boot.autoconfigure.mail.MailProperties'
2025-01-26 09:39:45 - Autowiring by type from bean name 'mailSender' via factory method to bean named 'spring.mail-org.springframework.boot.autoconfigure.mail.MailProperties'
2025-01-26 09:39:45 - Creating shared instance of singleton bean 'org.springframework.boot.autoconfigure.mail.MailSenderAutoConfiguration'
2025-01-26 09:39:45 - Creating shared instance of singleton bean 'org.springframework.boot.autoconfigure.netty.NettyAutoConfiguration'
2025-01-26 09:39:45 - Creating shared instance of singleton bean 'spring.netty-org.springframework.boot.autoconfigure.netty.NettyProperties'
2025-01-26 09:39:45 - Autowiring by type from bean name 'org.springframework.boot.autoconfigure.netty.NettyAutoConfiguration' via constructor to bean named 'spring.netty-org.springframework.boot.autoconfigure.netty.NettyProperties'
2025-01-26 09:39:45 - Creating shared instance of singleton bean 'org.springframework.boot.autoconfigure.sql.init.SqlInitializationAutoConfiguration'
2025-01-26 09:39:45 - Creating shared instance of singleton bean 'spring.sql.init-org.springframework.boot.autoconfigure.sql.init.SqlInitializationProperties'
2025-01-26 09:39:45 - Creating shared instance of singleton bean 'org.springframework.boot.autoconfigure.task.TaskSchedulingAutoConfiguration'
2025-01-26 09:39:45 - Creating shared instance of singleton bean 'taskScheduler'
2025-01-26 09:39:45 - Creating shared instance of singleton bean 'taskSchedulerBuilder'
2025-01-26 09:39:45 - Creating shared instance of singleton bean 'spring.task.scheduling-org.springframework.boot.autoconfigure.task.TaskSchedulingProperties'
2025-01-26 09:39:45 - Autowiring by type from bean name 'taskSchedulerBuilder' via factory method to bean named 'spring.task.scheduling-org.springframework.boot.autoconfigure.task.TaskSchedulingProperties'
2025-01-26 09:39:45 - Autowiring by type from bean name 'taskScheduler' via factory method to bean named 'taskSchedulerBuilder'
2025-01-26 09:39:45 - Creating shared instance of singleton bean 'scheduledBeanLazyInitializationExcludeFilter'
2025-01-26 09:39:45 - Creating shared instance of singleton bean 'org.springframework.boot.autoconfigure.web.client.RestTemplateAutoConfiguration'
2025-01-26 09:39:45 - Creating shared instance of singleton bean 'org.springframework.boot.autoconfigure.web.embedded.EmbeddedWebServerFactoryCustomizerAutoConfiguration'
2025-01-26 09:39:45 - Creating shared instance of singleton bean 'multipartResolver'
2025-01-26 09:39:45 - Starting ProtocolHandler ["http-nio-8090"]
2025-01-26 09:39:45 - Tomcat started on port(s): 8090 (http) with context path ''
2025-01-26 09:39:45 - Started ExportInExcelApplication in 2.066 seconds (process running for 2.737)
2025-01-26 09:39:51 - Initializing Spring DispatcherServlet 'dispatcherServlet'
2025-01-26 09:39:51 - Initializing Servlet 'dispatcherServlet'
2025-01-26 09:39:51 - Completed initialization in 1 ms
2025-01-26 09:39:52 - Checking if token is valid or needs regeneration.
2025-01-26 09:39:52 - Token is either null or expired. Generating a new token.
2025-01-26 09:39:52 - Initiating token generation process.
2025-01-26 09:39:54 - Token generated successfully. Expires at: 2025-01-26T05:09:54.056938400Z
2025-01-26 09:39:54 - Fetching member data in batches with batch size: 100
2025-01-26 09:39:54 - Using token: ggqjrz3e3bpmzwrcxdm873fg
2025-01-26 09:39:54 - Fetching batch with offset: 0, limit: 100
2025-01-26 09:39:54 - Fetching members from URL: https://api.mashery.com/v3/rest/members with offset: 0 and limit: 100
2025-01-26 09:39:54 - Checking if token is valid or needs regeneration.
2025-01-26 09:39:54 - Token is still valid.
2025-01-26 09:39:54 - Making API call to: https://api.mashery.com/v3/rest/members?offset=0&limit=100
2025-01-26 09:40:00 - API response status: 200 OK
2025-01-26 09:40:00 - X-Total-Count header value: 10355
2025-01-26 09:40:00 - Member API response JSON: [{"id":"5530bb14-d47b-48e4-ac0a-5d45bb505e9e","created":"2011-02-02T00:40:06Z","updated":"2023-09-12T06:54:55Z","username":"jpollock","email":"jpollock@tibco.com","displayName":"Jeremy Pollock","uri":"http://www.mashery.com","blog":"","im":"","imsvc":"","phone":"415-846-1657","company":"Mashery","address1":"1826 Eddy St., #204","address2":"","locality":"San Francisco","region":"CA","postalCode":"94115","countryCode":"US","firstName":"Jeremy","lastName":"Pollock","registrationIpaddr":"206.169.179.202","oidcUserId":"","isDashboardRoleAssignable":"false","isMasheryApiUser":"false","isImmutable":"false","isListingSubscriber":"false","areaStatus":"active","externalId":"","passwdNew":"","lastLogin":"2016-05-06T13:09:14Z"},{"id":"9fd36204-9101-4723-b764-685efed0841d","created":"2012-01-03T15:12:45Z","updated":"2022-11-08T21:33:35Z","username":"rgilani","email":"rgilani@mashery.com","displayName":"Rahul Gilani","uri":"http://www.mashery.com","blog":"http://tfot.co","im":"","imsvc":"","phone":"4156250088","company":"Mashery","address1":"597 Broadway","address2":"","locality":"New York","region":"INTL","postalCode":"10012","countryCode":"US","firstName":"Rahul","lastName":"Gilani","registrationIpaddr":"108.27.230.185","oidcUserId":"","isDashboardRoleAssignable":"false","isMasheryApiUser":"false","isImmutable":"false","isListingSubscriber":"false","areaStatus":"active","externalId":"","passwdNew":"","lastLogin":"2014-05-28T13:03:34Z"},{"id":"08d06fe3-0ee4-40b2-99ac-635fbf2a08e8","created":"2013-06-12T09:26:17Z","updated":"2020-06-09T19:24:15Z","username":"srajmane","email":"srajmane@mashery.com","displayName":"srajmane","uri":"http://www.test.com","blog":"http://www.test.com","im":"","imsvc":"","phone":"9325454625","company":"cybage","address1":"pune","address2":"","locality":"pune","region":"ACT","postalCode":"411014","countryCode":"IN","firstName":"sanjay","lastName":"rajmane","registrationIpaddr":"121.242.40.15","oidcUserId":"","isDashboardRoleAssignable":"false","isMasheryApiUser":"true","isImmutable":"false","isListingSubscriber":"false","areaStatus":"active","externalId":"","passwdNew":"","lastLogin":"2014-02-10T08:40:32Z"},{"id":"c37ffde7-165e-41ec-b532-bae0cd06abcd","created":"2012-04-30T23:41:22Z","updated":"2022-11-08T21:33:41Z","username":"JeffDillon","email":"jdillon@mashery.com","displayName":"Jeff Dillon","uri":"http://Mashery.com","blog":"","im":"","imsvc":"","phone":"408-824-4568","company":"Mashery","address1":"717 Market St","address2":"","locality":"SF","region":"CA","postalCode":"95136","countryCode":"US","firstName":"Jeff","lastName":"Dillon","registrationIpaddr":"166.250.48.45","oidcUserId":"","isDashboardRoleAssignable":"false","isMasheryApiUser":"false","isImmutable":"false","isListingSubscriber":"false","areaStatus":"active","externalId":"","passwdNew":"","lastLogin":"2013-11-01T20:26:39Z"},{"id":"49fef03a-0b13-4485-a758-6595989a5633","created":"2012-10-05T17:25:50Z","updated":"2024-10-04T08:13:10Z","username":"mauricelee02","email":"malee@tibco.com","displayName":"Maurice Lee","uri":"http://mashery.com","blog":"","im":"","imsvc":"","phone":"4156331979","company":"Mashery","address1":"Test","address2":"","locality":"San Francisco","region":"Ca","postalCode":"","countryCode":"US","firstName":"Maurice","lastName":"Lee","registrationIpaddr":"206.169.179.202","oidcUserId":"","isDashboardRoleAssignable":"false","isMasheryApiUser":"false","isImmutable":"false","isListingSubscriber":"false","areaStatus":"active","externalId":"","passwdNew":"","lastLogin":"2019-08-01T00:00:18Z"},{"id":"93d97b17-5608-4bf8-86dd-1427c298fde3","created":"2008-05-27T17:15:39Z","updated":"2024-06-21T15:20:39Z","username":"scottro","email":"sfarnswo@tibco.com","displayName":"Scott","uri":"http://tibco.com","blog":"http://tibco.com","im":"scottrof","imsvc":"AIM","phone":"7072809073","company":"TIBCO Software Inc.","address1":"25 Kearny St","address2":"Suite 500","locality":"San Francisco","region":"CA","postalCode":"94108","countryCode":"US","firstName":"Scott","lastName":"Farnsworth","registrationIpaddr":"66.92.1.108","oidcUserId":"","isDashboardRoleAssignable":"false","isMasheryApiUser":"false","isImmutable":"true","isListingSubscriber":"false","areaStatus":"active","externalId":"","passwdNew":"","lastLogin":"2018-10-09T20:56:46Z"},{"id":"3027a2b3-e309-4138-b952-65475f3f4657","created":"2013-04-02T00:35:02Z","updated":"2025-01-17T16:41:00Z","username":"beerinder","email":"beerinder.rodey@boomi.com","displayName":"Beerinder Rodey","uri":"http://mashery.com","blog":"","im":"","imsvc":"","phone":"646-807-8016","company":"Mashery","address1":"","address2":"","locality":"Brooklyn","region":"New York","postalCode":"","countryCode":"US","firstName":"Beerinder","lastName":"Rodey","registrationIpaddr":"76.15.208.121","oidcUserId":"","isDashboardRoleAssignable":"false","isMasheryApiUser":"true","isImmutable":"false","isListingSubscriber":"false","areaStatus":"active","externalId":"","passwdNew":"","lastLogin":"2014-04-02T20:43:49Z"},{"id":"efdeac26-c926-4d94-8b7d-5edce2904376","created":"2014-05-06T18:22:33Z","updated":"2023-01-19T22:32:29Z","username":"rpmagapu","email":"rmagapu@tibco.com","displayName":"Rishi","uri":"http://mashery.com","blog":"https://mashery.com","im":"","imsvc":"","phone":"2017726238","company":"Mashery","address1":"594 broadway","address2":"","locality":"manhattan","region":"ny","postalCode":"10012","countryCode":"US","firstName":"Rishi","lastName":"Magapu","registrationIpaddr":"68.175.88.68","oidcUserId":"","isDashboardRoleAssignable":"false","isMasheryApiUser":"false","isImmutable":"false","isListingSubscriber":"false","areaStatus":"active","externalId":"","passwdNew":"","lastLogin":"2018-07-25T00:06:49Z"},{"id":"feef21bf-d9b5-4c40-8fe9-fd818197a23f","created":"2012-12-10T21:06:47Z","updated":"2023-01-20T18:49:33Z","username":"APhadnis","email":"aphadnis@mashery.com","displayName":"APhadnis","uri":"http://www.mashery.com","blog":"","im":"","imsvc":"","phone":"4156847234","company":"Mashery, Inc.","address1":"717 Market Street, Suite 300","address2":"","locality":"San Francisco","region":"CA","postalCode":"94103","countryCode":"US","firstName":"Atul","lastName":"Phadnis","registrationIpaddr":"206.169.179.202","oidcUserId":"","isDashboardRoleAssignable":"false","isMasheryApiUser":"false","isImmutable":"false","isListingSubscriber":"false","areaStatus":"active","externalId":"","passwdNew":"","lastLogin":""},{"id":"8a8b8e63-60ee-4b58-857b-4358a687d6cc","created":"2014-09-18T15:36:06Z","updated":"2025-01-16T05:26:20Z","username":"cferdinandi","email":"cferdinandi@tibco.com","displayName":"Chris Ferdinandi","uri":"https://mashery.com/123","blog":"https://mashery.com/123","im":"","imsvc":"","phone":"555-555-5555","company":"Mashery","address1":"123 Sesame Street","address2":"","locality":"Boston","region":"MA","postalCode":"12345","countryCode":"US","firstName":"Chris","lastName":"Ferdinandi","registrationIpaddr":"134.134.139.74","oidcUserId":"","isDashboardRoleAssignable":"false","isMasheryApiUser":"false","isImmutable":"false","isListingSubscriber":"false","areaStatus":"active","externalId":"","passwdNew":"","lastLogin":"2020-09-21T20:54:09Z"},{"id":"0b296032-0dd5-4bd8-b1c9-381dfb70509f","created":"2014-04-01T22:32:06Z","updated":"2023-10-04T06:35:52Z","username":"cbeach","email":"cbeach@tibco.com","displayName":"Cheryl","uri":"http://www.mashery.com","blog":"","im":"","imsvc":"","phone":"336-593-3051","company":"TIBCO","address1":"1237 Campbell PO Road","address2":"","locality":"Lawsonville","region":"NC","postalCode":"27022","countryCode":"US","firstName":"Cheryl","lastName":"Beach","registrationIpaddr":"192.55.54.40","oidcUserId":"","isDashboardRoleAssignable":"false","isMasheryApiUser":"false","isImmutable":"false","isListingSubscriber":"false","areaStatus":"active","externalId":"","passwdNew":"","lastLogin":"2020-09-21T13:40:46Z"},{"id":"54bd9388-b92b-499a-af8f-7e093563800b","created":"2014-10-21T18:55:57Z","updated":"2024-12-23T19:48:13Z","username":"dmtracy","email":"dtracy@tibco.com","displayName":"Dan Tracy","uri":"http://www.mashery.com","blog":"http://www.mashery.com","im":"","imsvc":"","phone":"4805599783","company":"Mashery","address1":"717 Market Street","address2":"","locality":"Austin","region":"TX","postalCode":"78750","countryCode":"US","firstName":"Dan","lastName":"Tracy","registrationIpaddr":"70.117.117.46","oidcUserId":"","isDashboardRoleAssignable":"false","isMasheryApiUser":"false","isImmutable":"false","isListingSubscriber":"false","areaStatus":"active","externalId":"","passwdNew":"","lastLogin":"2022-03-18T17:42:50Z"},{"id":"b41bd125-4826-4be4-ba69-a4afb6fc9ab6","created":"2014-07-22T22:10:53Z","updated":"2023-09-12T06:55:24Z","username":"mikejones_Masherysupport","email":"mijones@tibco.com","displayName":"Mike Jones","uri":"http://www.mashery.com","blog":"http://www.mashery.com","im":"","imsvc":"","phone":"0000000000","company":"TIBCO Mashery1","address1":"123 main","address2":"","locality":"san francisco","region":"INTL","postalCode":"94103","countryCode":"US","firstName":"Mike","lastName":"Jones","registrationIpaddr":"192.55.54.38","oidcUserId":"","isDashboardRoleAssignable":"false","isMasheryApiUser":"false","isImmutable":"false","isListingSubscriber":"false","areaStatus":"active","externalId":"","passwdNew":"","lastLogin":"2016-01-27T23:23:58Z"},{"id":"6973144b-cc11-4607-a24a-341d299ccafc","created":"2016-09-07T13:56:40Z","updated":"2016-09-07T13:56:52Z","username":"bjerome2016","email":"jerome.brian1@gmail.com","displayName":"Brian Jerome","uri":"","blog":"","im":"","imsvc":"","phone":"","company":"","address1":"","address2":"","locality":"","region":"","postalCode":"","countryCode":"","firstName":"","lastName":"","registrationIpaddr":"73.68.118.61","oidcUserId":"","isDashboardRoleAssignable":"false","isMasheryApiUser":"false","isImmutable":"false","isListingSubscriber":"false","areaStatus":"active","externalId":"","passwdNew":"","lastLogin":"2016-09-07T13:56:52Z"},{"id":"49a88ec3-7e7d-45fe-9302-86e60b174cd5","created":"2016-09-07T14:08:32Z","updated":"2017-10-03T15:07:21Z","username":"msluyter2016","email":"monica.sluyter@gmail.com","displayName":"mss2016","uri":"","blog":"","im":"","imsvc":"","phone":"","company":"","address1":"","address2":"","locality":"","region":"","postalCode":"","countryCode":"","firstName":"","lastName":"","registrationIpaddr":"140.98.210.243","oidcUserId":"","isDashboardRoleAssignable":"false","isMasheryApiUser":"false","isImmutable":"false","isListingSubscriber":"false","areaStatus":"disabled","externalId":"","passwdNew":"","lastLogin":"2016-09-27T17:43:01Z"},{"id":"b3f266c6-b2be-4640-a905-c76cd009613e","created":"2014-08-18T23:33:15Z","updated":"2023-09-12T06:55:26Z","username":"rkiesler12","email":"rkiesler@tibco.com","displayName":"Roy Kiesler","uri":"http://www.mashery.com","blog":"","im":"","imsvc":"","phone":"(925) 876-6323","company":"TIBCO Software, Inc.","address1":"717 Market Street","address2":"","locality":"San Francisco","region":"CA","postalCode":"94103","countryCode":"","firstName":"Roy","lastName":"Kiesler - Admin","registrationIpaddr":"192.55.54.40","oidcUserId":"","isDashboardRoleAssignable":"false","isMasheryApiUser":"false","isImmutable":"false","isListingSubscriber":"false","areaStatus":"active","externalId":"","passwdNew":"","lastLogin":""},{"id":"36463293-cb54-449a-9c08-c9535a86059f","created":"2016-09-16T14:15:29Z","updated":"2018-04-20T12:08:08Z","username":"zhuj","email":"zhu.j@ieee.org","displayName":"Julie Zhu","uri":"","blog":"","im":"","imsvc":"","phone":"","company":"","address1":"","address2":"","locality":"","region":"","postalCode":"","countryCode":"","firstName":"","lastName":"","registrationIpaddr":"140.98.210.243","oidcUserId":"","isDashboardRoleAssignable":"false","isMasheryApiUser":"false","isImmutable":"false","isListingSubscriber":"false","areaStatus":"active","externalId":"","passwdNew":"","lastLogin":"2018-04-20T12:08:09Z"},{"id":"f5d20152-4c17-4930-90ce-842cffa0a8eb","created":"2016-09-16T19:13:51Z","updated":"2021-01-13T19:26:09Z","username":"msluyterIEEE","email":"m.sluyter@ieee.org","displayName":"msluyterIEEE","uri":"","blog":"","im":"","imsvc":"","phone":"","company":"","address1":"","address2":"","locality":"","region":"","postalCode":"","countryCode":"","firstName":"Monica","lastName":"Sluyter","registrationIpaddr":"140.98.210.243","oidcUserId":"","isDashboardRoleAssignable":"false","isMasheryApiUser":"false","isImmutable":"false","isListingSubscriber":"false","areaStatus":"disabled","externalId":"","passwdNew":"","lastLogin":"2017-08-11T11:38:19Z"},{"id":"e06a672d-a114-41e5-8f72-dd2017e8df43","created":"2016-09-16T19:44:06Z","updated":"2016-09-16T19:44:48Z","username":"test_ieee","email":"suman_upa@yahoo.com","displayName":"test_ieee","uri":"","blog":"","im":"","imsvc":"","phone":"","company":"","address1":"","address2":"","locality":"","region":"","postalCode":"","countryCode":"","firstName":"","lastName":"","registrationIpaddr":"140.98.210.243","oidcUserId":"","isDashboardRoleAssignable":"false","isMasheryApiUser":"false","isImmutable":"false","isListingSubscriber":"false","areaStatus":"active","externalId":"","passwdNew":"","lastLogin":"2016-09-19T17:16:43Z"},{"id":"c1f0e0a9-18b5-41b3-b1be-6a841ee417a5","created":"2014-08-22T18:41:14Z","updated":"2024-12-09T15:32:28Z","username":"yogi.sutar@intel.com","email":"yogesh.sutar@boomi.com","displayName":"yogi","uri":"http://boomi.com","blog":"http://BoomiSupportRocks.com","im":"","imsvc":"","phone":"4084643143","company":"Boomi Cloud API Management","address1":"xxx","address2":"","locality":"SFO","region":"CA","postalCode":"94582","countryCode":"US","firstName":"Yogi","lastName":"Sutar","registrationIpaddr":"134.134.139.76","oidcUserId":"","isDashboardRoleAssignable":"false","isMasheryApiUser":"false","isImmutable":"true","isListingSubscriber":"false","areaStatus":"active","externalId":"","passwdNew":"","lastLogin":"2021-09-21T19:35:22Z"},{"id":"fccb48d0-bb57-4776-be2d-b99a792d6f0f","created":"2015-02-24T16:11:30Z","updated":"2021-01-15T05:49:12Z","username":"bjerome2862","email":"bjerome@tibco.com","displayName":"Brian","uri":"","blog":"","im":"","imsvc":"","phone":"8572637524","company":"Mashery","address1":"","address2":"","locality":"","region":"","postalCode":"","countryCode":"","firstName":"Brian","lastName":"Jerome","registrationIpaddr":"199.19.250.7","oidcUserId":"","isDashboardRoleAssignable":"false","isMasheryApiUser":"true","isImmutable":"false","isListingSubscriber":"false","areaStatus":"active","externalId":"","passwdNew":"","lastLogin":"2016-10-21T13:19:18Z"},{"id":"7d25ad92-aca8-4b18-9195-f96df3150240","created":"2016-08-29T21:02:25Z","updated":"2024-01-11T18:12:23Z","username":"yinying@tibco.com","email":"yinying@tibco.com","displayName":"yingying","uri":"https://www.mashery.com","blog":"","im":"","imsvc":"","phone":"4806263204","company":"TIBCO","address1":"TIBCO","address2":"","locality":"Chapel Hill","region":"ACT","postalCode":"27516","countryCode":"US","firstName":"Ying","lastName":"Wang","registrationIpaddr":"24.106.176.148","oidcUserId":"","isDashboardRoleAssignable":"false","isMasheryApiUser":"true","isImmutable":"false","isListingSubscriber":"false","areaStatus":"active","externalId":"","passwdNew":"","lastLogin":"2017-01-19T19:19:15Z"},{"id":"133edd47-5faa-49aa-bf35-870074741e0c","created":"2015-06-05T16:11:49Z","updated":"2021-11-18T16:46:14Z","username":"Priyanka_S","email":"prsharma@tibco.com","displayName":"Priyanka Sharma","uri":"http://www.mashery.com","blog":"","im":"","imsvc":"","phone":"510-111-1111","company":"Mashery","address1":"Market st","address2":"","locality":"san francisco","region":"ACT","postalCode":"94587","countryCode":"US","firstName":"Sharma","lastName":"Priyanka","registrationIpaddr":"192.55.55.41","oidcUserId":"","isDashboardRoleAssignable":"false","isMasheryApiUser":"false","isImmutable":"true","isListingSubscriber":"false","areaStatus":"active","externalId":"","passwdNew":"","lastLogin":"2020-09-21T14:39:50Z"},{"id":"56153f5e-5bf6-42fe-be27-0f10484c9d5f","created":"2016-10-19T05:40:55Z","updated":"2016-10-19T11:53:36Z","username":"wmischo1","email":"w-mischo@illinois.edu","displayName":"William Mischo","uri":"","blog":"","im":"","imsvc":"","phone":"","company":"","address1":"","address2":"","locality":"","region":"","postalCode":"","countryCode":"","firstName":"","lastName":"","registrationIpaddr":"128.174.44.2","oidcUserId":"","isDashboardRoleAssignable":"false","isMasheryApiUser":"false","isImmutable":"false","isListingSubscriber":"false","areaStatus":"active","externalId":"","passwdNew":"","lastLogin":"2016-12-06T10:13:57Z"},{"id":"45d833d9-e615-4ad0-87fa-6435f9b15f22","created":"2016-10-19T18:30:10Z","updated":"2016-11-13T12:42:19Z","username":"vvdwivedi","email":"vvdwivedi@gmail.com","displayName":"Vivek V Dwivedi","uri":"","blog":"","im":"","imsvc":"","phone":"","company":"","address1":"","address2":"","locality":"","region":"","postalCode":"","countryCode":"","firstName":"","lastName":"","registrationIpaddr":"43.224.156.107","oidcUserId":"","isDashboardRoleAssignable":"false","isMasheryApiUser":"false","isImmutable":"false","isListingSubscriber":"false","areaStatus":"active","externalId":"","passwdNew":"","lastLogin":"2016-11-13T12:42:30Z"},{"id":"1959da12-ba10-45d6-8aac-191375938884","created":"2016-10-21T07:07:03Z","updated":"2016-10-24T12:27:43Z","username":"daimlercir","email":"informationresources@daimler.com","displayName":"Corporate Information Resources, Daimler AG","uri":"","blog":"","im":"","imsvc":"","phone":"","company":"","address1":"","address2":"","locality":"","region":"","postalCode":"","countryCode":"","firstName":"","lastName":"","registrationIpaddr":"141.113.11.11","oidcUserId":"","isDashboardRoleAssignable":"false","isMasheryApiUser":"false","isImmutable":"false","isListingSubscriber":"false","areaStatus":"active","externalId":"","passwdNew":"","lastLogin":"2017-01-18T16:25:02Z"},{"id":"438a1bf5-a97a-4b92-a3b5-a9d5ce098f18","created":"2016-10-31T20:20:33Z","updated":"2016-11-01T17:56:20Z","username":"Nokiabeta","email":"Robert.Waldstein@nokia.com","displayName":"Nokia1","uri":"","blog":"","im":"","imsvc":"AIM","phone":"(908) 582-6171","company":"Nokia","address1":"","address2":"","locality":"","region":"","postalCode":"","countryCode":"US","firstName":"Bob","lastName":"Waldstein","registrationIpaddr":"","oidcUserId":"","isDashboardRoleAssignable":"false","isMasheryApiUser":"false","isImmutable":"false","isListingSubscriber":"false","areaStatus":"active","externalId":"","passwdNew":"","lastLogin":"2016-11-01T17:55:21Z"},{"id":"ff972db9-e97e-4025-ab72-cbd2bd010145","created":"2016-11-01T13:09:12Z","updated":"2016-11-01T13:09:12Z","username":"Stanfordbeta","email":"helenj@stanford.edu","displayName":"Stanford1","uri":"","blog":"","im":"","imsvc":"AIM","phone":" 650.725.1012","company":"","address1":"","address2":"","locality":"","region":"","postalCode":"","countryCode":"US","firstName":"Helen","lastName":"Josephine","registrationIpaddr":"","oidcUserId":"","isDashboardRoleAssignable":"false","isMasheryApiUser":"false","isImmutable":"false","isListingSubscriber":"false","areaStatus":"active","externalId":"","passwdNew":"","lastLogin":"2016-12-09T21:18:05Z"},{"id":"1cb6cc80-cdb7-4d33-8492-797283ecd31b","created":"2016-11-01T22:23:24Z","updated":"2018-05-29T09:13:32Z","username":"aalshareef","email":"aalshareef@uottawa.ca","displayName":"ABDULRHMAN ","uri":"","blog":"","im":"","imsvc":"","phone":"","company":"","address1":"","address2":"","locality":"","region":"","postalCode":"","countryCode":"","firstName":"","lastName":"","registrationIpaddr":"99.239.113.165","oidcUserId":"","isDashboardRoleAssignable":"false","isMasheryApiUser":"false","isImmutable":"false","isListingSubscriber":"false","areaStatus":"active","externalId":"","passwdNew":"","lastLogin":"2018-05-29T09:13:32Z"},{"id":"de6c076f-1ade-447e-989a-5400eef4e6f3","created":"2016-01-20T16:15:56Z","updated":"2023-04-19T20:54:08Z","username":"drmashup","email":"dravita@tibco.com","displayName":"Domenic Ravita","uri":"https://www.linkedin.com/in/domenic/","blog":"https://twitter.com/DomenicRavita","im":"","imsvc":"","phone":"404-386-3361","company":"TIBCO Software","address1":"5555 Glenridge Connector, Suite 100","address2":"","locality":"Atlanta","region":"GA","postalCode":"30342","countryCode":"","firstName":"Domenic","lastName":"Ravita","registrationIpaddr":"50.167.208.229","oidcUserId":"","isDashboardRoleAssignable":"false","isMasheryApiUser":"true","isImmutable":"false","isListingSubscriber":"false","areaStatus":"active","externalId":"","passwdNew":"","lastLogin":"2016-11-03T14:41:00Z"},{"id":"485a6e60-6c6f-4e4a-95e4-041c590f8d4f","created":"2014-01-07T22:55:09Z","updated":"2024-12-23T19:48:18Z","username":"rgurusamy@mashery.com","email":"rgurusam@tibco.com","displayName":"Raji","uri":"http://abc.in","blog":"http://masherycom","im":"","imsvc":"","phone":"1111111111","company":"Mashery TIBCO","address1":"123 market street","address2":"","locality":"san francisco","region":"INTL","postalCode":"94103","countryCode":"US","firstName":"Raji","lastName":"Guru","registrationIpaddr":"134.134.139.70","oidcUserId":"","isDashboardRoleAssignable":"false","isMasheryApiUser":"false","isImmutable":"false","isListingSubscriber":"false","areaStatus":"active","externalId":"","passwdNew":"","lastLogin":"2023-02-02T17:23:57Z"},{"id":"dff9b8de-e04e-4b2a-9604-85e957387548","created":"2016-11-05T14:12:20Z","updated":"2016-11-05T14:12:47Z","username":"snagrajn","email":"s.nagarajan@ieee.org","displayName":"S Nagarajan","uri":"","blog":"","im":"","imsvc":"","phone":"","company":"","address1":"","address2":"","locality":"","region":"","postalCode":"","countryCode":"","firstName":"","lastName":"","registrationIpaddr":"106.51.140.10","oidcUserId":"","isDashboardRoleAssignable":"false","isMasheryApiUser":"false","isImmutable":"false","isListingSubscriber":"false","areaStatus":"active","externalId":"","passwdNew":"","lastLogin":"2016-11-07T01:07:11Z"},{"id":"5c0752ca-ce06-47db-b5de-668be11ed7bb","created":"2016-11-09T08:48:50Z","updated":"2016-11-09T19:50:05Z","username":"wmischo2","email":"w-mischo@illinois.edu","displayName":"William Mischo","uri":"","blog":"","im":"","imsvc":"","phone":"","company":"","address1":"","address2":"","locality":"","region":"","postalCode":"","countryCode":"","firstName":"","lastName":"","registrationIpaddr":"128.174.44.2","oidcUserId":"","isDashboardRoleAssignable":"false","isMasheryApiUser":"false","isImmutable":"false","isListingSubscriber":"false","areaStatus":"active","externalId":"","passwdNew":"","lastLogin":""},{"id":"0890ded5-e41e-40cd-ba0b-8cd13deb62cd","created":"2016-11-14T06:47:25Z","updated":"2016-11-14T12:56:12Z","username":"wmischo3","email":"w-mischo@illinois.edu","displayName":"William Mischo","uri":"","blog":"","im":"","imsvc":"","phone":"","company":"","address1":"","address2":"","locality":"","region":"","postalCode":"","countryCode":"","firstName":"","lastName":"","registrationIpaddr":"128.174.44.2","oidcUserId":"","isDashboardRoleAssignable":"false","isMasheryApiUser":"false","isImmutable":"false","isListingSubscriber":"false","areaStatus":"active","externalId":"","passwdNew":"","lastLogin":""},{"id":"3f7faa46-4904-4b7e-afe0-3e4919253414","created":"2016-11-16T09:14:18Z","updated":"2016-11-16T09:14:43Z","username":"bhavani.krishnan","email":"bhavani.krishnan@digiapt.com","displayName":"Bhavani","uri":"","blog":"","im":"","imsvc":"","phone":"","company":"","address1":"","address2":"","locality":"","region":"","postalCode":"","countryCode":"","firstName":"","lastName":"","registrationIpaddr":"106.51.30.34","oidcUserId":"","isDashboardRoleAssignable":"false","isMasheryApiUser":"false","isImmutable":"false","isListingSubscriber":"false","areaStatus":"active","externalId":"","passwdNew":"","lastLogin":"2017-02-10T12:05:07Z"},{"id":"c191e3da-6a20-4730-815a-d5f661a54c91","created":"2016-11-21T13:36:10Z","updated":"2016-11-21T13:36:32Z","username":"jbeck17","email":"jbeck17@ycp.edu","displayName":"Joe Beck","uri":"","blog":"","im":"","imsvc":"","phone":"","company":"","address1":"","address2":"","locality":"","region":"","postalCode":"","countryCode":"","firstName":"","lastName":"","registrationIpaddr":"8.20.70.243","oidcUserId":"","isDashboardRoleAssignable":"false","isMasheryApiUser":"false","isImmutable":"false","isListingSubscriber":"false","areaStatus":"active","externalId":"","passwdNew":"","lastLogin":"2016-11-21T13:38:07Z"},{"id":"4459bef2-8ac7-46a3-90d5-d8bfecdd64a0","created":"2016-11-30T22:18:30Z","updated":"2016-11-30T22:25:43Z","username":"klgrise_tester","email":"k.l.grise@ieee.org","displayName":"K Grise tester","uri":"","blog":"","im":"","imsvc":"","phone":"","company":"","address1":"","address2":"","locality":"","region":"","postalCode":"","countryCode":"","firstName":"","lastName":"","registrationIpaddr":"140.98.210.243","oidcUserId":"","isDashboardRoleAssignable":"false","isMasheryApiUser":"false","isImmutable":"false","isListingSubscriber":"false","areaStatus":"active","externalId":"","passwdNew":"","lastLogin":"2016-12-08T13:53:40Z"},{"id":"ecd36f0c-eaeb-49d5-90c9-e8ff5f74ae8b","created":"2016-12-24T07:13:31Z","updated":"2016-12-24T07:13:50Z","username":"indrajra","email":"rajesh.rathnam@yahoo.co.in","displayName":"Rajesh Rathnam","uri":"","blog":"","im":"","imsvc":"","phone":"","company":"","address1":"","address2":"","locality":"","region":"","postalCode":"","countryCode":"","firstName":"","lastName":"","registrationIpaddr":"202.3.121.4","oidcUserId":"","isDashboardRoleAssignable":"false","isMasheryApiUser":"false","isImmutable":"false","isListingSubscriber":"false","areaStatus":"active","externalId":"","passwdNew":"","lastLogin":"2016-12-28T05:11:45Z"},{"id":"023748ca-e96c-467f-b841-434548ba1909","created":"2017-01-10T09:06:17Z","updated":"2017-07-28T07:35:43Z","username":"noggle","email":"lvt@noggle.online","displayName":"noggle","uri":"","blog":"","im":"","imsvc":"","phone":"","company":"","address1":"","address2":"","locality":"","region":"","postalCode":"","countryCode":"","firstName":"","lastName":"","registrationIpaddr":"95.91.225.89","oidcUserId":"","isDashboardRoleAssignable":"false","isMasheryApiUser":"false","isImmutable":"false","isListingSubscriber":"false","areaStatus":"active","externalId":"","passwdNew":"","lastLogin":"2017-07-28T07:38:02Z"},{"id":"b7e47d17-29d6-4e78-a0b1-fd043d62b3af","created":"2014-04-01T22:32:26Z","updated":"2023-01-19T23:03:29Z","username":"kincy","email":"kclark@tibco.com","displayName":"Kincy","uri":"http://www.mashery.com","blog":"","im":"","imsvc":"","phone":"6502736656","company":"Mashery","address1":"717 Market Street","address2":"","locality":"San Francisco ","region":"CA","postalCode":"94010","countryCode":"US","firstName":"Kincy","lastName":"Clark","registrationIpaddr":"206.169.179.202","oidcUserId":"","isDashboardRoleAssignable":"false","isMasheryApiUser":"false","isImmutable":"false","isListingSubscriber":"false","areaStatus":"active","externalId":"","passwdNew":"","lastLogin":""},{"id":"420ad8b4-cad1-4b38-b9bb-b5ab350b03c7","created":"2014-08-07T14:31:39Z","updated":"2015-07-20T15:30:37Z","username":"Suman_ieee","email":"s.upadhyay@ieee.org","displayName":"Suman","uri":"","blog":"","im":"","imsvc":"","phone":"","company":"","address1":"","address2":"","locality":"","region":"","postalCode":"","countryCode":"","firstName":"","lastName":"","registrationIpaddr":"140.98.210.243","oidcUserId":"","isDashboardRoleAssignable":"false","isMasheryApiUser":"false","isImmutable":"false","isListingSubscriber":"false","areaStatus":"active","externalId":"","passwdNew":"","lastLogin":"2017-01-11T21:07:13Z"},{"id":"12fc6857-3c5e-49f2-9d53-56bc8416081a","created":"2017-01-19T15:37:53Z","updated":"2017-01-19T19:22:27Z","username":"SumanUpadhyay","email":"s.upadhyay@ieee.org","displayName":"Suman","uri":"","blog":"","im":"","imsvc":"","phone":"","company":"","address1":"","address2":"","locality":"","region":"","postalCode":"","countryCode":"","firstName":"","lastName":"","registrationIpaddr":"140.98.210.243","oidcUserId":"","isDashboardRoleAssignable":"false","isMasheryApiUser":"false","isImmutable":"false","isListingSubscriber":"false","areaStatus":"active","externalId":"","passwdNew":"","lastLogin":"2018-03-05T14:45:58Z"},{"id":"4cd181e8-c9ee-4c56-b6a8-b8e472ba364b","created":"2015-07-17T05:06:43Z","updated":"2023-10-04T15:12:25Z","username":"sumit.ojha","email":"sumit.ojha@gslab.com","displayName":"sumit ojha","uri":"https://www.mashery.com","blog":"https://www.mashery.com","im":"","imsvc":"","phone":"+91-9405868116","company":"Mashery","address1":"Baner","address2":"gs","locality":"pune","region":"INTL","postalCode":"411045","countryCode":"IN","firstName":"sumit","lastName":"ojha","registrationIpaddr":"115.113.153.34","oidcUserId":"","isDashboardRoleAssignable":"false","isMasheryApiUser":"true","isImmutable":"false","isListingSubscriber":"false","areaStatus":"active","externalId":"","passwdNew":"","lastLogin":"2018-01-04T05:58:11Z"},{"id":"a4108b8b-ca21-48c1-9d13-0d99ad665de0","created":"2017-02-09T22:48:32Z","updated":"2017-02-09T22:49:27Z","username":"spellvexit","email":"ealawson@qualcomm.com","displayName":"spellvexit","uri":"","blog":"","im":"","imsvc":"","phone":"","company":"","address1":"","address2":"","locality":"","region":"","postalCode":"","countryCode":"","firstName":"","lastName":"","registrationIpaddr":"199.106.103.56","oidcUserId":"","isDashboardRoleAssignable":"false","isMasheryApiUser":"false","isImmutable":"false","isListingSubscriber":"false","areaStatus":"active","externalId":"","passwdNew":"","lastLogin":"2017-02-13T17:59:20Z"},{"id":"94799f30-de1b-47d6-8f75-6a135980e13c","created":"2017-03-10T14:11:01Z","updated":"2017-03-10T14:11:01Z","username":"IEEE Operations Contact test","email":"msluyter89@gmail.com","displayName":"IEEE Ops Contact","uri":"","blog":"","im":"","imsvc":"AIM","phone":"","company":"IEEE","address1":"","address2":"","locality":"","region":"","postalCode":"","countryCode":"US","firstName":"IEEE IT Operations ","lastName":"Please contact them in case of an outage","registrationIpaddr":"","oidcUserId":"","isDashboardRoleAssignable":"false","isMasheryApiUser":"false","isImmutable":"false","isListingSubscriber":"false","areaStatus":"active","externalId":"","passwdNew":"","lastLogin":""},{"id":"3647f860-561b-4110-841d-bd0ba99c56c1","created":"2017-03-28T16:39:09Z","updated":"2017-03-28T16:39:21Z","username":"BlazeAxtrius","email":"tsakovm@cardiff.ac.uk","displayName":"Mihail","uri":"","blog":"","im":"","imsvc":"","phone":"","company":"","address1":"","address2":"","locality":"","region":"","postalCode":"","countryCode":"","firstName":"","lastName":"","registrationIpaddr":"82.9.237.138","oidcUserId":"","isDashboardRoleAssignable":"false","isMasheryApiUser":"false","isImmutable":"false","isListingSubscriber":"false","areaStatus":"active","externalId":"","passwdNew":"","lastLogin":"2017-03-31T10:23:06Z"},{"id":"7532201f-aba7-435e-a72d-718dccfb8e29","created":"2017-04-10T11:18:16Z","updated":"2017-04-10T11:18:36Z","username":"Donmeza","email":"stephanedeschamps39@yahoo.com","displayName":"Donmeza","uri":"","blog":"","im":"","imsvc":"","phone":"","company":"","address1":"","address2":"","locality":"","region":"","postalCode":"","countryCode":"","firstName":"","lastName":"","registrationIpaddr":"141.7.120.209","oidcUserId":"","isDashboardRoleAssignable":"false","isMasheryApiUser":"false","isImmutable":"false","isListingSubscriber":"false","areaStatus":"active","externalId":"","passwdNew":"","lastLogin":"2017-04-10T11:18:36Z"},{"id":"26ab3692-cd32-4ac4-9e02-1a79f6024a1b","created":"2017-04-17T22:48:14Z","updated":"2017-05-11T17:38:50Z","username":"fast_luca","email":"fast_luca@hotmail.it","displayName":"fast_luca","uri":"","blog":"","im":"","imsvc":"","phone":"","company":"","address1":"","address2":"","locality":"","region":"","postalCode":"","countryCode":"","firstName":"","lastName":"","registrationIpaddr":"79.43.4.130","oidcUserId":"","isDashboardRoleAssignable":"false","isMasheryApiUser":"false","isImmutable":"false","isListingSubscriber":"false","areaStatus":"active","externalId":"","passwdNew":"","lastLogin":"2017-05-14T10:40:58Z"},{"id":"d80e82cb-adb6-4098-8628-2b59405df87a","created":"2017-04-19T19:52:23Z","updated":"2017-05-12T14:21:41Z","username":"sgupta1112","email":"sgupta@cs.uoregon.edu","displayName":"Shweta","uri":"","blog":"","im":"","imsvc":"","phone":"","company":"","address1":"","address2":"","locality":"","region":"","postalCode":"","countryCode":"","firstName":"","lastName":"","registrationIpaddr":"128.223.223.74","oidcUserId":"","isDashboardRoleAssignable":"false","isMasheryApiUser":"false","isImmutable":"false","isListingSubscriber":"false","areaStatus":"disabled","externalId":"","passwdNew":"","lastLogin":"2017-04-20T23:58:45Z"},{"id":"b4345d67-4ec8-4339-aa0e-cd383751b52a","created":"2013-10-07T08:24:09Z","updated":"2024-09-25T22:30:06Z","username":"ChristianO","email":"coberle@tibco.com","displayName":"ChristianO","uri":"http://www.tibco.com","blog":"","im":"","imsvc":"","phone":"000-000-0000","company":"TIBCO","address1":"De Gaulle","address2":"","locality":"Saint Gratien","region":"Ile de France","postalCode":"95210","countryCode":"","firstName":"Christian","lastName":"OBERLE","registrationIpaddr":"79.87.215.153","oidcUserId":"","isDashboardRoleAssignable":"false","isMasheryApiUser":"false","isImmutable":"false","isListingSubscriber":"false","areaStatus":"active","externalId":"","passwdNew":"","lastLogin":""},{"id":"63989158-e6b2-4b67-8e77-cd38e0bd8060","created":"2017-04-24T18:08:10Z","updated":"2017-04-24T18:48:18Z","username":"sgupta_uo","email":"sgupta@uoregon.edu","displayName":"Shweta","uri":"","blog":"","im":"","imsvc":"","phone":"","company":"","address1":"","address2":"","locality":"","region":"","postalCode":"","countryCode":"","firstName":"","lastName":"","registrationIpaddr":"184.171.60.212","oidcUserId":"","isDashboardRoleAssignable":"false","isMasheryApiUser":"false","isImmutable":"false","isListingSubscriber":"false","areaStatus":"active","externalId":"","passwdNew":"","lastLogin":"2017-04-24T18:57:02Z"},{"id":"283177ac-ff6d-462c-bd97-57a33d8a1132","created":"2017-05-09T22:52:39Z","updated":"2017-05-10T14:36:32Z","username":"a.alshareef","email":"aalsh011@uottaw.ca","displayName":"Alshareef","uri":"","blog":"","im":"","imsvc":"","phone":"","company":"","address1":"","address2":"","locality":"","region":"","postalCode":"","countryCode":"","firstName":"","lastName":"","registrationIpaddr":"76.69.154.76","oidcUserId":"","isDashboardRoleAssignable":"false","isMasheryApiUser":"false","isImmutable":"false","isListingSubscriber":"false","areaStatus":"disabled","externalId":"","passwdNew":"","lastLogin":""},{"id":"e5172f49-6096-4c33-9603-d9a623b02afd","created":"2017-05-09T22:55:15Z","updated":"2017-05-09T23:07:27Z","username":"a.ashareef","email":"aalsh011@uottawa.ca","displayName":"Alshareef","uri":"","blog":"","im":"","imsvc":"","phone":"","company":"","address1":"","address2":"","locality":"","region":"","postalCode":"","countryCode":"","firstName":"","lastName":"","registrationIpaddr":"76.69.154.76","oidcUserId":"","isDashboardRoleAssignable":"false","isMasheryApiUser":"false","isImmutable":"false","isListingSubscriber":"false","areaStatus":"active","externalId":"","passwdNew":"","lastLogin":"2017-05-11T15:05:06Z"},{"id":"de19ec8b-3d11-4371-bbf1-c86a8a308a3e","created":"2017-05-09T23:00:10Z","updated":"2017-05-10T14:35:55Z","username":"amshareef","email":"ams.sa2005@gmail.com","displayName":"alshareef","uri":"","blog":"","im":"","imsvc":"","phone":"","company":"","address1":"","address2":"","locality":"","region":"","postalCode":"","countryCode":"","firstName":"","lastName":"","registrationIpaddr":"76.69.154.76","oidcUserId":"","isDashboardRoleAssignable":"false","isMasheryApiUser":"false","isImmutable":"false","isListingSubscriber":"false","areaStatus":"disabled","externalId":"","passwdNew":"","lastLogin":"2017-05-10T14:03:36Z"},{"id":"423a6c2a-d536-4dc5-8516-4157442c398d","created":"2013-10-22T11:54:26Z","updated":"2013-10-22T11:54:53Z","username":"ashareef","email":"ashareef@virtus-it.com","displayName":"arif shareef","uri":"","blog":"","im":"","imsvc":"","phone":"9949772582","company":"IT","address1":"","address2":"","locality":"","region":"","postalCode":"","countryCode":"","firstName":"arif","lastName":"sharee","registrationIpaddr":"183.82.55.50","oidcUserId":"","isDashboardRoleAssignable":"false","isMasheryApiUser":"false","isImmutable":"false","isListingSubscriber":"false","areaStatus":"active","externalId":"","passwdNew":"","lastLogin":""},{"id":"ed110b5c-ac26-42f1-b696-4c2f695f784a","created":"2017-05-10T18:07:40Z","updated":"2017-05-10T18:07:59Z","username":"brnorris03","email":"brnorris03@gmail.com","displayName":"Boyana Norris","uri":"","blog":"","im":"","imsvc":"","phone":"","company":"","address1":"","address2":"","locality":"","region":"","postalCode":"","countryCode":"","firstName":"","lastName":"","registrationIpaddr":"128.223.223.92","oidcUserId":"","isDashboardRoleAssignable":"false","isMasheryApiUser":"false","isImmutable":"false","isListingSubscriber":"false","areaStatus":"active","externalId":"","passwdNew":"","lastLogin":"2017-05-10T18:07:59Z"},{"id":"c4594eba-139c-4a6d-a6a6-6dca9a7611ba","created":"2017-06-02T17:24:09Z","updated":"2017-06-02T17:25:39Z","username":"brianpratz","email":"brianpratz@gmail.com","displayName":"Brian","uri":"","blog":"","im":"","imsvc":"","phone":"","company":"","address1":"","address2":"","locality":"","region":"","postalCode":"","countryCode":"","firstName":"","lastName":"","registrationIpaddr":"140.98.210.243","oidcUserId":"","isDashboardRoleAssignable":"false","isMasheryApiUser":"false","isImmutable":"false","isListingSubscriber":"false","areaStatus":"active","externalId":"","passwdNew":"","lastLogin":""},{"id":"68d60d09-4d79-46ce-82b1-5417ffb3e49f","created":"2017-06-06T13:35:28Z","updated":"2017-06-06T13:36:16Z","username":"francesco moschella","email":"francesco.moschella@st.com","displayName":"Francesco Moschella","uri":"","blog":"","im":"","imsvc":"","phone":"","company":"","address1":"","address2":"","locality":"","region":"","postalCode":"","countryCode":"","firstName":"","lastName":"","registrationIpaddr":"165.225.86.51","oidcUserId":"","isDashboardRoleAssignable":"false","isMasheryApiUser":"false","isImmutable":"false","isListingSubscriber":"false","areaStatus":"active","externalId":"","passwdNew":"","lastLogin":"2018-03-28T07:36:27Z"},{"id":"8a587a56-98b8-42c0-a821-64396c3fe966","created":"2015-07-17T04:55:49Z","updated":"2021-02-25T14:13:24Z","username":"shweta.gujarathi","email":"shgujara@tibco-support.com","displayName":"Shweta Gujarathi","uri":"http://www.myexample.com","blog":"","im":"","imsvc":"","phone":"7387433610","company":"shweta gujarathi","address1":"Baner","address2":"","locality":"Baner","region":"INTL","postalCode":"411045","countryCode":"IN","firstName":"Shweta","lastName":"Gujarathi","registrationIpaddr":"182.72.78.122","oidcUserId":"","isDashboardRoleAssignable":"false","isMasheryApiUser":"true","isImmutable":"false","isListingSubscriber":"false","areaStatus":"active","externalId":"","passwdNew":"","lastLogin":"2017-06-07T06:54:46Z"},{"id":"77c3ae38-e71f-446a-88a6-82ff7bab0d24","created":"2015-09-30T20:31:21Z","updated":"2020-04-17T08:52:57Z","username":"ravikrishnan","email":"rkrishna@tibco.com","displayName":"Ravi Krishnan","uri":"http://tibco.com","blog":"","im":"","imsvc":"","phone":"6503871548","company":"TIBCO SOFTWARE INC","address1":"","address2":"","locality":"","region":"","postalCode":"","countryCode":"","firstName":"Ravi","lastName":"Krishnan","registrationIpaddr":"","oidcUserId":"","isDashboardRoleAssignable":"false","isMasheryApiUser":"true","isImmutable":"false","isListingSubscriber":"false","areaStatus":"active","externalId":"","passwdNew":"","lastLogin":"2017-06-12T22:17:57Z"},{"id":"75ba0e9f-3072-4527-8999-1326df268a80","created":"2017-06-09T16:41:33Z","updated":"2017-06-09T16:41:51Z","username":"Roberto91","email":"r.derobertis4@studenti.uniba.it","displayName":"Roberto91","uri":"","blog":"","im":"","imsvc":"","phone":"","company":"","address1":"","address2":"","locality":"","region":"","postalCode":"","countryCode":"","firstName":"","lastName":"","registrationIpaddr":"193.204.187.156","oidcUserId":"","isDashboardRoleAssignable":"false","isMasheryApiUser":"false","isImmutable":"false","isListingSubscriber":"false","areaStatus":"active","externalId":"","passwdNew":"","lastLogin":"2017-06-10T10:08:49Z"},{"id":"cb4da680-e820-4a88-879a-7fa52ddbcc57","created":"2017-06-17T23:21:41Z","updated":"2017-08-31T19:44:36Z","username":"leocairos","email":"leocairos@gmail.com","displayName":"leocairos","uri":"http://rdlsc.com","blog":"http://rdlsc.com","im":"","imsvc":"","phone":"+55 77 9.9956-7462","company":"Master Student","address1":"","address2":"","locality":"","region":"","postalCode":"","countryCode":"","firstName":"","lastName":"","registrationIpaddr":"187.127.197.98","oidcUserId":"","isDashboardRoleAssignable":"false","isMasheryApiUser":"false","isImmutable":"false","isListingSubscriber":"false","areaStatus":"active","externalId":"","passwdNew":"","lastLogin":"2018-02-20T17:04:00Z"},{"id":"ff193b4c-63f8-4055-a8e2-31a38d386a40","created":"2017-02-27T23:50:41Z","updated":"2024-12-24T04:20:15Z","username":"agolwalk","email":"agolwalk@tibco.com","displayName":"Ankit","uri":"http://www.tibco.com/","blog":"","im":"","imsvc":"","phone":"+18582264635","company":"TIBCO Mashery","address1":"575 Market Street","address2":"","locality":"San Francisco","region":"CA","postalCode":"94105","countryCode":"US","firstName":"Ankit","lastName":"Golwalkar","registrationIpaddr":"206.121.86.174","oidcUserId":"","isDashboardRoleAssignable":"false","isMasheryApiUser":"true","isImmutable":"true","isListingSubscriber":"false","areaStatus":"active","externalId":"","passwdNew":"","lastLogin":"2020-06-19T22:00:35Z"},{"id":"29881788-8769-4c80-85ae-b65725a1e3ce","created":"2017-06-09T19:29:43Z","updated":"2017-06-09T19:29:43Z","username":"scottro+trial@gmail.com","email":"scottro+trial@gmail.com","displayName":"Eval777088 Admin","uri":"","blog":"","im":"","imsvc":"","phone":"","company":"TIBCO - this is a test, no need to contact me","address1":"","address2":"","locality":"","region":"","postalCode":"","countryCode":"","firstName":"scott","lastName":"farnsworth","registrationIpaddr":"","oidcUserId":"","isDashboardRoleAssignable":"false","isMasheryApiUser":"false","isImmutable":"false","isListingSubscriber":"false","areaStatus":"active","externalId":"","passwdNew":"","lastLogin":"2017-06-22T20:55:58Z"},{"id":"5e53505d-d406-48ae-9ff1-4d9ee88d0949","created":"2017-07-14T20:40:27Z","updated":"2017-07-14T20:41:11Z","username":"fanchyna","email":"fanchyna@gmail.com","displayName":"Jian Wu","uri":"","blog":"","im":"","imsvc":"","phone":"","company":"","address1":"","address2":"","locality":"","region":"","postalCode":"","countryCode":"","firstName":"","lastName":"","registrationIpaddr":"104.39.193.83","oidcUserId":"","isDashboardRoleAssignable":"false","isMasheryApiUser":"false","isImmutable":"false","isListingSubscriber":"false","areaStatus":"active","externalId":"","passwdNew":"","lastLogin":"2017-07-14T20:41:11Z"},{"id":"ad06efdd-67b1-45ce-bfcd-dd5111b4a3c0","created":"2017-07-19T00:15:34Z","updated":"2017-07-19T00:15:55Z","username":"kitauchi_shinji","email":"kitauchi_shinji@cyberdyne.jp","displayName":"Kitauchi Shinji","uri":"","blog":"","im":"","imsvc":"","phone":"","company":"","address1":"","address2":"","locality":"","region":"","postalCode":"","countryCode":"","firstName":"","lastName":"","registrationIpaddr":"103.61.151.1","oidcUserId":"","isDashboardRoleAssignable":"false","isMasheryApiUser":"false","isImmutable":"false","isListingSubscriber":"false","areaStatus":"active","externalId":"","passwdNew":"","lastLogin":"2017-07-19T00:15:55Z"},{"id":"a6cf0698-a18c-453f-9260-d861fa9b81c3","created":"2017-07-19T15:04:58Z","updated":"2017-07-19T15:06:12Z","username":"CarolXu","email":"xk411128@dal.ca","displayName":"CarolXu","uri":"","blog":"","im":"","imsvc":"","phone":"","company":"","address1":"","address2":"","locality":"","region":"","postalCode":"","countryCode":"","firstName":"","lastName":"","registrationIpaddr":"129.173.213.66","oidcUserId":"","isDashboardRoleAssignable":"false","isMasheryApiUser":"false","isImmutable":"false","isListingSubscriber":"false","areaStatus":"active","externalId":"","passwdNew":"","lastLogin":"2017-07-28T19:59:43Z"},{"id":"9b352c7b-9465-4c22-99aa-38943d891616","created":"2017-07-20T08:10:16Z","updated":"2017-07-25T18:03:55Z","username":"Advocates123","email":"pp1@talwaradvocates.com","displayName":"Advocates123","uri":"","blog":"","im":"","imsvc":"","phone":"","company":"","address1":"","address2":"","locality":"","region":"","postalCode":"","countryCode":"","firstName":"","lastName":"","registrationIpaddr":"220.227.233.29","oidcUserId":"","isDashboardRoleAssignable":"false","isMasheryApiUser":"false","isImmutable":"false","isListingSubscriber":"false","areaStatus":"disabled","externalId":"","passwdNew":"","lastLogin":""},{"id":"6c8092de-0e17-449a-ad66-dd6ca60f8433","created":"2017-07-20T08:20:18Z","updated":"2017-07-25T18:03:50Z","username":"Advocates12","email":"prosecution@talwaradvocates.com","displayName":"Advocates12","uri":"","blog":"","im":"","imsvc":"","phone":"","company":"","address1":"","address2":"","locality":"","region":"","postalCode":"","countryCode":"","firstName":"","lastName":"","registrationIpaddr":"220.227.233.29","oidcUserId":"","isDashboardRoleAssignable":"false","isMasheryApiUser":"false","isImmutable":"false","isListingSubscriber":"false","areaStatus":"disabled","externalId":"","passwdNew":"","lastLogin":"2017-07-20T08:20:35Z"},{"id":"de373d71-2a84-4a39-9527-2def09471ebd","created":"2017-07-23T02:32:11Z","updated":"2017-07-23T02:32:38Z","username":"gabyquiles","email":"gaby.quiles@gmail.com","displayName":"Gaby Quiles","uri":"","blog":"","im":"","imsvc":"","phone":"","company":"","address1":"","address2":"","locality":"","region":"","postalCode":"","countryCode":"","firstName":"","lastName":"","registrationIpaddr":"97.96.72.229","oidcUserId":"","isDashboardRoleAssignable":"false","isMasheryApiUser":"false","isImmutable":"false","isListingSubscriber":"false","areaStatus":"active","externalId":"","passwdNew":"","lastLogin":"2017-07-23T02:32:38Z"},{"id":"60b07da3-ad1a-4942-b90c-6dab2a0d6c7c","created":"2017-07-25T15:23:14Z","updated":"2017-07-25T15:31:54Z","username":"seagatemn","email":"tracy.m.altendorfer@seagate.com","displayName":"Seagate","uri":"","blog":"","im":"","imsvc":"","phone":"","company":"","address1":"","address2":"","locality":"","region":"","postalCode":"","countryCode":"","firstName":"","lastName":"","registrationIpaddr":"192.55.2.36","oidcUserId":"","isDashboardRoleAssignable":"false","isMasheryApiUser":"false","isImmutable":"false","isListingSubscriber":"false","areaStatus":"active","externalId":"","passwdNew":"","lastLogin":"2017-10-12T15:56:24Z"},{"id":"3d27f107-4e97-4837-a91b-3b14fd361985","created":"2017-07-25T15:49:30Z","updated":"2017-07-25T15:49:54Z","username":"eresources@scu.edu","email":"eresources@scu.edu","displayName":"eresources","uri":"","blog":"","im":"","imsvc":"","phone":"","company":"","address1":"","address2":"","locality":"","region":"","postalCode":"","countryCode":"","firstName":"","lastName":"","registrationIpaddr":"129.210.14.163","oidcUserId":"","isDashboardRoleAssignable":"false","isMasheryApiUser":"false","isImmutable":"false","isListingSubscriber":"false","areaStatus":"active","externalId":"","passwdNew":"","lastLogin":"2017-07-25T15:49:54Z"},{"id":"5cc4c15c-4674-4356-bc77-8fabb386028e","created":"2017-07-25T18:14:43Z","updated":"2017-07-25T18:15:18Z","username":"salexanderson@cencoast.com","email":"salexanderson@cencoast.com","displayName":"stevenal","uri":"","blog":"","im":"","imsvc":"","phone":"","company":"","address1":"","address2":"","locality":"","region":"","postalCode":"","countryCode":"","firstName":"","lastName":"","registrationIpaddr":"206.192.233.6","oidcUserId":"","isDashboardRoleAssignable":"false","isMasheryApiUser":"false","isImmutable":"false","isListingSubscriber":"false","areaStatus":"active","externalId":"","passwdNew":"","lastLogin":"2017-07-25T18:15:18Z"},{"id":"fa723c50-d134-4fee-9c71-c5c52dee87d8","created":"2017-07-25T18:27:49Z","updated":"2017-07-25T18:28:23Z","username":"greg.whitney@polymtl.ca","email":"greg.whitney@polymtl.ca","displayName":"Greg Whitney","uri":"","blog":"","im":"","imsvc":"","phone":"","company":"","address1":"","address2":"","locality":"","region":"","postalCode":"","countryCode":"","firstName":"","lastName":"","registrationIpaddr":"132.207.88.223","oidcUserId":"","isDashboardRoleAssignable":"false","isMasheryApiUser":"false","isImmutable":"false","isListingSubscriber":"false","areaStatus":"active","externalId":"","passwdNew":"","lastLogin":"2017-07-25T18:28:24Z"},{"id":"e4f55e2c-4849-46aa-aff9-75d41988ce4a","created":"2017-07-26T00:54:28Z","updated":"2017-07-26T01:32:47Z","username":"USQlibrary","email":"libes@usq.edu.au","displayName":"University of Southern Queensland","uri":"","blog":"","im":"","imsvc":"","phone":"","company":"","address1":"","address2":"","locality":"","region":"","postalCode":"","countryCode":"","firstName":"","lastName":"","registrationIpaddr":"139.86.69.37","oidcUserId":"","isDashboardRoleAssignable":"false","isMasheryApiUser":"false","isImmutable":"false","isListingSubscriber":"false","areaStatus":"active","externalId":"","passwdNew":"","lastLogin":"2017-07-26T01:32:47Z"},{"id":"cbf40447-0626-4f8f-ac0a-2ca8661b47d9","created":"2017-07-26T00:59:35Z","updated":"2017-07-26T00:59:59Z","username":"jhardy1138","email":"jo.hardy@mq.edu.au","displayName":"jo1138","uri":"","blog":"","im":"","imsvc":"","phone":"","company":"","address1":"","address2":"","locality":"","region":"","postalCode":"","countryCode":"","firstName":"","lastName":"","registrationIpaddr":"137.111.13.200","oidcUserId":"","isDashboardRoleAssignable":"false","isMasheryApiUser":"false","isImmutable":"false","isListingSubscriber":"false","areaStatus":"active","externalId":"","passwdNew":"","lastLogin":"2017-07-26T00:59:59Z"},{"id":"ffd9c4c9-ff68-40ae-8ada-0e33036843c0","created":"2017-07-26T09:28:13Z","updated":"2017-07-26T09:28:33Z","username":"ramsripa","email":"ramsripa@gmail.com","displayName":"ramsripa","uri":"","blog":"","im":"","imsvc":"","phone":"","company":"","address1":"","address2":"","locality":"","region":"","postalCode":"","countryCode":"","firstName":"","lastName":"","registrationIpaddr":"103.2.233.226","oidcUserId":"","isDashboardRoleAssignable":"false","isMasheryApiUser":"false","isImmutable":"false","isListingSubscriber":"false","areaStatus":"active","externalId":"","passwdNew":"","lastLogin":"2017-07-26T09:28:33Z"},{"id":"2ca5dc37-5933-4a75-b836-3f4841a7d2bd","created":"2017-07-26T10:58:40Z","updated":"2017-07-26T10:59:07Z","username":"museknowledge","email":"software@museglobal.ro","displayName":"MuseGlobal","uri":"","blog":"","im":"","imsvc":"","phone":"","company":"","address1":"","address2":"","locality":"","region":"","postalCode":"","countryCode":"","firstName":"","lastName":"","registrationIpaddr":"217.156.14.173","oidcUserId":"","isDashboardRoleAssignable":"false","isMasheryApiUser":"false","isImmutable":"false","isListingSubscriber":"false","areaStatus":"active","externalId":"","passwdNew":"","lastLogin":"2024-04-11T14:17:44Z"},{"id":"149d013d-c585-47a0-943d-7812dc6b7b79","created":"2017-07-26T13:57:16Z","updated":"2017-07-26T13:57:33Z","username":"acm_asad","email":"ali@acm.org","displayName":"Asad","uri":"","blog":"","im":"","imsvc":"","phone":"","company":"","address1":"","address2":"","locality":"","region":"","postalCode":"","countryCode":"","firstName":"","lastName":"","registrationIpaddr":"24.246.110.87","oidcUserId":"","isDashboardRoleAssignable":"false","isMasheryApiUser":"false","isImmutable":"false","isListingSubscriber":"false","areaStatus":"active","externalId":"","passwdNew":"","lastLogin":"2017-07-28T12:40:24Z"},{"id":"f7bb7085-1355-465e-ba34-16aeb0e56105","created":"2017-07-27T03:20:43Z","updated":"2017-07-27T03:21:29Z","username":"liushuang","email":"1490488468@qq.com","displayName":"ls","uri":"","blog":"","im":"","imsvc":"","phone":"","company":"","address1":"","address2":"","locality":"","region":"","postalCode":"","countryCode":"","firstName":"","lastName":"","registrationIpaddr":"118.194.175.253","oidcUserId":"","isDashboardRoleAssignable":"false","isMasheryApiUser":"false","isImmutable":"false","isListingSubscriber":"false","areaStatus":"active","externalId":"","passwdNew":"","lastLogin":"2017-07-27T03:21:29Z"},{"id":"9aaf74d6-d42e-432e-863f-70f36cc066d4","created":"2017-07-28T05:05:36Z","updated":"2017-07-28T05:11:13Z","username":"DigitalLibrary","email":"digital@westernsydney.edu.au","displayName":"Western Sydney University Library","uri":"http://library.westernsydney.edu.au/main/","blog":"http://library.westernsydney.edu.au/main/","im":"","imsvc":"","phone":"02 9852 5353","company":"Western Sydney University","address1":"","address2":"","locality":"","region":"","postalCode":"","countryCode":"","firstName":"","lastName":"","registrationIpaddr":"137.154.212.39","oidcUserId":"","isDashboardRoleAssignable":"false","isMasheryApiUser":"false","isImmutable":"false","isListingSubscriber":"false","areaStatus":"active","externalId":"","passwdNew":"","lastLogin":"2017-07-28T05:06:20Z"},{"id":"58a2e5bf-159a-4ee7-8c20-efa5a7c90210","created":"2017-07-28T06:56:18Z","updated":"2017-07-28T06:57:13Z","username":"Grow more Faculty of Engineerin Himatnagar","email":"librarian@growmore.ac.in","displayName":"Grow more Library","uri":"","blog":"","im":"","imsvc":"","phone":"","company":"","address1":"","address2":"","locality":"","region":"","postalCode":"","countryCode":"","firstName":"","lastName":"","registrationIpaddr":"117.211.130.28","oidcUserId":"","isDashboardRoleAssignable":"false","isMasheryApiUser":"false","isImmutable":"false","isListingSubscriber":"false","areaStatus":"active","externalId":"","passwdNew":"","lastLogin":"2017-07-28T06:57:13Z"},{"id":"ae306d8a-669f-4efd-a6bc-e9c89cc9785e","created":"2017-07-28T14:26:59Z","updated":"2017-07-28T14:27:21Z","username":"boyang","email":"duboyang.h@gmail.com","displayName":"EdwarDu","uri":"","blog":"","im":"","imsvc":"","phone":"","company":"","address1":"","address2":"","locality":"","region":"","postalCode":"","countryCode":"","firstName":"","lastName":"","registrationIpaddr":"130.192.163.121","oidcUserId":"","isDashboardRoleAssignable":"false","isMasheryApiUser":"false","isImmutable":"false","isListingSubscriber":"false","areaStatus":"active","externalId":"","passwdNew":"","lastLogin":"2017-07-28T14:27:21Z"},{"id":"86524f81-b3c1-4476-9640-2cac25826de4","created":"2017-07-29T10:53:18Z","updated":"2017-07-29T10:54:17Z","username":"mrtn.bckr@gmx.de","email":"mrtn.bckr@gmx.de","displayName":"Martin Becker","uri":"","blog":"","im":"","imsvc":"","phone":"","company":"","address1":"","address2":"","locality":"","region":"","postalCode":"","countryCode":"","firstName":"","lastName":"","registrationIpaddr":"84.185.96.37","oidcUserId":"","isDashboardRoleAssignable":"false","isMasheryApiUser":"false","isImmutable":"false","isListingSubscriber":"false","areaStatus":"active","externalId":"","passwdNew":"","lastLogin":"2017-07-29T10:54:17Z"},{"id":"0ee6e08d-023f-4794-98c5-19ea6c27edf0","created":"2017-07-29T16:01:22Z","updated":"2017-07-29T16:01:46Z","username":"Thimira","email":"thimiraamara@gmail.com","displayName":"Thimira Amaratunga","uri":"","blog":"","im":"","imsvc":"","phone":"","company":"","address1":"","address2":"","locality":"","region":"","postalCode":"","countryCode":"","firstName":"","lastName":"","registrationIpaddr":"123.231.121.167","oidcUserId":"","isDashboardRoleAssignable":"false","isMasheryApiUser":"false","isImmutable":"false","isListingSubscriber":"false","areaStatus":"active","externalId":"","passwdNew":"","lastLogin":"2017-07-31T06:16:28Z"},{"id":"9fc19c6f-30a9-435f-92c7-06745f05253d","created":"2017-07-29T19:51:47Z","updated":"2017-07-29T19:52:01Z","username":"edwardjamming","email":"edwardjamming@gmail.com","displayName":"Edwardjamming","uri":"","blog":"","im":"","imsvc":"","phone":"","company":"","address1":"","address2":"","locality":"","region":"","postalCode":"","countryCode":"","firstName":"","lastName":"","registrationIpaddr":"107.5.239.102","oidcUserId":"","isDashboardRoleAssignable":"false","isMasheryApiUser":"false","isImmutable":"false","isListingSubscriber":"false","areaStatus":"active","externalId":"","passwdNew":"","lastLogin":"2017-07-30T17:32:18Z"},{"id":"f5b793fb-1154-4dab-81b1-bdaa6e7527f3","created":"2017-07-31T07:19:41Z","updated":"2017-12-06T11:42:10Z","username":"dkrill","email":"david.krill@emea.nec.com","displayName":"David Krill","uri":"","blog":"","im":"","imsvc":"","phone":"","company":"","address1":"","address2":"","locality":"","region":"","postalCode":"","countryCode":"","firstName":"","lastName":"","registrationIpaddr":"85.115.53.201","oidcUserId":"","isDashboardRoleAssignable":"false","isMasheryApiUser":"false","isImmutable":"false","isListingSubscriber":"false","areaStatus":"active","externalId":"","passwdNew":"","lastLogin":"2017-12-06T11:42:11Z"},{"id":"c243a461-03ea-4477-88f3-c36648a373e6","created":"2017-07-31T10:18:30Z","updated":"2017-07-31T10:19:52Z","username":"mrmxf","email":"bruce@mrmxf.com","displayName":"Mr MXF","uri":"","blog":"","im":"","imsvc":"","phone":"","company":"","address1":"","address2":"","locality":"","region":"","postalCode":"","countryCode":"","firstName":"","lastName":"","registrationIpaddr":"83.244.215.162","oidcUserId":"","isDashboardRoleAssignable":"false","isMasheryApiUser":"false","isImmutable":"false","isListingSubscriber":"false","areaStatus":"active","externalId":"","passwdNew":"","lastLogin":"2017-07-31T10:19:52Z"},{"id":"4f0663ff-0c9e-4510-84c1-2a4ce26e9e4b","created":"2017-07-31T16:31:20Z","updated":"2018-01-04T14:07:19Z","username":"jwithrow","email":"jason@teced.com","displayName":"Jason Withrow","uri":"","blog":"","im":"","imsvc":"","phone":"","company":"","address1":"","address2":"","locality":"","region":"","postalCode":"","countryCode":"","firstName":"","lastName":"","registrationIpaddr":"71.83.26.3","oidcUserId":"","isDashboardRoleAssignable":"false","isMasheryApiUser":"false","isImmutable":"false","isListingSubscriber":"false","areaStatus":"active","externalId":"","passwdNew":"","lastLogin":"2024-05-09T00:14:24Z"},{"id":"8ca791ee-fb7e-4fc3-acea-a37391ac78f7","created":"2017-08-02T17:34:11Z","updated":"2017-08-02T17:35:15Z","username":"nweidner@superhindex.com","email":"nweidner@superhindex.com","displayName":"nweidner","uri":"","blog":"","im":"","imsvc":"","phone":"","company":"","address1":"","address2":"","locality":"","region":"","postalCode":"","countryCode":"","firstName":"","lastName":"","registrationIpaddr":"68.68.26.2","oidcUserId":"","isDashboardRoleAssignable":"false","isMasheryApiUser":"false","isImmutable":"false","isListingSubscriber":"false","areaStatus":"active","externalId":"","passwdNew":"","lastLogin":"2017-08-02T17:35:15Z"},{"id":"468dd75d-9305-4038-b627-987a2265d27d","created":"2017-08-03T13:45:45Z","updated":"2017-08-03T13:46:14Z","username":"IEEE123","email":"m.sluyter@ieee.org","displayName":"xxx","uri":"","blog":"","im":"","imsvc":"","phone":"","company":"","address1":"","address2":"","locality":"","region":"","postalCode":"","countryCode":"","firstName":"","lastName":"","registrationIpaddr":"140.98.210.243","oidcUserId":"","isDashboardRoleAssignable":"false","isMasheryApiUser":"false","isImmutable":"false","isListingSubscriber":"false","areaStatus":"active","externalId":"","passwdNew":"","lastLogin":"2017-08-03T13:46:14Z"},{"id":"9e3d3cda-3fa3-4b07-a660-cb17fcbe8524","created":"2017-08-06T12:24:58Z","updated":"2017-08-06T12:25:13Z","username":"CADES","email":"cades.research@gmail.com","displayName":"CADES","uri":"","blog":"","im":"","imsvc":"","phone":"","company":"","address1":"","address2":"","locality":"","region":"","postalCode":"","countryCode":"","firstName":"","lastName":"","registrationIpaddr":"80.229.166.204","oidcUserId":"","isDashboardRoleAssignable":"false","isMasheryApiUser":"false","isImmutable":"false","isListingSubscriber":"false","areaStatus":"active","externalId":"","passwdNew":"","lastLogin":"2017-08-06T12:25:13Z"},{"id":"162b72d5-8453-4a6d-b93c-5eff20f86f1c","created":"2017-08-06T19:46:16Z","updated":"2017-08-06T19:47:04Z","username":"joenio","email":"joenio@joenio.me","displayName":"Joenio Costa","uri":"","blog":"","im":"","imsvc":"","phone":"","company":"","address1":"","address2":"","locality":"","region":"","postalCode":"","countryCode":"","firstName":"","lastName":"","registrationIpaddr":"177.205.88.100","oidcUserId":"","isDashboardRoleAssignable":"false","isMasheryApiUser":"false","isImmutable":"false","isListingSubscriber":"false","areaStatus":"active","externalId":"","passwdNew":"","lastLogin":"2024-02-28T18:09:10Z"},{"id":"648d852e-12bd-445d-bbcd-52820fa4c264","created":"2013-09-18T14:13:51Z","updated":"2019-10-08T18:11:59Z","username":"pbellur","email":"p.bellur@ieee.org","displayName":"Prakash","uri":"","blog":"","im":"","imsvc":"","phone":"","company":"","address1":"","address2":"","locality":"","region":"","postalCode":"","countryCode":"","firstName":"","lastName":"","registrationIpaddr":"140.98.210.243","oidcUserId":"","isDashboardRoleAssignable":"false","isMasheryApiUser":"false","isImmutable":"false","isListingSubscriber":"false","areaStatus":"active","externalId":"","passwdNew":"","lastLogin":"2019-10-29T18:08:25Z"},{"id":"201774ca-4b3a-48cd-b1c8-6d914fbc8a78","created":"2017-08-07T00:55:38Z","updated":"2017-08-07T14:51:32Z","username":"jacekoh","email":"j.koh@ieee.org","displayName":"Jacelyn Koh","uri":"","blog":"","im":"","imsvc":"","phone":"","company":"","address1":"","address2":"","locality":"","region":"","postalCode":"","countryCode":"","firstName":"","lastName":"","registrationIpaddr":"140.98.210.243","oidcUserId":"","isDashboardRoleAssignable":"false","isMasheryApiUser":"false","isImmutable":"false","isListingSubscriber":"false","areaStatus":"active","externalId":"","passwdNew":"","lastLogin":"2021-10-22T07:47:37Z"},{"id":"ee3587d9-0937-446c-8d8f-e5f7b4b88ef6","created":"2017-08-07T04:14:55Z","updated":"2018-01-11T13:53:33Z","username":"LisaCen","email":"l.centanni@ieee.org","displayName":"LisaCen","uri":"","blog":"","im":"","imsvc":"","phone":"","company":"","address1":"","address2":"","locality":"","region":"","postalCode":"","countryCode":"","firstName":"","lastName":"","registrationIpaddr":"140.98.210.243","oidcUserId":"","isDashboardRoleAssignable":"false","isMasheryApiUser":"false","isImmutable":"false","isListingSubscriber":"false","areaStatus":"active","externalId":"","passwdNew":"","lastLogin":"2018-01-11T13:53:59Z"},{"id":"101f97d1-e040-4420-b2e4-16f244beb180","created":"2017-08-07T08:59:50Z","updated":"2017-08-07T09:30:56Z","username":"tgengland","email":"tgengland@dstl.gov.uk","displayName":"Tim","uri":"","blog":"","im":"","imsvc":"","phone":"","company":"","address1":"","address2":"","locality":"","region":"","postalCode":"","countryCode":"","firstName":"","lastName":"","registrationIpaddr":"194.61.92.11","oidcUserId":"","isDashboardRoleAssignable":"false","isMasheryApiUser":"false","isImmutable":"false","isListingSubscriber":"false","areaStatus":"active","externalId":"","passwdNew":"","lastLogin":"2017-08-07T09:33:12Z"},{"id":"f757cdb0-055f-4610-9070-51ef8ac74ea4","created":"2017-08-07T11:52:18Z","updated":"2017-08-17T14:56:01Z","username":"pweeks","email":"p.weeks@ieee.org","displayName":"Pam Weeks","uri":"","blog":"","im":"","imsvc":"","phone":"","company":"","address1":"","address2":"","locality":"","region":"","postalCode":"","countryCode":"","firstName":"","lastName":"","registrationIpaddr":"140.98.210.243","oidcUserId":"","isDashboardRoleAssignable":"false","isMasheryApiUser":"false","isImmutable":"false","isListingSubscriber":"false","areaStatus":"active","externalId":"","passwdNew":"","lastLogin":"2017-11-27T20:45:45Z"},{"id":"9f834e0f-b174-4887-9aeb-a1e466054e4f","created":"2017-08-07T13:11:34Z","updated":"2017-08-07T14:02:28Z","username":"k.thom","email":"k.thom@ieee.org","displayName":"Krista","uri":"","blog":"","im":"","imsvc":"","phone":"","company":"","address1":"","address2":"","locality":"","region":"","postalCode":"","countryCode":"","firstName":"","lastName":"","registrationIpaddr":"140.98.210.243","oidcUserId":"","isDashboardRoleAssignable":"false","isMasheryApiUser":"false","isImmutable":"false","isListingSubscriber":"false","areaStatus":"active","externalId":"","passwdNew":"","lastLogin":"2017-08-07T13:11:48Z"},{"id":"e49bd556-cc19-47e2-881e-79fee87357b9","created":"2017-08-07T14:11:45Z","updated":"2017-08-07T14:50:18Z","username":"dbajcic","email":"d.bajcic@ieee.org","displayName":"dbajcic","uri":"","blog":"","im":"","imsvc":"","phone":"","company":"","address1":"","address2":"","locality":"","region":"","postalCode":"","countryCode":"","firstName":"","lastName":"","registrationIpaddr":"140.98.210.243","oidcUserId":"","isDashboardRoleAssignable":"false","isMasheryApiUser":"false","isImmutable":"false","isListingSubscriber":"false","areaStatus":"active","externalId":"","passwdNew":"","lastLogin":"2017-08-07T14:12:04Z"}]
2025-01-26 09:40:00 - API response body size: 100
2025-01-26 09:40:00 - Fetched 100 members in the current batch, total fetched so far: 100
2025-01-26 09:40:00 - Fetching batch with offset: 100, limit: 100
2025-01-26 09:40:00 - Fetching members from URL: https://api.mashery.com/v3/rest/members with offset: 100 and limit: 100
2025-01-26 09:40:00 - Checking if token is valid or needs regeneration.
2025-01-26 09:40:00 - Token is still valid.
2025-01-26 09:40:00 - Making API call to: https://api.mashery.com/v3/rest/members?offset=100&limit=100
2025-01-26 09:40:04 - API response status: 200 OK
2025-01-26 09:40:04 - X-Total-Count header value: 10355
2025-01-26 09:40:04 - Member API response JSON: [{"id":"eb9b4195-660b-4e78-bd3f-e8197ff85989","created":"2012-11-15T02:53:50Z","updated":"2012-11-15T03:23:56Z","username":"Calm","email":"calgelica.roki@gmail.com","displayName":"Calm","uri":"","blog":"","im":"","imsvc":"","phone":"","company":"","address1":"","address2":"","locality":"","region":"","postalCode":"","countryCode":"","firstName":"Carl","lastName":"Roki","registrationIpaddr":"117.103.95.83","oidcUserId":"","isDashboardRoleAssignable":"false","isMasheryApiUser":"false","isImmutable":"false","isListingSubscriber":"false","areaStatus":"active","externalId":"","passwdNew":"","lastLogin":""},{"id":"d58f06b5-c374-46e7-ac62-629d0d08a575","created":"2024-12-06T12:43:58Z","updated":"2024-12-07T13:46:37Z","username":"cmcirvin","email":"calm@vt.edu","displayName":"calm","uri":"","blog":"","im":"","imsvc":"","phone":"","company":"","address1":"","address2":"","locality":"","region":"","postalCode":"","countryCode":"","firstName":"Caleb","lastName":"McIrvin","registrationIpaddr":"45.3.64.139","oidcUserId":"","isDashboardRoleAssignable":"false","isMasheryApiUser":"false","isImmutable":"false","isListingSubscriber":"false","areaStatus":"active","externalId":"","passwdNew":"","lastLogin":""},{"id":"19adf5d9-c2fc-423f-bbf1-b4256a788a55","created":"2024-12-06T15:02:40Z","updated":"2024-12-06T15:02:40Z","username":"EntropyNetwork","email":"rajuponnada6969@gmail.com","displayName":"Entropy","uri":"","blog":"","im":"","imsvc":"","phone":"","company":"","address1":"","address2":"","locality":"","region":"","postalCode":"","countryCode":"","firstName":"Rajasree","lastName":"Ponnada","registrationIpaddr":"152.58.208.123","oidcUserId":"","isDashboardRoleAssignable":"false","isMasheryApiUser":"false","isImmutable":"false","isListingSubscriber":"false","areaStatus":"waiting","externalId":"","passwdNew":"","lastLogin":""},{"id":"8d4a58f6-1814-48cf-9d8f-01e14616713d","created":"2024-12-06T15:04:05Z","updated":"2024-12-06T15:04:51Z","username":"EntropyNetworkkk","email":"rajuponnada6969@gmail.com","displayName":"Entropy","uri":"","blog":"","im":"","imsvc":"","phone":"","company":"","address1":"","address2":"","locality":"","region":"","postalCode":"","countryCode":"","firstName":"Rajasree","lastName":"Ponnada","registrationIpaddr":"152.58.208.123","oidcUserId":"","isDashboardRoleAssignable":"false","isMasheryApiUser":"false","isImmutable":"false","isListingSubscriber":"false","areaStatus":"active","externalId":"","passwdNew":"","lastLogin":"2024-12-06T15:05:24Z"},{"id":"8355a84f-1c02-41af-a132-9418c388d427","created":"2024-12-06T17:17:16Z","updated":"2024-12-06T17:17:49Z","username":"pfromm","email":"pfromm@wisc.edu","displayName":"pfromm","uri":"","blog":"","im":"","imsvc":"","phone":"","company":"","address1":"","address2":"","locality":"","region":"","postalCode":"","countryCode":"","firstName":"Lukas","lastName":"Pfromm","registrationIpaddr":"72.33.0.236","oidcUserId":"","isDashboardRoleAssignable":"false","isMasheryApiUser":"false","isImmutable":"false","isListingSubscriber":"false","areaStatus":"active","externalId":"","passwdNew":"","lastLogin":"2024-12-17T03:34:24Z"},{"id":"a7a186a8-0086-44e8-99e9-a6ba58b3f6ab","created":"2024-12-07T06:16:10Z","updated":"2024-12-07T06:16:27Z","username":"5c4lar","email":"qinsiliang18@outlook.com","displayName":"5c4lar","uri":"","blog":"","im":"","imsvc":"","phone":"","company":"","address1":"","address2":"","locality":"","region":"","postalCode":"","countryCode":"","firstName":"Siliang","lastName":"Qin","registrationIpaddr":"212.87.194.63","oidcUserId":"","isDashboardRoleAssignable":"false","isMasheryApiUser":"false","isImmutable":"false","isListingSubscriber":"false","areaStatus":"active","externalId":"","passwdNew":"","lastLogin":"2024-12-07T06:20:49Z"},{"id":"85939286-d8ea-4a9e-8776-b8632de0863e","created":"2024-12-07T09:52:13Z","updated":"2024-12-07T09:52:32Z","username":"yogeshingle1502","email":"ingleyogesh2004@gmail.com","displayName":"yogesh1502","uri":"","blog":"","im":"","imsvc":"","phone":"","company":"","address1":"","address2":"","locality":"","region":"","postalCode":"","countryCode":"","firstName":"YOGESH","lastName":"INGALE","registrationIpaddr":"152.58.0.85","oidcUserId":"","isDashboardRoleAssignable":"false","isMasheryApiUser":"false","isImmutable":"false","isListingSubscriber":"false","areaStatus":"active","externalId":"","passwdNew":"","lastLogin":"2024-12-07T09:52:50Z"},{"id":"b92fa48e-3a57-43f0-a061-97c42be5858b","created":"2024-12-07T11:06:11Z","updated":"2024-12-07T11:06:49Z","username":"zzzyyy","email":"1506372261@qq.com","displayName":"yyy","uri":"","blog":"","im":"","imsvc":"","phone":"","company":"","address1":"","address2":"","locality":"","region":"","postalCode":"","countryCode":"","firstName":"zzz","lastName":"yyy","registrationIpaddr":"220.205.224.14","oidcUserId":"","isDashboardRoleAssignable":"false","isMasheryApiUser":"false","isImmutable":"false","isListingSubscriber":"false","areaStatus":"active","externalId":"","passwdNew":"","lastLogin":"2024-12-07T11:07:29Z"},{"id":"b00384b2-c939-4877-bb0b-d96e8e6d66b5","created":"2024-12-07T14:10:30Z","updated":"2024-12-07T14:10:47Z","username":"shashwat123045","email":"shashwatsharma12304@gmail.com","displayName":"Shashwat Sharma","uri":"","blog":"","im":"","imsvc":"","phone":"","company":"","address1":"","address2":"","locality":"","region":"","postalCode":"","countryCode":"","firstName":"Shashwat ","lastName":"Sharma","registrationIpaddr":"223.233.65.204","oidcUserId":"","isDashboardRoleAssignable":"false","isMasheryApiUser":"false","isImmutable":"false","isListingSubscriber":"false","areaStatus":"active","externalId":"","passwdNew":"","lastLogin":""},{"id":"60aaaf85-e276-479b-bad7-66a3b70494f4","created":"2024-12-08T03:15:48Z","updated":"2024-12-08T03:15:56Z","username":"felipe-matsuoka","email":"felipe.matsu.2003@gmail.com","displayName":"fematsu","uri":"","blog":"","im":"","imsvc":"","phone":"","company":"","address1":"","address2":"","locality":"","region":"","postalCode":"","countryCode":"","firstName":"Felipe","lastName":"Matsuoka","registrationIpaddr":"201.95.199.180","oidcUserId":"","isDashboardRoleAssignable":"false","isMasheryApiUser":"false","isImmutable":"false","isListingSubscriber":"false","areaStatus":"active","externalId":"","passwdNew":"","lastLogin":"2024-12-08T03:16:03Z"},{"id":"c8c18b77-6fcd-4ce8-ab45-e7159e8ea1af","created":"2024-12-08T09:36:31Z","updated":"2024-12-08T09:37:00Z","username":"darkhaze97","email":"tim.huang20@hotmail.com","displayName":"Tim","uri":"","blog":"","im":"","imsvc":"","phone":"","company":"","address1":"","address2":"","locality":"","region":"","postalCode":"","countryCode":"","firstName":"Tim","lastName":"Huang","registrationIpaddr":"115.128.93.236","oidcUserId":"","isDashboardRoleAssignable":"false","isMasheryApiUser":"false","isImmutable":"false","isListingSubscriber":"false","areaStatus":"active","externalId":"","passwdNew":"","lastLogin":"2024-12-08T09:37:57Z"},{"id":"3700734d-818b-4c0c-94d8-dedec1669db5","created":"2024-12-08T18:00:37Z","updated":"2024-12-08T18:01:00Z","username":"PhoenixAlpha23","email":"aryantandon2323@gmail.com","displayName":"Aryan","uri":"","blog":"","im":"","imsvc":"","phone":"","company":"","address1":"","address2":"","locality":"","region":"","postalCode":"","countryCode":"","firstName":"Aryan","lastName":"Tandon","registrationIpaddr":"49.36.9.11","oidcUserId":"","isDashboardRoleAssignable":"false","isMasheryApiUser":"false","isImmutable":"false","isListingSubscriber":"false","areaStatus":"active","externalId":"","passwdNew":"","lastLogin":"2024-12-08T18:01:31Z"},{"id":"8c14cc1f-f954-4d62-8a47-36fd8a2075de","created":"2024-12-09T08:22:27Z","updated":"2024-12-12T07:41:36Z","username":"kenkyu","email":"fender.e911438@gmail.com","displayName":"kenkyu","uri":"","blog":"","im":"","imsvc":"","phone":"","company":"","address1":"","address2":"","locality":"","region":"","postalCode":"","countryCode":"","firstName":"Tomotaka","lastName":"Kobayashi","registrationIpaddr":"163.215.3.21","oidcUserId":"","isDashboardRoleAssignable":"false","isMasheryApiUser":"false","isImmutable":"false","isListingSubscriber":"false","areaStatus":"active","externalId":"","passwdNew":"","lastLogin":"2024-12-12T07:41:52Z"},{"id":"b51ef485-77c9-4bbc-9cc0-1f65b293b575","created":"2024-12-09T13:07:41Z","updated":"2024-12-09T13:08:26Z","username":"feetry","email":"freeloginacc1@gmail.com","displayName":"freetry","uri":"","blog":"","im":"","imsvc":"","phone":"","company":"","address1":"","address2":"","locality":"","region":"","postalCode":"","countryCode":"","firstName":"free ","lastName":"try","registrationIpaddr":"152.58.214.207","oidcUserId":"","isDashboardRoleAssignable":"false","isMasheryApiUser":"false","isImmutable":"false","isListingSubscriber":"false","areaStatus":"active","externalId":"","passwdNew":"","lastLogin":"2024-12-09T13:09:14Z"},{"id":"f6159e62-ef1c-463e-8fe1-7c74ba43fead","created":"2024-12-09T17:05:18Z","updated":"2024-12-09T17:05:32Z","username":"testapipef","email":"variya1029@gmail.com","displayName":"pef","uri":"","blog":"","im":"","imsvc":"","phone":"","company":"","address1":"","address2":"","locality":"","region":"","postalCode":"","countryCode":"","firstName":"Variya","lastName":"Iyara","registrationIpaddr":"49.49.230.229","oidcUserId":"","isDashboardRoleAssignable":"false","isMasheryApiUser":"false","isImmutable":"false","isListingSubscriber":"false","areaStatus":"active","externalId":"","passwdNew":"","lastLogin":"2024-12-09T17:05:56Z"},{"id":"1df2703f-5164-44ae-abcc-a6c037e802ef","created":"2024-12-09T18:15:34Z","updated":"2024-12-09T18:16:00Z","username":"kdos","email":"katya.soegiharto@eng.ox.ac.uk","displayName":"Katya Soegiharto","uri":"","blog":"","im":"","imsvc":"","phone":"","company":"","address1":"","address2":"","locality":"","region":"","postalCode":"","countryCode":"","firstName":"Katya","lastName":"Soegiharto","registrationIpaddr":"192.76.8.78","oidcUserId":"","isDashboardRoleAssignable":"false","isMasheryApiUser":"false","isImmutable":"false","isListingSubscriber":"false","areaStatus":"active","externalId":"","passwdNew":"","lastLogin":"2025-01-12T15:52:28Z"},{"id":"6ccf7900-6e2b-412f-9611-e93898293050","created":"2024-12-09T20:35:35Z","updated":"2024-12-09T20:35:54Z","username":"dalibendhiab","email":"bendhiabdali@gmail.com","displayName":"mohamed ali","uri":"","blog":"","im":"","imsvc":"","phone":"","company":"","address1":"","address2":"","locality":"","region":"","postalCode":"","countryCode":"","firstName":"mohamed ali","lastName":"ben dhiab","registrationIpaddr":"102.31.206.181","oidcUserId":"","isDashboardRoleAssignable":"false","isMasheryApiUser":"false","isImmutable":"false","isListingSubscriber":"false","areaStatus":"active","externalId":"","passwdNew":"","lastLogin":"2024-12-09T20:36:21Z"},{"id":"9d2e1945-e927-4c54-bc6d-ea9486ec76f8","created":"2024-12-09T22:10:25Z","updated":"2024-12-09T22:11:38Z","username":"vsivaraman","email":"vsivaram@andrew.cmu.edu","displayName":"Venkatesh Sivaraman","uri":"","blog":"","im":"","imsvc":"","phone":"","company":"","address1":"","address2":"","locality":"","region":"","postalCode":"","countryCode":"","firstName":"Venkatesh","lastName":"Sivaraman","registrationIpaddr":"128.237.82.212","oidcUserId":"","isDashboardRoleAssignable":"false","isMasheryApiUser":"false","isImmutable":"false","isListingSubscriber":"false","areaStatus":"active","externalId":"","passwdNew":"","lastLogin":"2024-12-09T22:11:49Z"},{"id":"146670a7-4e3b-4d3d-b17d-12894802fab2","created":"2024-12-09T22:17:02Z","updated":"2024-12-09T22:19:10Z","username":"BhavyaReddySeerapu","email":"bhavyareddyseerapu@usf.edu","displayName":"Bhavya","uri":"","blog":"","im":"","imsvc":"","phone":"","company":"","address1":"","address2":"","locality":"","region":"","postalCode":"","countryCode":"","firstName":"Bhavya","lastName":"Seerapu","registrationIpaddr":"131.247.226.33","oidcUserId":"","isDashboardRoleAssignable":"false","isMasheryApiUser":"false","isImmutable":"false","isListingSubscriber":"false","areaStatus":"active","externalId":"","passwdNew":"","lastLogin":""},{"id":"71be7376-a3e2-4a18-9b3f-b1040c512be9","created":"2024-12-09T22:22:00Z","updated":"2024-12-09T22:22:28Z","username":"BhavyaReddySeerapu7658","email":"bhavyareddyseerapu7658@gmail.com","displayName":"Bhavya","uri":"","blog":"","im":"","imsvc":"","phone":"","company":"","address1":"","address2":"","locality":"","region":"","postalCode":"","countryCode":"","firstName":"Bhavya","lastName":"Seerapu","registrationIpaddr":"131.247.226.33","oidcUserId":"","isDashboardRoleAssignable":"false","isMasheryApiUser":"false","isImmutable":"false","isListingSubscriber":"false","areaStatus":"active","externalId":"","passwdNew":"","lastLogin":"2024-12-09T22:23:47Z"},{"id":"0d916cd7-c52c-451b-8ded-5e85b2720007","created":"2024-12-09T22:36:31Z","updated":"2024-12-09T22:36:41Z","username":"parvezamu2025","email":"pahm409@aucklanduni.ac.nz","displayName":"Parvez Ahmad","uri":"","blog":"","im":"","imsvc":"","phone":"","company":"","address1":"","address2":"","locality":"","region":"","postalCode":"","countryCode":"","firstName":"Parvez","lastName":"Ahmad","registrationIpaddr":"202.36.244.18","oidcUserId":"","isDashboardRoleAssignable":"false","isMasheryApiUser":"false","isImmutable":"false","isListingSubscriber":"false","areaStatus":"active","externalId":"","passwdNew":"","lastLogin":"2024-12-10T00:26:14Z"},{"id":"cfc3199d-1cfa-4e19-b91e-c21709c7f975","created":"2024-12-10T07:22:03Z","updated":"2024-12-10T07:22:24Z","username":"balaji.s","email":"Balaji.s@ieee.org","displayName":"Balaji S ","uri":"","blog":"","im":"","imsvc":"","phone":"","company":"","address1":"","address2":"","locality":"","region":"","postalCode":"","countryCode":"","firstName":"Balaji ","lastName":"S","registrationIpaddr":"157.51.185.226","oidcUserId":"","isDashboardRoleAssignable":"false","isMasheryApiUser":"false","isImmutable":"false","isListingSubscriber":"false","areaStatus":"active","externalId":"","passwdNew":"","lastLogin":"2024-12-10T07:23:25Z"},{"id":"408ef234-d86d-4f98-8ed2-d2c208f4ca83","created":"2024-12-10T07:26:31Z","updated":"2024-12-10T07:27:12Z","username":"patieee","email":"flagub@gmail.com","displayName":"mike","uri":"","blog":"","im":"","imsvc":"","phone":"","company":"","address1":"","address2":"","locality":"","region":"","postalCode":"","countryCode":"","firstName":"mike","lastName":"li","registrationIpaddr":"119.6.64.59","oidcUserId":"","isDashboardRoleAssignable":"false","isMasheryApiUser":"false","isImmutable":"false","isListingSubscriber":"false","areaStatus":"active","externalId":"","passwdNew":"","lastLogin":"2024-12-10T07:27:25Z"},{"id":"76dde8fb-11ca-41f9-b136-91a11dfd9744","created":"2024-12-10T09:42:31Z","updated":"2024-12-10T09:42:47Z","username":"sreejithks","email":"sreejithks.mec@gmail.com","displayName":"Sreejith K S","uri":"","blog":"","im":"","imsvc":"","phone":"","company":"","address1":"","address2":"","locality":"","region":"","postalCode":"","countryCode":"","firstName":"Sreejith","lastName":"K S","registrationIpaddr":"182.72.175.74","oidcUserId":"","isDashboardRoleAssignable":"false","isMasheryApiUser":"false","isImmutable":"false","isListingSubscriber":"false","areaStatus":"active","externalId":"","passwdNew":"","lastLogin":"2024-12-10T09:43:04Z"},{"id":"e5b218b5-0efe-4653-b2e1-c5a1b23740cf","created":"2024-12-10T09:52:34Z","updated":"2024-12-10T09:53:24Z","username":"steverudolf","email":"mochbakti2004@gmail.com","displayName":"rudolf","uri":"","blog":"","im":"","imsvc":"","phone":"","company":"","address1":"","address2":"","locality":"","region":"","postalCode":"","countryCode":"","firstName":"steve","lastName":"rudolf","registrationIpaddr":"182.2.144.136","oidcUserId":"","isDashboardRoleAssignable":"false","isMasheryApiUser":"false","isImmutable":"false","isListingSubscriber":"false","areaStatus":"active","externalId":"","passwdNew":"","lastLogin":""},{"id":"a421aa00-7098-480f-b165-40c1c3911825","created":"2024-12-10T11:16:00Z","updated":"2024-12-10T11:17:52Z","username":"ewansmith","email":"ewan.smith@strath.ac.uk","displayName":"Ewan","uri":"","blog":"","im":"","imsvc":"","phone":"","company":"","address1":"","address2":"","locality":"","region":"","postalCode":"","countryCode":"","firstName":"Ewan","lastName":"Smith","registrationIpaddr":"130.159.46.231","oidcUserId":"","isDashboardRoleAssignable":"false","isMasheryApiUser":"false","isImmutable":"false","isListingSubscriber":"false","areaStatus":"active","externalId":"","passwdNew":"","lastLogin":""},{"id":"804b1ea1-19de-49c2-b093-51e426b68332","created":"2024-12-10T12:34:54Z","updated":"2024-12-10T12:47:22Z","username":"kojambo","email":"judit.kockat@gmail.com","displayName":"Judit Kockat","uri":"","blog":"","im":"","imsvc":"","phone":"","company":"","address1":"","address2":"","locality":"","region":"","postalCode":"","countryCode":"","firstName":"Judit","lastName":"Kockat","registrationIpaddr":"91.179.59.53","oidcUserId":"","isDashboardRoleAssignable":"false","isMasheryApiUser":"false","isImmutable":"false","isListingSubscriber":"false","areaStatus":"active","externalId":"","passwdNew":"","lastLogin":"2024-12-10T12:47:43Z"},{"id":"4b6316d5-ffe8-4d22-902c-776f92b7f2f3","created":"2024-12-10T13:16:17Z","updated":"2024-12-10T13:18:45Z","username":"pilarang","email":"pilarang@unam.mx","displayName":"Pilar","uri":"","blog":"","im":"","imsvc":"","phone":"","company":"","address1":"","address2":"","locality":"","region":"","postalCode":"","countryCode":"","firstName":"Pilar","lastName":"Angeles","registrationIpaddr":"187.207.67.63","oidcUserId":"","isDashboardRoleAssignable":"false","isMasheryApiUser":"false","isImmutable":"false","isListingSubscriber":"false","areaStatus":"active","externalId":"","passwdNew":"","lastLogin":"2024-12-10T13:46:48Z"},{"id":"e3dfb08e-f78d-46db-84be-7ef495a34e0d","created":"2024-12-10T13:46:59Z","updated":"2024-12-10T13:48:20Z","username":"juantastiic","email":"ewanbrosmith@gmail.com","displayName":"Ewan","uri":"","blog":"","im":"","imsvc":"","phone":"","company":"","address1":"","address2":"","locality":"","region":"","postalCode":"","countryCode":"","firstName":"Ewan","lastName":"Smith","registrationIpaddr":"130.159.46.231","oidcUserId":"","isDashboardRoleAssignable":"false","isMasheryApiUser":"false","isImmutable":"false","isListingSubscriber":"false","areaStatus":"active","externalId":"","passwdNew":"","lastLogin":"2024-12-10T13:48:32Z"},{"id":"bfe3ec3b-ef1e-44b1-992b-9b711d068b23","created":"2024-12-10T15:00:17Z","updated":"2024-12-10T15:00:33Z","username":"ieeeapiformerck","email":"ernst.aichinger@merckgroup.com","displayName":"ieeeapiaccess","uri":"","blog":"","im":"","imsvc":"","phone":"","company":"","address1":"","address2":"","locality":"","region":"","postalCode":"","countryCode":"","firstName":"Ernst","lastName":"Aichinger","registrationIpaddr":"155.250.198.22","oidcUserId":"","isDashboardRoleAssignable":"false","isMasheryApiUser":"false","isImmutable":"false","isListingSubscriber":"false","areaStatus":"active","externalId":"","passwdNew":"","lastLogin":"2025-01-23T14:24:43Z"},{"id":"283f7dda-e5aa-40ac-a24a-cb37c08fd6b9","created":"2024-12-10T20:06:41Z","updated":"2024-12-10T20:06:49Z","username":"jovi324","email":"jo.vilsmeier@gmail.com","displayName":"jovi324","uri":"","blog":"","im":"","imsvc":"","phone":"","company":"","address1":"","address2":"","locality":"","region":"","postalCode":"","countryCode":"","firstName":"Johannes","lastName":"Vilsmeier","registrationIpaddr":"84.115.230.184","oidcUserId":"","isDashboardRoleAssignable":"false","isMasheryApiUser":"false","isImmutable":"false","isListingSubscriber":"false","areaStatus":"active","externalId":"","passwdNew":"","lastLogin":"2024-12-10T20:07:17Z"},{"id":"287cba48-b165-4310-95a7-03ca4f22e8a9","created":"2024-12-10T21:12:23Z","updated":"2024-12-10T21:14:30Z","username":"advancing_medical_research","email":"hwalk086@uottawa.ca","displayName":"HeatherAnneWalker","uri":"","blog":"","im":"","imsvc":"","phone":"","company":"","address1":"","address2":"","locality":"","region":"","postalCode":"","countryCode":"","firstName":"Heather","lastName":"Walker","registrationIpaddr":"142.120.54.178","oidcUserId":"","isDashboardRoleAssignable":"false","isMasheryApiUser":"false","isImmutable":"false","isListingSubscriber":"false","areaStatus":"active","externalId":"","passwdNew":"","lastLogin":"2024-12-10T21:14:43Z"},{"id":"a332449b-2544-4dc9-8701-deffb6271535","created":"2024-12-10T22:16:16Z","updated":"2024-12-10T22:17:42Z","username":"vitorsr","email":"vitorsr@ufrn.edu.br","displayName":"Vítor","uri":"","blog":"","im":"","imsvc":"","phone":"","company":"","address1":"","address2":"","locality":"","region":"","postalCode":"","countryCode":"","firstName":"Vítor","lastName":"Ramos","registrationIpaddr":"179.181.131.129","oidcUserId":"","isDashboardRoleAssignable":"false","isMasheryApiUser":"false","isImmutable":"false","isListingSubscriber":"false","areaStatus":"active","externalId":"","passwdNew":"","lastLogin":"2024-12-10T23:09:37Z"},{"id":"6f528791-c5d5-45e7-8a31-6101a39c8428","created":"2024-12-11T02:23:52Z","updated":"2024-12-11T02:24:22Z","username":"xingchenyu","email":"Wdxing@nudt.edu.cn","displayName":"xcy","uri":"","blog":"","im":"","imsvc":"","phone":"","company":"","address1":"","address2":"","locality":"","region":"","postalCode":"","countryCode":"","firstName":"x","lastName":"cy","registrationIpaddr":"223.160.113.30","oidcUserId":"","isDashboardRoleAssignable":"false","isMasheryApiUser":"false","isImmutable":"false","isListingSubscriber":"false","areaStatus":"active","externalId":"","passwdNew":"","lastLogin":"2024-12-11T02:24:46Z"},{"id":"e3212ff9-7101-4153-bd9f-50243cf5a6f1","created":"2024-12-11T04:32:06Z","updated":"2024-12-11T04:32:37Z","username":"xdo2004","email":"xdo2004@pusan.ac.kr","displayName":"kimdong6dong","uri":"","blog":"","im":"","imsvc":"","phone":"","company":"","address1":"","address2":"","locality":"","region":"","postalCode":"","countryCode":"","firstName":"KIM","lastName":"DONGHYUN","registrationIpaddr":"58.87.60.233","oidcUserId":"","isDashboardRoleAssignable":"false","isMasheryApiUser":"false","isImmutable":"false","isListingSubscriber":"false","areaStatus":"active","externalId":"","passwdNew":"","lastLogin":"2024-12-11T04:32:55Z"},{"id":"c5945796-50d7-495e-9637-eea9a2a862cf","created":"2024-12-11T04:36:47Z","updated":"2024-12-11T04:37:11Z","username":"paeslemesa","email":"sabrina.correa@ufv.br","displayName":"Sabrina Correa","uri":"","blog":"","im":"","imsvc":"","phone":"","company":"","address1":"","address2":"","locality":"","region":"","postalCode":"","countryCode":"","firstName":"Sabrina","lastName":"Correa","registrationIpaddr":"177.107.255.168","oidcUserId":"","isDashboardRoleAssignable":"false","isMasheryApiUser":"false","isImmutable":"false","isListingSubscriber":"false","areaStatus":"active","externalId":"","passwdNew":"","lastLogin":"2024-12-11T04:38:03Z"},{"id":"7d6cfe2b-a620-4fa4-bcad-1ef2df360f92","created":"2024-12-11T06:11:29Z","updated":"2024-12-11T06:13:29Z","username":"piyushwandile","email":"wandilepiyush2002@gmail.com","displayName":"Piyush S Wandile","uri":"","blog":"","im":"","imsvc":"","phone":"","company":"","address1":"","address2":"","locality":"","region":"","postalCode":"","countryCode":"","firstName":"Piyush","lastName":"Wandile","registrationIpaddr":"49.47.11.57","oidcUserId":"","isDashboardRoleAssignable":"false","isMasheryApiUser":"false","isImmutable":"false","isListingSubscriber":"false","areaStatus":"active","externalId":"","passwdNew":"","lastLogin":"2024-12-11T06:14:35Z"},{"id":"8686332c-b847-4d00-91f8-dc4001afb19e","created":"2024-12-11T08:30:43Z","updated":"2024-12-11T08:31:02Z","username":"pyrusty","email":"jonathan.virga@gmail.com","displayName":"pyrusty","uri":"","blog":"","im":"","imsvc":"","phone":"","company":"","address1":"","address2":"","locality":"","region":"","postalCode":"","countryCode":"","firstName":"Jonathan","lastName":"VIRGA","registrationIpaddr":"92.135.21.53","oidcUserId":"","isDashboardRoleAssignable":"false","isMasheryApiUser":"false","isImmutable":"false","isListingSubscriber":"false","areaStatus":"active","externalId":"","passwdNew":"","lastLogin":"2025-01-02T08:18:04Z"},{"id":"ffa754d6-8130-42d2-8e15-e9392648db9b","created":"2024-12-11T13:59:20Z","updated":"2024-12-11T13:59:33Z","username":"kanisorn_kku","email":"kanisorn.roysri@kkumail.com","displayName":"Kanisorn","uri":"","blog":"","im":"","imsvc":"","phone":"","company":"","address1":"","address2":"","locality":"","region":"","postalCode":"","countryCode":"","firstName":"Kanisorn","lastName":"Roysri","registrationIpaddr":"1.4.176.141","oidcUserId":"","isDashboardRoleAssignable":"false","isMasheryApiUser":"false","isImmutable":"false","isListingSubscriber":"false","areaStatus":"active","externalId":"","passwdNew":"","lastLogin":"2024-12-11T14:11:03Z"},{"id":"d2a6f31e-a0a9-4a8f-9fd8-d44c8c8b4a6d","created":"2024-12-11T15:04:17Z","updated":"2024-12-11T15:07:17Z","username":"John Bonk","email":"F1006023@cloud.dyu.edu.tw","displayName":"John","uri":"","blog":"","im":"","imsvc":"","phone":"","company":"","address1":"","address2":"","locality":"","region":"","postalCode":"","countryCode":"","firstName":"正一","lastName":"邱","registrationIpaddr":"118.232.5.104","oidcUserId":"","isDashboardRoleAssignable":"false","isMasheryApiUser":"false","isImmutable":"false","isListingSubscriber":"false","areaStatus":"active","externalId":"","passwdNew":"","lastLogin":"2024-12-11T15:12:58Z"},{"id":"db2658a1-3902-4c6f-ae94-7f6c8bc5968c","created":"2024-12-11T17:47:25Z","updated":"2024-12-11T17:47:50Z","username":"CengizhanByrm","email":"cenghanbayram35@gmail.com","displayName":"Cengizhan ","uri":"","blog":"","im":"","imsvc":"","phone":"","company":"","address1":"","address2":"","locality":"","region":"","postalCode":"","countryCode":"","firstName":"Cengizhan ","lastName":"Bayram","registrationIpaddr":"194.27.157.41","oidcUserId":"","isDashboardRoleAssignable":"false","isMasheryApiUser":"false","isImmutable":"false","isListingSubscriber":"false","areaStatus":"active","externalId":"","passwdNew":"","lastLogin":"2024-12-12T08:31:57Z"},{"id":"905f997c-705a-4901-b141-74d0dc580974","created":"2024-12-12T06:23:38Z","updated":"2024-12-12T06:23:53Z","username":"Diowangg","email":"dio3030130301@gmail.com","displayName":"Dio","uri":"","blog":"","im":"","imsvc":"","phone":"","company":"","address1":"","address2":"","locality":"","region":"","postalCode":"","countryCode":"","firstName":"Dio","lastName":"Wang","registrationIpaddr":"140.116.163.23","oidcUserId":"","isDashboardRoleAssignable":"false","isMasheryApiUser":"false","isImmutable":"false","isListingSubscriber":"false","areaStatus":"active","externalId":"","passwdNew":"","lastLogin":"2024-12-16T13:59:52Z"},{"id":"5d391712-354b-4869-b912-74907740eb27","created":"2024-12-12T07:59:23Z","updated":"2024-12-12T08:00:26Z","username":"124563","email":"3296890145@qq.com","displayName":"124563","uri":"","blog":"","im":"","imsvc":"","phone":"","company":"","address1":"","address2":"","locality":"","region":"","postalCode":"","countryCode":"","firstName":"虾鱼板面","lastName":"鲜","registrationIpaddr":"27.128.11.55","oidcUserId":"","isDashboardRoleAssignable":"false","isMasheryApiUser":"false","isImmutable":"false","isListingSubscriber":"false","areaStatus":"active","externalId":"","passwdNew":"","lastLogin":""},{"id":"2fdc0a99-c782-47dd-a158-4944aa89a9e6","created":"2024-12-12T17:13:58Z","updated":"2024-12-12T17:20:12Z","username":"Gqmg3gn3i4gnk3","email":"janik.kaden@etit.tu-chemnitz.de","displayName":"JanikKaden","uri":"","blog":"","im":"","imsvc":"","phone":"","company":"","address1":"","address2":"","locality":"","region":"","postalCode":"","countryCode":"","firstName":"Janik","lastName":"Kaden","registrationIpaddr":"85.232.8.143","oidcUserId":"","isDashboardRoleAssignable":"false","isMasheryApiUser":"false","isImmutable":"false","isListingSubscriber":"false","areaStatus":"disabled","externalId":"","passwdNew":"","lastLogin":"2024-12-12T17:15:22Z"},{"id":"5668b5b0-4e5b-4724-b672-54ce16bba9e8","created":"2024-12-12T18:49:43Z","updated":"2024-12-12T18:50:35Z","username":"mase-m11","email":"mangummason@gmail.com","displayName":"masem11","uri":"","blog":"","im":"","imsvc":"","phone":"","company":"","address1":"","address2":"","locality":"","region":"","postalCode":"","countryCode":"","firstName":"mason","lastName":"m","registrationIpaddr":"47.218.249.186","oidcUserId":"","isDashboardRoleAssignable":"false","isMasheryApiUser":"false","isImmutable":"false","isListingSubscriber":"false","areaStatus":"active","externalId":"","passwdNew":"","lastLogin":"2024-12-12T18:50:44Z"},{"id":"5a93daa5-c34d-46d3-8689-dd38759ec43b","created":"2024-12-12T20:03:13Z","updated":"2024-12-12T20:03:28Z","username":"AMG2023","email":"amina.matouk@ens-paris-saclay.fr","displayName":"Amina","uri":"","blog":"","im":"","imsvc":"","phone":"","company":"","address1":"","address2":"","locality":"","region":"","postalCode":"","countryCode":"","firstName":"Amina","lastName":"GAHFIF","registrationIpaddr":"176.160.40.140","oidcUserId":"","isDashboardRoleAssignable":"false","isMasheryApiUser":"false","isImmutable":"false","isListingSubscriber":"false","areaStatus":"active","externalId":"","passwdNew":"","lastLogin":"2025-01-09T13:11:27Z"},{"id":"7beabceb-430c-4c36-9f0d-d21061062519","created":"2024-12-13T01:26:02Z","updated":"2024-12-13T01:26:31Z","username":"yuanxi98","email":"cyx851344@yeah.net","displayName":"yuanxi","uri":"","blog":"","im":"","imsvc":"","phone":"","company":"","address1":"","address2":"","locality":"","region":"","postalCode":"","countryCode":"","firstName":"Yuanxi","lastName":"Che","registrationIpaddr":"113.200.174.73","oidcUserId":"","isDashboardRoleAssignable":"false","isMasheryApiUser":"false","isImmutable":"false","isListingSubscriber":"false","areaStatus":"active","externalId":"","passwdNew":"","lastLogin":"2024-12-13T01:26:42Z"},{"id":"72358a04-e140-4b5c-88f3-a0b5cb94a401","created":"2024-12-13T01:38:22Z","updated":"2024-12-13T01:38:34Z","username":"Kyshima","email":"1222731@isep.ipp.pt","displayName":"Kyshima","uri":"","blog":"","im":"","imsvc":"","phone":"","company":"","address1":"","address2":"","locality":"","region":"","postalCode":"","countryCode":"","firstName":"Ana","lastName":"Moreira","registrationIpaddr":"193.136.56.26","oidcUserId":"","isDashboardRoleAssignable":"false","isMasheryApiUser":"false","isImmutable":"false","isListingSubscriber":"false","areaStatus":"active","externalId":"","passwdNew":"","lastLogin":"2024-12-13T01:40:05Z"},{"id":"77268dee-9e75-416e-a9ba-902f9a721203","created":"2024-12-13T03:46:33Z","updated":"2024-12-13T03:47:00Z","username":"rbee","email":"ricky.bee@optum.com","displayName":"rbee","uri":"","blog":"","im":"","imsvc":"","phone":"","company":"","address1":"","address2":"","locality":"","region":"","postalCode":"","countryCode":"","firstName":"Ricky","lastName":"Bee","registrationIpaddr":"136.226.61.17","oidcUserId":"","isDashboardRoleAssignable":"false","isMasheryApiUser":"false","isImmutable":"false","isListingSubscriber":"false","areaStatus":"active","externalId":"","passwdNew":"","lastLogin":"2024-12-13T03:50:14Z"},{"id":"00237739-d28e-4c29-8c14-94f022c6eb2d","created":"2024-12-13T09:17:02Z","updated":"2024-12-13T09:17:46Z","username":"abolfazl_mohebbi","email":"abolfazl.mohebbi@polymtl.ca","displayName":"Abolfazl_Mohebbi","uri":"","blog":"","im":"","imsvc":"","phone":"","company":"","address1":"","address2":"","locality":"","region":"","postalCode":"","countryCode":"","firstName":"Abolfazl","lastName":"Mohebbi","registrationIpaddr":"45.131.195.153","oidcUserId":"","isDashboardRoleAssignable":"false","isMasheryApiUser":"false","isImmutable":"false","isListingSubscriber":"false","areaStatus":"active","externalId":"","passwdNew":"","lastLogin":"2024-12-13T09:18:09Z"},{"id":"5f082de3-c85d-4006-97a8-31dee0417c41","created":"2024-12-13T12:44:28Z","updated":"2024-12-13T12:45:26Z","username":"Anu_shree","email":"1nt21cs039.anushree@nmit.ac.in","displayName":"Anushree","uri":"","blog":"","im":"","imsvc":"","phone":"","company":"","address1":"","address2":"","locality":"","region":"","postalCode":"","countryCode":"","firstName":"Anushree","lastName":"L","registrationIpaddr":"223.186.11.103","oidcUserId":"","isDashboardRoleAssignable":"false","isMasheryApiUser":"false","isImmutable":"false","isListingSubscriber":"false","areaStatus":"active","externalId":"","passwdNew":"","lastLogin":"2024-12-13T12:48:21Z"},{"id":"7b87cece-06fe-49f4-a641-2e870d004b60","created":"2024-12-13T13:05:12Z","updated":"2024-12-13T13:05:33Z","username":"Roshan_16","email":"228w1a12h0@vrsec.ac.in","displayName":"Eleshaddai Roshan","uri":"","blog":"","im":"","imsvc":"","phone":"","company":"","address1":"","address2":"","locality":"","region":"","postalCode":"","countryCode":"","firstName":"Eleshaddai Roshan","lastName":"Matta","registrationIpaddr":"45.249.79.10","oidcUserId":"","isDashboardRoleAssignable":"false","isMasheryApiUser":"false","isImmutable":"false","isListingSubscriber":"false","areaStatus":"active","externalId":"","passwdNew":"","lastLogin":"2024-12-13T13:06:01Z"},{"id":"9a996c78-f503-43b4-bfe3-40edda28974a","created":"2024-12-13T15:06:57Z","updated":"2024-12-13T15:07:08Z","username":"bjhz","email":"467025668@qq.com","displayName":"Z ","uri":"","blog":"","im":"","imsvc":"","phone":"","company":"","address1":"","address2":"","locality":"","region":"","postalCode":"","countryCode":"","firstName":"Lei","lastName":"Jia","registrationIpaddr":"113.200.58.68","oidcUserId":"","isDashboardRoleAssignable":"false","isMasheryApiUser":"false","isImmutable":"false","isListingSubscriber":"false","areaStatus":"active","externalId":"","passwdNew":"","lastLogin":"2024-12-13T15:07:27Z"},{"id":"73e20afa-56f3-4b30-82da-bd0a6ff78865","created":"2024-12-13T15:33:00Z","updated":"2025-01-01T15:27:08Z","username":"hessianAiIEEE","email":"ahmetkyetisir@gmail.com","displayName":"hessianAiIEEE","uri":"","blog":"","im":"","imsvc":"","phone":"","company":"","address1":"","address2":"","locality":"","region":"","postalCode":"","countryCode":"","firstName":"Hessian","lastName":"Ai","registrationIpaddr":"130.83.114.165","oidcUserId":"","isDashboardRoleAssignable":"false","isMasheryApiUser":"false","isImmutable":"false","isListingSubscriber":"false","areaStatus":"active","externalId":"","passwdNew":"","lastLogin":"2025-01-07T20:33:02Z"},{"id":"b02c3ab5-4af4-4d2a-8bc9-b26a68cf50c9","created":"2024-12-14T07:09:53Z","updated":"2024-12-14T07:10:24Z","username":"m-k-5sdfq","email":"kondo@posl.ait.kyushu-u.ac.jp","displayName":"mk","uri":"","blog":"","im":"","imsvc":"","phone":"","company":"","address1":"","address2":"","locality":"","region":"","postalCode":"","countryCode":"","firstName":"Masanari","lastName":"Kondo","registrationIpaddr":"133.5.19.52","oidcUserId":"","isDashboardRoleAssignable":"false","isMasheryApiUser":"false","isImmutable":"false","isListingSubscriber":"false","areaStatus":"active","externalId":"","passwdNew":"","lastLogin":"2024-12-19T05:38:16Z"},{"id":"258c040e-cd2f-45e5-bf21-061e2b91b8fc","created":"2024-12-14T09:44:06Z","updated":"2024-12-14T09:44:30Z","username":"tionseou","email":"trident_evade118@8shield.net","displayName":"ionoutio","uri":"","blog":"","im":"","imsvc":"","phone":"","company":"","address1":"","address2":"","locality":"","region":"","postalCode":"","countryCode":"","firstName":"Tom","lastName":"Tom","registrationIpaddr":"87.249.133.232","oidcUserId":"","isDashboardRoleAssignable":"false","isMasheryApiUser":"false","isImmutable":"false","isListingSubscriber":"false","areaStatus":"active","externalId":"","passwdNew":"","lastLogin":"2024-12-14T09:44:43Z"},{"id":"56afe773-0249-4c51-850e-07dc0deb4622","created":"2024-12-14T12:33:18Z","updated":"2024-12-14T12:34:32Z","username":"xyl293301","email":"3093996424@qq.com","displayName":"xyl","uri":"","blog":"","im":"","imsvc":"","phone":"","company":"","address1":"","address2":"","locality":"","region":"","postalCode":"","countryCode":"","firstName":"Xia","lastName":"Xinyue","registrationIpaddr":"112.10.183.212","oidcUserId":"","isDashboardRoleAssignable":"false","isMasheryApiUser":"false","isImmutable":"false","isListingSubscriber":"false","areaStatus":"active","externalId":"","passwdNew":"","lastLogin":"2024-12-14T12:38:33Z"},{"id":"94d9e5b9-7926-4df5-9619-532f888b8d40","created":"2024-12-14T13:01:27Z","updated":"2024-12-14T13:01:37Z","username":"jyesr","email":"jyesawtellrickson@gmail.com","displayName":"jyesr","uri":"","blog":"","im":"","imsvc":"","phone":"","company":"","address1":"","address2":"","locality":"","region":"","postalCode":"","countryCode":"","firstName":"Jye","lastName":"Sawtell-Rickson","registrationIpaddr":"118.169.231.117","oidcUserId":"","isDashboardRoleAssignable":"false","isMasheryApiUser":"false","isImmutable":"false","isListingSubscriber":"false","areaStatus":"active","externalId":"","passwdNew":"","lastLogin":"2024-12-14T13:02:03Z"},{"id":"af765f34-f566-4ee1-b52e-e6c3769af398","created":"2024-12-14T21:47:51Z","updated":"2024-12-14T21:48:09Z","username":"thunderwalker","email":"matt@thunderwalker.com","displayName":"thunderwalker","uri":"","blog":"","im":"","imsvc":"","phone":"","company":"","address1":"","address2":"","locality":"","region":"","postalCode":"","countryCode":"","firstName":"Matthew","lastName":"Pardini","registrationIpaddr":"24.4.77.68","oidcUserId":"","isDashboardRoleAssignable":"false","isMasheryApiUser":"false","isImmutable":"false","isListingSubscriber":"false","areaStatus":"active","externalId":"","passwdNew":"","lastLogin":"2024-12-16T19:14:59Z"},{"id":"a3c49fca-78ef-4632-abf1-6050c59e8f44","created":"2024-12-15T01:36:43Z","updated":"2024-12-15T01:38:31Z","username":"sa4224","email":"saleh.ardameh@gmail.com","displayName":"Saleh","uri":"","blog":"","im":"","imsvc":"","phone":"","company":"","address1":"","address2":"","locality":"","region":"","postalCode":"","countryCode":"","firstName":"Saleh","lastName":"Ardameh","registrationIpaddr":"62.216.203.238","oidcUserId":"","isDashboardRoleAssignable":"false","isMasheryApiUser":"false","isImmutable":"false","isListingSubscriber":"false","areaStatus":"active","externalId":"","passwdNew":"","lastLogin":"2024-12-15T11:30:20Z"},{"id":"da858b39-652d-4b6b-a799-cf56a7fd0106","created":"2024-12-15T17:04:16Z","updated":"2024-12-15T17:04:33Z","username":"sabmika","email":"sabrina.kaniewski@hs-esslingen.de","displayName":"sabmika","uri":"","blog":"","im":"","imsvc":"","phone":"","company":"","address1":"","address2":"","locality":"","region":"","postalCode":"","countryCode":"","firstName":"Sabrina","lastName":"Kaniewski","registrationIpaddr":"79.209.60.226","oidcUserId":"","isDashboardRoleAssignable":"false","isMasheryApiUser":"false","isImmutable":"false","isListingSubscriber":"false","areaStatus":"active","externalId":"","passwdNew":"","lastLogin":"2024-12-23T14:18:15Z"},{"id":"2cbe8d2a-7624-440b-8e48-dd866de53558","created":"2024-12-15T17:25:20Z","updated":"2024-12-15T17:25:45Z","username":"Ouail Laamiri","email":"laamiri.ouail@etu.uae.ac.ma","displayName":"Ouail Laamiri","uri":"","blog":"","im":"","imsvc":"","phone":"","company":"","address1":"","address2":"","locality":"","region":"","postalCode":"","countryCode":"","firstName":"Ouail","lastName":"Laamiri","registrationIpaddr":"105.73.96.80","oidcUserId":"","isDashboardRoleAssignable":"false","isMasheryApiUser":"false","isImmutable":"false","isListingSubscriber":"false","areaStatus":"active","externalId":"","passwdNew":"","lastLogin":"2024-12-15T17:26:03Z"},{"id":"e31556bc-3390-44e3-bce3-08b8ff15fe33","created":"2024-12-15T18:52:08Z","updated":"2024-12-15T18:52:30Z","username":"WitchakonB","email":"witchakorn.b@kkumail.com","displayName":"Witch","uri":"","blog":"","im":"","imsvc":"","phone":"","company":"","address1":"","address2":"","locality":"","region":"","postalCode":"","countryCode":"","firstName":"Wtichakorn","lastName":"Boonprakom","registrationIpaddr":"202.28.119.71","oidcUserId":"","isDashboardRoleAssignable":"false","isMasheryApiUser":"false","isImmutable":"false","isListingSubscriber":"false","areaStatus":"active","externalId":"","passwdNew":"","lastLogin":"2024-12-26T20:41:10Z"},{"id":"1e93b06f-611c-49ef-8cfb-9645e4354a75","created":"2024-12-16T02:42:16Z","updated":"2024-12-16T02:43:03Z","username":"shenzichao","email":"s13584095603@163.com","displayName":"chao","uri":"","blog":"","im":"","imsvc":"","phone":"","company":"","address1":"","address2":"","locality":"","region":"","postalCode":"","countryCode":"","firstName":"shen","lastName":"zichao","registrationIpaddr":"36.152.116.11","oidcUserId":"","isDashboardRoleAssignable":"false","isMasheryApiUser":"false","isImmutable":"false","isListingSubscriber":"false","areaStatus":"active","externalId":"","passwdNew":"","lastLogin":"2024-12-16T02:44:47Z"},{"id":"8b437d65-96aa-46e4-83ab-1f693c9bd57b","created":"2024-12-16T07:58:28Z","updated":"2024-12-16T07:59:10Z","username":"XL626","email":"18204020705@139.com","displayName":"XLSL","uri":"","blog":"","im":"","imsvc":"","phone":"","company":"","address1":"","address2":"","locality":"","region":"","postalCode":"","countryCode":"","firstName":"David","lastName":"XL","registrationIpaddr":"39.144.59.46","oidcUserId":"","isDashboardRoleAssignable":"false","isMasheryApiUser":"false","isImmutable":"false","isListingSubscriber":"false","areaStatus":"active","externalId":"","passwdNew":"","lastLogin":""},{"id":"4a3681b7-e9a4-417d-a08b-dac285ea5157","created":"2024-12-16T16:58:50Z","updated":"2024-12-16T16:59:02Z","username":"karan_mh","email":"Karan.mirhossein4@gmail.com","displayName":"karan","uri":"","blog":"","im":"","imsvc":"","phone":"","company":"","address1":"","address2":"","locality":"","region":"","postalCode":"","countryCode":"","firstName":"Karan","lastName":"Mirhosseini","registrationIpaddr":"193.38.34.15","oidcUserId":"","isDashboardRoleAssignable":"false","isMasheryApiUser":"false","isImmutable":"false","isListingSubscriber":"false","areaStatus":"active","externalId":"","passwdNew":"","lastLogin":"2024-12-16T16:59:19Z"},{"id":"8220f5f6-31f5-45d6-9ce1-a3d10d406298","created":"2024-12-16T21:01:53Z","updated":"2024-12-16T21:09:16Z","username":"polypod","email":"henrik.enbuske@ericsson.com","displayName":"polypod","uri":"","blog":"","im":"","imsvc":"","phone":"","company":"","address1":"","address2":"","locality":"","region":"","postalCode":"","countryCode":"","firstName":"Henrik","lastName":"Enbuske","registrationIpaddr":"46.39.112.243","oidcUserId":"","isDashboardRoleAssignable":"false","isMasheryApiUser":"false","isImmutable":"false","isListingSubscriber":"false","areaStatus":"active","externalId":"","passwdNew":"","lastLogin":""},{"id":"d1eee9d4-b66c-480d-9340-3d201490189f","created":"2024-12-17T00:09:47Z","updated":"2024-12-17T00:10:39Z","username":"szk3s6","email":"k.suzuki3s6@murata.com","displayName":"szk3s6","uri":"","blog":"","im":"","imsvc":"","phone":"","company":"","address1":"","address2":"","locality":"","region":"","postalCode":"","countryCode":"","firstName":"Katsuyoshi","lastName":"Suzuki","registrationIpaddr":"134.238.242.171","oidcUserId":"","isDashboardRoleAssignable":"false","isMasheryApiUser":"false","isImmutable":"false","isListingSubscriber":"false","areaStatus":"active","externalId":"","passwdNew":"","lastLogin":"2025-01-06T05:18:38Z"},{"id":"bde2be00-6a37-4268-a611-6dff5598d259","created":"2024-12-17T00:49:55Z","updated":"2024-12-17T00:50:10Z","username":"Nao1994","email":"izumoto.naoto@jp.panasonic.com","displayName":"Nao","uri":"","blog":"","im":"","imsvc":"","phone":"","company":"","address1":"","address2":"","locality":"","region":"","postalCode":"","countryCode":"","firstName":"Naoto","lastName":"Izumoto","registrationIpaddr":"147.161.194.196","oidcUserId":"","isDashboardRoleAssignable":"false","isMasheryApiUser":"false","isImmutable":"false","isListingSubscriber":"false","areaStatus":"active","externalId":"","passwdNew":"","lastLogin":"2024-12-17T00:50:44Z"},{"id":"890b7e8e-95a5-476c-824b-0571fa108560","created":"2024-12-17T01:15:35Z","updated":"2024-12-17T01:15:35Z","username":"texasaggienuke","email":"thomas.hallmark@tamu.edu","displayName":"Thomas","uri":"","blog":"","im":"","imsvc":"","phone":"","company":"","address1":"","address2":"","locality":"","region":"","postalCode":"","countryCode":"","firstName":"Thomas","lastName":"Hallmark","registrationIpaddr":"47.211.198.238","oidcUserId":"","isDashboardRoleAssignable":"false","isMasheryApiUser":"false","isImmutable":"false","isListingSubscriber":"false","areaStatus":"waiting","externalId":"","passwdNew":"","lastLogin":""},{"id":"70090a0a-ae92-4325-ad4e-b1bfb8e72985","created":"2024-12-17T06:58:43Z","updated":"2024-12-17T06:59:04Z","username":"Anguraj 1989","email":"angurajv@simc.co.in","displayName":"Anguraj ","uri":"","blog":"","im":"","imsvc":"","phone":"","company":"","address1":"","address2":"","locality":"","region":"","postalCode":"","countryCode":"","firstName":"Anguraj ","lastName":"Velmayil ","registrationIpaddr":"106.222.198.165","oidcUserId":"","isDashboardRoleAssignable":"false","isMasheryApiUser":"false","isImmutable":"false","isListingSubscriber":"false","areaStatus":"active","externalId":"","passwdNew":"","lastLogin":"2024-12-17T06:59:23Z"},{"id":"2a07185c-788e-42d0-9440-8358fa9a2905","created":"2024-12-17T14:52:46Z","updated":"2024-12-17T14:53:33Z","username":"mehmet9595","email":"m.farajii@tabrizu.ac.ir","displayName":"mohammad","uri":"","blog":"","im":"","imsvc":"","phone":"","company":"","address1":"","address2":"","locality":"","region":"","postalCode":"","countryCode":"","firstName":"mohammad","lastName":"faraji","registrationIpaddr":"160.80.2.38","oidcUserId":"","isDashboardRoleAssignable":"false","isMasheryApiUser":"false","isImmutable":"false","isListingSubscriber":"false","areaStatus":"active","externalId":"","passwdNew":"","lastLogin":"2024-12-17T14:53:53Z"},{"id":"eb6efe8d-8fb1-4ba9-8c15-19e526a6072a","created":"2024-12-17T16:18:06Z","updated":"2024-12-17T16:18:46Z","username":"lukasc-ch","email":"lukas@cavigelli.net","displayName":"Lukas Cavigelli","uri":"","blog":"","im":"","imsvc":"","phone":"","company":"","address1":"","address2":"","locality":"","region":"","postalCode":"","countryCode":"","firstName":"Lukas","lastName":"Cavigelli","registrationIpaddr":"14.137.135.215","oidcUserId":"","isDashboardRoleAssignable":"false","isMasheryApiUser":"false","isImmutable":"false","isListingSubscriber":"false","areaStatus":"active","externalId":"","passwdNew":"","lastLogin":"2024-12-18T14:23:44Z"},{"id":"c5b6c5a3-82e7-435d-9fd9-af743efa1786","created":"2024-12-18T06:14:56Z","updated":"2024-12-18T06:15:15Z","username":"xii799","email":"mikhail@xlab.iii.u-tokyo.ac.jp","displayName":"xii799","uri":"","blog":"","im":"","imsvc":"","phone":"","company":"","address1":"","address2":"","locality":"","region":"","postalCode":"","countryCode":"","firstName":"Mikhail","lastName":"Mansion","registrationIpaddr":"122.220.192.194","oidcUserId":"","isDashboardRoleAssignable":"false","isMasheryApiUser":"false","isImmutable":"false","isListingSubscriber":"false","areaStatus":"active","externalId":"","passwdNew":"","lastLogin":"2024-12-18T06:47:43Z"},{"id":"42a812d7-585b-46d1-8e5d-9e118e29aafd","created":"2024-12-18T08:24:26Z","updated":"2024-12-18T08:24:57Z","username":"Junpei","email":"junpei.kaneda@maruzen.co.jp","displayName":"Junpei","uri":"","blog":"","im":"","imsvc":"","phone":"","company":"","address1":"","address2":"","locality":"","region":"","postalCode":"","countryCode":"","firstName":"Junpei","lastName":"Kaneda","registrationIpaddr":"153.153.151.104","oidcUserId":"","isDashboardRoleAssignable":"false","isMasheryApiUser":"false","isImmutable":"false","isListingSubscriber":"false","areaStatus":"active","externalId":"","passwdNew":"","lastLogin":"2024-12-18T08:25:22Z"},{"id":"ba434daa-9806-4e7c-9c5c-d0cc8baa3728","created":"2024-12-18T09:15:11Z","updated":"2024-12-18T09:16:40Z","username":"crisinmotion","email":"sgreiner@uv.uni-kiel.de","displayName":"Stefan","uri":"","blog":"","im":"","imsvc":"","phone":"","company":"","address1":"","address2":"","locality":"","region":"","postalCode":"","countryCode":"","firstName":"Stefan","lastName":"Greiner","registrationIpaddr":"134.245.22.14","oidcUserId":"","isDashboardRoleAssignable":"false","isMasheryApiUser":"false","isImmutable":"false","isListingSubscriber":"false","areaStatus":"active","externalId":"","passwdNew":"","lastLogin":"2025-01-22T10:06:18Z"},{"id":"2f2d3d10-439f-466f-b1f4-c8b1640a2906","created":"2024-12-18T10:30:12Z","updated":"2024-12-18T10:30:28Z","username":"BorcardD","email":"daniel.borcard@unifr.ch","displayName":"BorcardD","uri":"","blog":"","im":"","imsvc":"","phone":"","company":"","address1":"","address2":"","locality":"","region":"","postalCode":"","countryCode":"","firstName":"Daniel","lastName":"Borcard","registrationIpaddr":"134.21.146.40","oidcUserId":"","isDashboardRoleAssignable":"false","isMasheryApiUser":"false","isImmutable":"false","isListingSubscriber":"false","areaStatus":"active","externalId":"","passwdNew":"","lastLogin":"2024-12-18T13:22:53Z"},{"id":"0a402243-ef13-4364-a92a-cd6f3a57beb2","created":"2024-12-18T11:23:02Z","updated":"2024-12-18T11:23:31Z","username":"alex_enache","email":"alexandru.enache@ieee.org","displayName":"alexenache","uri":"","blog":"","im":"","imsvc":"","phone":"","company":"","address1":"","address2":"","locality":"","region":"","postalCode":"","countryCode":"","firstName":"Alexandru Gabriel","lastName":"Enache","registrationIpaddr":"81.196.3.148","oidcUserId":"","isDashboardRoleAssignable":"false","isMasheryApiUser":"false","isImmutable":"false","isListingSubscriber":"false","areaStatus":"active","externalId":"","passwdNew":"","lastLogin":"2025-01-11T10:10:31Z"},{"id":"2d8244e7-dc42-41bf-ad9b-2a8ece700367","created":"2024-12-18T12:27:41Z","updated":"2024-12-18T12:27:41Z","username":"vineethv","email":"vineethv@mit.edu","displayName":"vineeth","uri":"","blog":"","im":"","imsvc":"","phone":"","company":"","address1":"","address2":"","locality":"","region":"","postalCode":"","countryCode":"","firstName":"Vineeth","lastName":"Venugopal","registrationIpaddr":"18.11.250.12","oidcUserId":"","isDashboardRoleAssignable":"false","isMasheryApiUser":"false","isImmutable":"false","isListingSubscriber":"false","areaStatus":"waiting","externalId":"","passwdNew":"","lastLogin":""},{"id":"73c3b04e-1755-4012-8df3-84b795074949","created":"2024-12-18T13:06:12Z","updated":"2024-12-18T13:06:28Z","username":"crazytang","email":"24B303016@stu.hit.edu.cn","displayName":"crazy_tang123","uri":"","blog":"","im":"","imsvc":"","phone":"","company":"","address1":"","address2":"","locality":"","region":"","postalCode":"","countryCode":"","firstName":"Tian","lastName":"David","registrationIpaddr":"141.11.130.163","oidcUserId":"","isDashboardRoleAssignable":"false","isMasheryApiUser":"false","isImmutable":"false","isListingSubscriber":"false","areaStatus":"active","externalId":"","passwdNew":"","lastLogin":"2024-12-18T13:06:58Z"},{"id":"0a3ba044-4172-4073-b3b3-856962a0985b","created":"2024-12-18T15:38:01Z","updated":"2024-12-18T15:38:21Z","username":"uztfs","email":"uztfs@student.kit.edu","displayName":"uztfs","uri":"","blog":"","im":"","imsvc":"","phone":"","company":"","address1":"","address2":"","locality":"","region":"","postalCode":"","countryCode":"","firstName":"uztfs","lastName":"uztfs","registrationIpaddr":"129.13.186.0","oidcUserId":"","isDashboardRoleAssignable":"false","isMasheryApiUser":"false","isImmutable":"false","isListingSubscriber":"false","areaStatus":"active","externalId":"","passwdNew":"","lastLogin":"2024-12-18T15:39:02Z"},{"id":"ed5e1460-a19f-40f3-8de2-a0ca1d7f85f0","created":"2024-12-18T16:50:25Z","updated":"2024-12-18T16:50:56Z","username":"815719451","email":"zzy815719451@gmail.com","displayName":"Skininthegame","uri":"","blog":"","im":"","imsvc":"","phone":"","company":"","address1":"","address2":"","locality":"","region":"","postalCode":"","countryCode":"","firstName":"Billie","lastName":"Brown","registrationIpaddr":"38.107.236.175","oidcUserId":"","isDashboardRoleAssignable":"false","isMasheryApiUser":"false","isImmutable":"false","isListingSubscriber":"false","areaStatus":"active","externalId":"","passwdNew":"","lastLogin":"2024-12-18T16:51:20Z"},{"id":"9493bb67-4081-4ba0-82b0-dbc225bf041c","created":"2024-12-18T18:21:01Z","updated":"2025-01-08T16:27:39Z","username":"Lex lawyer","email":"jek.huang@cambridge.ai","displayName":"Lex lawyer","uri":"","blog":"","im":"","imsvc":"","phone":"","company":"","address1":"","address2":"","locality":"","region":"","postalCode":"","countryCode":"","firstName":"jek","lastName":"hu","registrationIpaddr":"87.224.37.242","oidcUserId":"","isDashboardRoleAssignable":"false","isMasheryApiUser":"false","isImmutable":"false","isListingSubscriber":"false","areaStatus":"disabled","externalId":"","passwdNew":"","lastLogin":"2024-12-18T18:24:32Z"},{"id":"66da1af4-a8c7-49e2-bfa1-0fe9d67c21a0","created":"2024-12-19T01:24:00Z","updated":"2024-12-19T01:24:00Z","username":"xxx007","email":"2830358765@qq.com","displayName":"xxx007","uri":"","blog":"","im":"","imsvc":"","phone":"","company":"","address1":"","address2":"","locality":"","region":"","postalCode":"","countryCode":"","firstName":"Able","lastName":"Abe","registrationIpaddr":"42.84.234.49","oidcUserId":"","isDashboardRoleAssignable":"false","isMasheryApiUser":"false","isImmutable":"false","isListingSubscriber":"false","areaStatus":"waiting","externalId":"","passwdNew":"","lastLogin":""},{"id":"b53ce830-0205-482c-9ad9-e160349168d8","created":"2024-12-19T03:24:59Z","updated":"2024-12-19T03:25:26Z","username":"Yue Song","email":"song_yue_@outlook.com","displayName":"Yue Song","uri":"","blog":"","im":"","imsvc":"","phone":"","company":"","address1":"","address2":"","locality":"","region":"","postalCode":"","countryCode":"","firstName":"Yue","lastName":"Song","registrationIpaddr":"50.114.159.198","oidcUserId":"","isDashboardRoleAssignable":"false","isMasheryApiUser":"false","isImmutable":"false","isListingSubscriber":"false","areaStatus":"active","externalId":"","passwdNew":"","lastLogin":"2024-12-22T11:27:57Z"},{"id":"6d6c5464-0c38-43d6-83a3-113ddf1479d4","created":"2024-12-19T03:28:55Z","updated":"2024-12-19T03:29:20Z","username":"joluke28","email":"joluke28@gmail.com","displayName":"elijahBailey45","uri":"","blog":"","im":"","imsvc":"","phone":"","company":"","address1":"","address2":"","locality":"","region":"","postalCode":"","countryCode":"","firstName":"Jordan","lastName":"Luke","registrationIpaddr":"108.65.74.136","oidcUserId":"","isDashboardRoleAssignable":"false","isMasheryApiUser":"false","isImmutable":"false","isListingSubscriber":"false","areaStatus":"active","externalId":"","passwdNew":"","lastLogin":"2024-12-19T03:31:23Z"},{"id":"0eced883-e160-4660-84ce-5ce42a9ab564","created":"2024-12-19T15:24:44Z","updated":"2024-12-19T15:25:08Z","username":"aoliao","email":"2135007083@qq.com","displayName":"aoliao","uri":"","blog":"","im":"","imsvc":"","phone":"","company":"","address1":"","address2":"","locality":"","region":"","postalCode":"","countryCode":"","firstName":"yan","lastName":"zhang","registrationIpaddr":"27.44.122.213","oidcUserId":"","isDashboardRoleAssignable":"false","isMasheryApiUser":"false","isImmutable":"false","isListingSubscriber":"false","areaStatus":"active","externalId":"","passwdNew":"","lastLogin":"2024-12-19T15:27:05Z"},{"id":"3cb83dfd-31b4-449c-a643-3d4e1056c23b","created":"2024-12-19T20:00:23Z","updated":"2024-12-19T20:00:47Z","username":"akpieee","email":"122304008@smail.iitpkd.ac.in","displayName":"Asit Panda","uri":"","blog":"","im":"","imsvc":"","phone":"","company":"","address1":"","address2":"","locality":"","region":"","postalCode":"","countryCode":"","firstName":"Asit Kumar","lastName":"Panda","registrationIpaddr":"14.139.174.50","oidcUserId":"","isDashboardRoleAssignable":"false","isMasheryApiUser":"false","isImmutable":"false","isListingSubscriber":"false","areaStatus":"active","externalId":"","passwdNew":"","lastLogin":"2025-01-20T10:24:08Z"},{"id":"dc9ad0c4-063c-43a2-a273-cdf694c6f244","created":"2024-12-19T20:58:18Z","updated":"2024-12-19T20:58:33Z","username":"wangdi1310","email":"wangdi1310@gmail.com","displayName":"Di","uri":"","blog":"","im":"","imsvc":"","phone":"","company":"","address1":"","address2":"","locality":"","region":"","postalCode":"","countryCode":"","firstName":"Di","lastName":"Wang","registrationIpaddr":"136.152.214.79","oidcUserId":"","isDashboardRoleAssignable":"false","isMasheryApiUser":"false","isImmutable":"false","isListingSubscriber":"false","areaStatus":"active","externalId":"","passwdNew":"","lastLogin":"2024-12-19T20:58:41Z"},{"id":"fd865b68-36f5-4f1a-a2e0-55a62c679706","created":"2024-12-19T22:30:12Z","updated":"2024-12-19T22:30:21Z","username":"umermuhammad2030","email":"umermuhammad2024@gmail.com","displayName":"Umer","uri":"","blog":"","im":"","imsvc":"","phone":"","company":"","address1":"","address2":"","locality":"","region":"","postalCode":"","countryCode":"","firstName":"Muhammad","lastName":"Umer","registrationIpaddr":"62.194.49.137","oidcUserId":"","isDashboardRoleAssignable":"false","isMasheryApiUser":"false","isImmutable":"false","isListingSubscriber":"false","areaStatus":"active","externalId":"","passwdNew":"","lastLogin":"2024-12-19T22:30:35Z"},{"id":"aacf3eb6-69d8-44d4-9796-38880f80db66","created":"2024-12-19T23:04:37Z","updated":"2024-12-19T23:04:51Z","username":"sx234com","email":"sx234com@qq.com","displayName":"sx234com","uri":"","blog":"","im":"","imsvc":"","phone":"","company":"","address1":"","address2":"","locality":"","region":"","postalCode":"","countryCode":"","firstName":"Junjie","lastName":"Liang","registrationIpaddr":"59.49.104.184","oidcUserId":"","isDashboardRoleAssignable":"false","isMasheryApiUser":"false","isImmutable":"false","isListingSubscriber":"false","areaStatus":"active","externalId":"","passwdNew":"","lastLogin":"2024-12-19T23:05:27Z"},{"id":"9c9dc6d4-578e-43d2-9eea-292fb1ef69c4","created":"2024-12-20T03:19:24Z","updated":"2024-12-20T03:24:53Z","username":"ccgoon","email":"24210980074@m.fudan.edu.cn","displayName":"ccgoon","uri":"","blog":"","im":"","imsvc":"","phone":"","company":"","address1":"","address2":"","locality":"","region":"","postalCode":"","countryCode":"","firstName":"zhang","lastName":"yichen","registrationIpaddr":"202.120.235.166","oidcUserId":"","isDashboardRoleAssignable":"false","isMasheryApiUser":"false","isImmutable":"false","isListingSubscriber":"false","areaStatus":"active","externalId":"","passwdNew":"","lastLogin":"2024-12-20T03:25:13Z"},{"id":"79b52f61-8113-4a85-b780-ed97127faa5b","created":"2024-12-20T11:04:18Z","updated":"2024-12-20T11:05:14Z","username":"JoSt97","email":"johann.stuerken@tum.de","displayName":"JoSt97","uri":"","blog":"","im":"","imsvc":"","phone":"","company":"","address1":"","address2":"","locality":"","region":"","postalCode":"","countryCode":"","firstName":"Johann","lastName":"Stürken","registrationIpaddr":"138.246.3.234","oidcUserId":"","isDashboardRoleAssignable":"false","isMasheryApiUser":"false","isImmutable":"false","isListingSubscriber":"false","areaStatus":"active","externalId":"","passwdNew":"","lastLogin":""},{"id":"cefd0ad0-af38-45a0-9dda-e387d11294c6","created":"2024-12-20T13:33:05Z","updated":"2024-12-20T13:34:42Z","username":"JoSt978","email":"johann@stuerken.de","displayName":"JoSt978","uri":"","blog":"","im":"","imsvc":"","phone":"","company":"","address1":"","address2":"","locality":"","region":"","postalCode":"","countryCode":"","firstName":"Johann","lastName":"Stürken","registrationIpaddr":"84.59.126.151","oidcUserId":"","isDashboardRoleAssignable":"false","isMasheryApiUser":"false","isImmutable":"false","isListingSubscriber":"false","areaStatus":"active","externalId":"","passwdNew":"","lastLogin":""},{"id":"d1180923-824e-46f0-8ee6-e05d522681f3","created":"2024-12-20T17:54:46Z","updated":"2024-12-20T17:56:28Z","username":"MRXXXXX","email":"closenet718@gmail.com","displayName":"Saas","uri":"","blog":"","im":"","imsvc":"","phone":"","company":"","address1":"","address2":"","locality":"","region":"","postalCode":"","countryCode":"","firstName":"Ms","lastName":"Sm","registrationIpaddr":"154.47.24.154","oidcUserId":"","isDashboardRoleAssignable":"false","isMasheryApiUser":"false","isImmutable":"false","isListingSubscriber":"false","areaStatus":"active","externalId":"","passwdNew":"","lastLogin":"2024-12-20T17:59:14Z"},{"id":"c6119a84-7e6b-4ab5-9327-85a7dbcaa158","created":"2024-12-21T02:52:31Z","updated":"2024-12-21T02:52:42Z","username":"bastos_bastos","email":"rafael.m.c.bastos44@hotmail.com","displayName":"bastos_bastos","uri":"","blog":"","im":"","imsvc":"","phone":"","company":"","address1":"","address2":"","locality":"","region":"","postalCode":"","countryCode":"","firstName":"rafael","lastName":"bastos","registrationIpaddr":"179.218.13.139","oidcUserId":"","isDashboardRoleAssignable":"false","isMasheryApiUser":"false","isImmutable":"false","isListingSubscriber":"false","areaStatus":"active","externalId":"","passwdNew":"","lastLogin":"2024-12-21T02:52:53Z"},{"id":"27d1f3a0-ff84-4663-852f-a9392db64f8b","created":"2024-12-21T13:55:57Z","updated":"2024-12-21T13:56:20Z","username":"SaulGoodmanJL","email":"2246515235@qq.com","displayName":"SaulGoodman","uri":"","blog":"","im":"","imsvc":"","phone":"","company":"","address1":"","address2":"","locality":"","region":"","postalCode":"","countryCode":"","firstName":"Saul","lastName":"Goodman","registrationIpaddr":"58.212.60.131","oidcUserId":"","isDashboardRoleAssignable":"false","isMasheryApiUser":"false","isImmutable":"false","isListingSubscriber":"false","areaStatus":"active","externalId":"","passwdNew":"","lastLogin":"2024-12-21T13:57:10Z"},{"id":"663e8957-00b5-4d87-91b3-3da1fbc9edbe","created":"2024-12-21T21:35:03Z","updated":"2024-12-21T21:40:28Z","username":"Jahandad","email":"jjaha037@uottawa.ca","displayName":"Jahandad Baloch","uri":"","blog":"","im":"","imsvc":"","phone":"","company":"","address1":"","address2":"","locality":"","region":"","postalCode":"","countryCode":"","firstName":"Jahandad","lastName":"Baloch","registrationIpaddr":"72.136.111.135","oidcUserId":"","isDashboardRoleAssignable":"false","isMasheryApiUser":"false","isImmutable":"false","isListingSubscriber":"false","areaStatus":"active","externalId":"","passwdNew":"","lastLogin":"2024-12-21T21:41:11Z"},{"id":"5ddcfae4-eca3-43c0-b68e-d657441df598","created":"2024-12-21T21:52:56Z","updated":"2024-12-21T21:53:06Z","username":"haoli001","email":"hao.li@queensu.ca","displayName":"Hao","uri":"","blog":"","im":"","imsvc":"","phone":"","company":"","address1":"","address2":"","locality":"","region":"","postalCode":"","countryCode":"","firstName":"Hao","lastName":"Li","registrationIpaddr":"76.68.51.243","oidcUserId":"","isDashboardRoleAssignable":"false","isMasheryApiUser":"false","isImmutable":"false","isListingSubscriber":"false","areaStatus":"active","externalId":"","passwdNew":"","lastLogin":"2024-12-22T01:31:58Z"},{"id":"1629e8d2-0287-453f-9ab4-3edac592cd2c","created":"2024-12-22T00:52:41Z","updated":"2024-12-22T00:53:03Z","username":"Gemejiar","email":"ga152288@ucf.edu","displayName":"Gabriel","uri":"","blog":"","im":"","imsvc":"","phone":"","company":"","address1":"","address2":"","locality":"","region":"","postalCode":"","countryCode":"","firstName":"Gabriel ","lastName":"Mejia ","registrationIpaddr":"69.244.243.51","oidcUserId":"","isDashboardRoleAssignable":"false","isMasheryApiUser":"false","isImmutable":"false","isListingSubscriber":"false","areaStatus":"active","externalId":"","passwdNew":"","lastLogin":"2024-12-22T00:53:36Z"}]
2025-01-26 09:40:04 - API response body size: 100
2025-01-26 09:40:04 - Fetched 100 members in the current batch, total fetched so far: 200
2025-01-26 09:40:04 - Fetching batch with offset: 200, limit: 100
2025-01-26 09:40:04 - Fetching members from URL: https://api.mashery.com/v3/rest/members with offset: 200 and limit: 100
2025-01-26 09:40:04 - Checking if token is valid or needs regeneration.
2025-01-26 09:40:04 - Token is still valid.
2025-01-26 09:40:04 - Making API call to: https://api.mashery.com/v3/rest/members?offset=200&limit=100
2025-01-26 09:40:05 - API response status: 200 OK
2025-01-26 09:40:05 - X-Total-Count header value: 0
2025-01-26 09:40:05 - API returned an empty or null response.
2025-01-26 09:40:05 - No more data to fetch. Stopping batch processing.
2025-01-26 09:40:05 - Total members fetched: 200
2025-01-26 09:40:05 - Starting batch processing for 200 members.
2025-01-26 09:40:05 - Processed batch from 1 to 100
2025-01-26 09:40:05 - Processed batch from 101 to 200
2025-01-26 09:40:05 - Fetching application details for memberId: 1629e8d2-0287-453f-9ab4-3edac592cd2c
2025-01-26 09:40:05 - Application API URL after replacement: https://api.mashery.com/v3/rest/members/1629e8d2-0287-453f-9ab4-3edac592cd2c/applications
2025-01-26 09:40:05 - Checking if token is valid or needs regeneration.
2025-01-26 09:40:05 - Token is still valid.
2025-01-26 09:40:06 - No more application data to fetch for memberId: 1629e8d2-0287-453f-9ab4-3edac592cd2c
2025-01-26 09:40:06 - Completed fetching application details for memberId: 1629e8d2-0287-453f-9ab4-3edac592cd2c. Total records: 0
2025-01-26 09:40:06 - Total successful application API calls: 1
2025-01-26 09:40:06 - Total failed application API calls: 0
2025-01-26 09:40:06 - Fetching application details for memberId: c6119a84-7e6b-4ab5-9327-85a7dbcaa158
2025-01-26 09:40:06 - Application API URL after replacement: https://api.mashery.com/v3/rest/members/c6119a84-7e6b-4ab5-9327-85a7dbcaa158/applications
2025-01-26 09:40:06 - Checking if token is valid or needs regeneration.
2025-01-26 09:40:06 - Token is still valid.
2025-01-26 09:40:07 - No more application data to fetch for memberId: c6119a84-7e6b-4ab5-9327-85a7dbcaa158
2025-01-26 09:40:07 - Completed fetching application details for memberId: c6119a84-7e6b-4ab5-9327-85a7dbcaa158. Total records: 0
2025-01-26 09:40:07 - Total successful application API calls: 2
2025-01-26 09:40:07 - Total failed application API calls: 0
2025-01-26 09:40:08 - Fetching application details for memberId: 27d1f3a0-ff84-4663-852f-a9392db64f8b
2025-01-26 09:40:08 - Application API URL after replacement: https://api.mashery.com/v3/rest/members/27d1f3a0-ff84-4663-852f-a9392db64f8b/applications
2025-01-26 09:40:08 - Checking if token is valid or needs regeneration.
2025-01-26 09:40:08 - Token is still valid.
2025-01-26 09:40:08 - Fetched 1 application records so far for memberId: 27d1f3a0-ff84-4663-852f-a9392db64f8b
2025-01-26 09:40:08 - Completed fetching application details for memberId: 27d1f3a0-ff84-4663-852f-a9392db64f8b. Total records: 1
2025-01-26 09:40:08 - Total successful application API calls: 3
2025-01-26 09:40:08 - Total failed application API calls: 0
2025-01-26 09:40:08 - Starting to fetch package keys for memberId: 27d1f3a0-ff84-4663-852f-a9392db64f8b
2025-01-26 09:40:08 - Checking if token is valid or needs regeneration.
2025-01-26 09:40:08 - Token is still valid.
2025-01-26 09:40:08 - Constructed API URL: https://api.mashery.com/v3/rest/members/27d1f3a0-ff84-4663-852f-a9392db64f8b/applications/aa591884-3049-4884-bc05-55f2e1c4c72f/packageKeys
2025-01-26 09:40:09 - Fetched 1 records so far for memberId: 27d1f3a0-ff84-4663-852f-a9392db64f8b
2025-01-26 09:40:09 - Completed fetching package keys for memberId: 27d1f3a0-ff84-4663-852f-a9392db64f8b. Total records: 1
2025-01-26 09:40:09 - Total successful API calls Package api: 1
2025-01-26 09:40:09 - Total failed API calls Package api: 0
2025-01-26 09:40:10 - Fetching application details for memberId: 663e8957-00b5-4d87-91b3-3da1fbc9edbe
2025-01-26 09:40:10 - Application API URL after replacement: https://api.mashery.com/v3/rest/members/663e8957-00b5-4d87-91b3-3da1fbc9edbe/applications
2025-01-26 09:40:10 - Checking if token is valid or needs regeneration.
2025-01-26 09:40:10 - Token is still valid.
2025-01-26 09:40:11 - Fetched 1 application records so far for memberId: 663e8957-00b5-4d87-91b3-3da1fbc9edbe
2025-01-26 09:40:11 - Completed fetching application details for memberId: 663e8957-00b5-4d87-91b3-3da1fbc9edbe. Total records: 1
2025-01-26 09:40:11 - Total successful application API calls: 4
2025-01-26 09:40:11 - Total failed application API calls: 0
2025-01-26 09:40:11 - Starting to fetch package keys for memberId: 663e8957-00b5-4d87-91b3-3da1fbc9edbe
2025-01-26 09:40:11 - Checking if token is valid or needs regeneration.
2025-01-26 09:40:11 - Token is still valid.
2025-01-26 09:40:11 - Constructed API URL: https://api.mashery.com/v3/rest/members/663e8957-00b5-4d87-91b3-3da1fbc9edbe/applications/3ac17d13-9586-4c12-8c89-43b8601b423d/packageKeys
2025-01-26 09:40:11 - Fetched 1 records so far for memberId: 663e8957-00b5-4d87-91b3-3da1fbc9edbe
2025-01-26 09:40:11 - Completed fetching package keys for memberId: 663e8957-00b5-4d87-91b3-3da1fbc9edbe. Total records: 1
2025-01-26 09:40:11 - Total successful API calls Package api: 2
2025-01-26 09:40:11 - Total failed API calls Package api: 0
2025-01-26 09:40:11 - Fetching application details for memberId: 5ddcfae4-eca3-43c0-b68e-d657441df598
2025-01-26 09:40:11 - Application API URL after replacement: https://api.mashery.com/v3/rest/members/5ddcfae4-eca3-43c0-b68e-d657441df598/applications
2025-01-26 09:40:11 - Checking if token is valid or needs regeneration.
2025-01-26 09:40:11 - Token is still valid.
2025-01-26 09:40:12 - Fetched 1 application records so far for memberId: 5ddcfae4-eca3-43c0-b68e-d657441df598
2025-01-26 09:40:12 - Completed fetching application details for memberId: 5ddcfae4-eca3-43c0-b68e-d657441df598. Total records: 1
2025-01-26 09:40:12 - Total successful application API calls: 5
2025-01-26 09:40:12 - Total failed application API calls: 0
2025-01-26 09:40:12 - Starting to fetch package keys for memberId: 5ddcfae4-eca3-43c0-b68e-d657441df598
2025-01-26 09:40:12 - Checking if token is valid or needs regeneration.
2025-01-26 09:40:12 - Token is still valid.
2025-01-26 09:40:12 - Constructed API URL: https://api.mashery.com/v3/rest/members/5ddcfae4-eca3-43c0-b68e-d657441df598/applications/517f40dc-e9ff-4e27-b4ac-e8c7937c6682/packageKeys
2025-01-26 09:40:12 - Fetched 1 records so far for memberId: 5ddcfae4-eca3-43c0-b68e-d657441df598
2025-01-26 09:40:12 - Completed fetching package keys for memberId: 5ddcfae4-eca3-43c0-b68e-d657441df598. Total records: 1
2025-01-26 09:40:12 - Total successful API calls Package api: 3
2025-01-26 09:40:12 - Total failed API calls Package api: 0
2025-01-26 09:40:13 - Fetching application details for memberId: 9c9dc6d4-578e-43d2-9eea-292fb1ef69c4
2025-01-26 09:40:13 - Application API URL after replacement: https://api.mashery.com/v3/rest/members/9c9dc6d4-578e-43d2-9eea-292fb1ef69c4/applications
2025-01-26 09:40:13 - Checking if token is valid or needs regeneration.
2025-01-26 09:40:13 - Token is still valid.
2025-01-26 09:40:13 - No more application data to fetch for memberId: 9c9dc6d4-578e-43d2-9eea-292fb1ef69c4
2025-01-26 09:40:13 - Completed fetching application details for memberId: 9c9dc6d4-578e-43d2-9eea-292fb1ef69c4. Total records: 0
2025-01-26 09:40:13 - Total successful application API calls: 6
2025-01-26 09:40:13 - Total failed application API calls: 0
2025-01-26 09:40:13 - Fetching application details for memberId: 79b52f61-8113-4a85-b780-ed97127faa5b
2025-01-26 09:40:13 - Application API URL after replacement: https://api.mashery.com/v3/rest/members/79b52f61-8113-4a85-b780-ed97127faa5b/applications
2025-01-26 09:40:13 - Checking if token is valid or needs regeneration.
2025-01-26 09:40:13 - Token is still valid.
2025-01-26 09:40:14 - No more application data to fetch for memberId: 79b52f61-8113-4a85-b780-ed97127faa5b
2025-01-26 09:40:14 - Completed fetching application details for memberId: 79b52f61-8113-4a85-b780-ed97127faa5b. Total records: 0
2025-01-26 09:40:14 - Total successful application API calls: 7
2025-01-26 09:40:14 - Total failed application API calls: 0
2025-01-26 09:40:14 - Fetching application details for memberId: cefd0ad0-af38-45a0-9dda-e387d11294c6
2025-01-26 09:40:14 - Application API URL after replacement: https://api.mashery.com/v3/rest/members/cefd0ad0-af38-45a0-9dda-e387d11294c6/applications
2025-01-26 09:40:14 - Checking if token is valid or needs regeneration.
2025-01-26 09:40:14 - Token is still valid.
2025-01-26 09:40:14 - No more application data to fetch for memberId: cefd0ad0-af38-45a0-9dda-e387d11294c6
2025-01-26 09:40:14 - Completed fetching application details for memberId: cefd0ad0-af38-45a0-9dda-e387d11294c6. Total records: 0
2025-01-26 09:40:14 - Total successful application API calls: 8
2025-01-26 09:40:14 - Total failed application API calls: 0
2025-01-26 09:40:15 - Fetching application details for memberId: d1180923-824e-46f0-8ee6-e05d522681f3
2025-01-26 09:40:15 - Application API URL after replacement: https://api.mashery.com/v3/rest/members/d1180923-824e-46f0-8ee6-e05d522681f3/applications
2025-01-26 09:40:15 - Checking if token is valid or needs regeneration.
2025-01-26 09:40:15 - Token is still valid.
2025-01-26 09:40:15 - Fetched 1 application records so far for memberId: d1180923-824e-46f0-8ee6-e05d522681f3
2025-01-26 09:40:15 - Completed fetching application details for memberId: d1180923-824e-46f0-8ee6-e05d522681f3. Total records: 1
2025-01-26 09:40:15 - Total successful application API calls: 9
2025-01-26 09:40:15 - Total failed application API calls: 0
2025-01-26 09:40:15 - Starting to fetch package keys for memberId: d1180923-824e-46f0-8ee6-e05d522681f3
2025-01-26 09:40:15 - Checking if token is valid or needs regeneration.
2025-01-26 09:40:15 - Token is still valid.
2025-01-26 09:40:15 - Constructed API URL: https://api.mashery.com/v3/rest/members/d1180923-824e-46f0-8ee6-e05d522681f3/applications/ed8dd586-f695-4e5c-9266-4ad49e77bb98/packageKeys
2025-01-26 09:40:16 - Fetched 1 records so far for memberId: d1180923-824e-46f0-8ee6-e05d522681f3
2025-01-26 09:40:16 - Completed fetching package keys for memberId: d1180923-824e-46f0-8ee6-e05d522681f3. Total records: 1
2025-01-26 09:40:16 - Total successful API calls Package api: 4
2025-01-26 09:40:16 - Total failed API calls Package api: 0
2025-01-26 09:40:16 - Fetching application details for memberId: 66da1af4-a8c7-49e2-bfa1-0fe9d67c21a0
2025-01-26 09:40:16 - Application API URL after replacement: https://api.mashery.com/v3/rest/members/66da1af4-a8c7-49e2-bfa1-0fe9d67c21a0/applications
2025-01-26 09:40:16 - Checking if token is valid or needs regeneration.
2025-01-26 09:40:16 - Token is still valid.
2025-01-26 09:40:16 - No more application data to fetch for memberId: 66da1af4-a8c7-49e2-bfa1-0fe9d67c21a0
2025-01-26 09:40:16 - Completed fetching application details for memberId: 66da1af4-a8c7-49e2-bfa1-0fe9d67c21a0. Total records: 0
2025-01-26 09:40:16 - Total successful application API calls: 10
2025-01-26 09:40:16 - Total failed application API calls: 0
2025-01-26 09:40:17 - Fetching application details for memberId: b53ce830-0205-482c-9ad9-e160349168d8
2025-01-26 09:40:17 - Application API URL after replacement: https://api.mashery.com/v3/rest/members/b53ce830-0205-482c-9ad9-e160349168d8/applications
2025-01-26 09:40:17 - Checking if token is valid or needs regeneration.
2025-01-26 09:40:17 - Token is still valid.
2025-01-26 09:40:17 - Fetched 1 application records so far for memberId: b53ce830-0205-482c-9ad9-e160349168d8
2025-01-26 09:40:17 - Completed fetching application details for memberId: b53ce830-0205-482c-9ad9-e160349168d8. Total records: 1
2025-01-26 09:40:17 - Total successful application API calls: 11
2025-01-26 09:40:17 - Total failed application API calls: 0
2025-01-26 09:40:17 - Starting to fetch package keys for memberId: b53ce830-0205-482c-9ad9-e160349168d8
2025-01-26 09:40:17 - Checking if token is valid or needs regeneration.
2025-01-26 09:40:17 - Token is still valid.
2025-01-26 09:40:17 - Constructed API URL: https://api.mashery.com/v3/rest/members/b53ce830-0205-482c-9ad9-e160349168d8/applications/9d123850-0437-4260-a5ef-09a4dfa5da1a/packageKeys
2025-01-26 09:40:18 - Fetched 1 records so far for memberId: b53ce830-0205-482c-9ad9-e160349168d8
2025-01-26 09:40:18 - Completed fetching package keys for memberId: b53ce830-0205-482c-9ad9-e160349168d8. Total records: 1
2025-01-26 09:40:18 - Total successful API calls Package api: 5
2025-01-26 09:40:18 - Total failed API calls Package api: 0
2025-01-26 09:40:18 - Fetching application details for memberId: 6d6c5464-0c38-43d6-83a3-113ddf1479d4
2025-01-26 09:40:18 - Application API URL after replacement: https://api.mashery.com/v3/rest/members/6d6c5464-0c38-43d6-83a3-113ddf1479d4/applications
2025-01-26 09:40:18 - Checking if token is valid or needs regeneration.
2025-01-26 09:40:18 - Token is still valid.
2025-01-26 09:40:18 - No more application data to fetch for memberId: 6d6c5464-0c38-43d6-83a3-113ddf1479d4
2025-01-26 09:40:18 - Completed fetching application details for memberId: 6d6c5464-0c38-43d6-83a3-113ddf1479d4. Total records: 0
2025-01-26 09:40:18 - Total successful application API calls: 12
2025-01-26 09:40:18 - Total failed application API calls: 0
2025-01-26 09:40:19 - Fetching application details for memberId: 0eced883-e160-4660-84ce-5ce42a9ab564
2025-01-26 09:40:19 - Application API URL after replacement: https://api.mashery.com/v3/rest/members/0eced883-e160-4660-84ce-5ce42a9ab564/applications
2025-01-26 09:40:19 - Checking if token is valid or needs regeneration.
2025-01-26 09:40:19 - Token is still valid.
2025-01-26 09:40:19 - No more application data to fetch for memberId: 0eced883-e160-4660-84ce-5ce42a9ab564
2025-01-26 09:40:19 - Completed fetching application details for memberId: 0eced883-e160-4660-84ce-5ce42a9ab564. Total records: 0
2025-01-26 09:40:19 - Total successful application API calls: 13
2025-01-26 09:40:19 - Total failed application API calls: 0
2025-01-26 09:40:19 - Fetching application details for memberId: 3cb83dfd-31b4-449c-a643-3d4e1056c23b
2025-01-26 09:40:19 - Application API URL after replacement: https://api.mashery.com/v3/rest/members/3cb83dfd-31b4-449c-a643-3d4e1056c23b/applications
2025-01-26 09:40:19 - Checking if token is valid or needs regeneration.
2025-01-26 09:40:19 - Token is still valid.
2025-01-26 09:40:20 - No more application data to fetch for memberId: 3cb83dfd-31b4-449c-a643-3d4e1056c23b
2025-01-26 09:40:20 - Completed fetching application details for memberId: 3cb83dfd-31b4-449c-a643-3d4e1056c23b. Total records: 0
2025-01-26 09:40:20 - Total successful application API calls: 14
2025-01-26 09:40:20 - Total failed application API calls: 0
2025-01-26 09:40:20 - Fetching application details for memberId: dc9ad0c4-063c-43a2-a273-cdf694c6f244
2025-01-26 09:40:20 - Application API URL after replacement: https://api.mashery.com/v3/rest/members/dc9ad0c4-063c-43a2-a273-cdf694c6f244/applications
2025-01-26 09:40:20 - Checking if token is valid or needs regeneration.
2025-01-26 09:40:20 - Token is still valid.
2025-01-26 09:40:20 - Fetched 1 application records so far for memberId: dc9ad0c4-063c-43a2-a273-cdf694c6f244
2025-01-26 09:40:20 - Completed fetching application details for memberId: dc9ad0c4-063c-43a2-a273-cdf694c6f244. Total records: 1
2025-01-26 09:40:20 - Total successful application API calls: 15
2025-01-26 09:40:20 - Total failed application API calls: 0
2025-01-26 09:40:20 - Starting to fetch package keys for memberId: dc9ad0c4-063c-43a2-a273-cdf694c6f244
2025-01-26 09:40:20 - Checking if token is valid or needs regeneration.
2025-01-26 09:40:20 - Token is still valid.
2025-01-26 09:40:20 - Constructed API URL: https://api.mashery.com/v3/rest/members/dc9ad0c4-063c-43a2-a273-cdf694c6f244/applications/f4804d14-2b36-4756-a543-f0189b838ce9/packageKeys
2025-01-26 09:40:21 - Fetched 1 records so far for memberId: dc9ad0c4-063c-43a2-a273-cdf694c6f244
2025-01-26 09:40:21 - Completed fetching package keys for memberId: dc9ad0c4-063c-43a2-a273-cdf694c6f244. Total records: 1
2025-01-26 09:40:21 - Total successful API calls Package api: 6
2025-01-26 09:40:21 - Total failed API calls Package api: 0
2025-01-26 09:40:21 - Fetching application details for memberId: fd865b68-36f5-4f1a-a2e0-55a62c679706
2025-01-26 09:40:21 - Application API URL after replacement: https://api.mashery.com/v3/rest/members/fd865b68-36f5-4f1a-a2e0-55a62c679706/applications
2025-01-26 09:40:21 - Checking if token is valid or needs regeneration.
2025-01-26 09:40:21 - Token is still valid.
2025-01-26 09:40:22 - Fetched 1 application records so far for memberId: fd865b68-36f5-4f1a-a2e0-55a62c679706
2025-01-26 09:40:22 - Completed fetching application details for memberId: fd865b68-36f5-4f1a-a2e0-55a62c679706. Total records: 1
2025-01-26 09:40:22 - Total successful application API calls: 16
2025-01-26 09:40:22 - Total failed application API calls: 0
2025-01-26 09:40:22 - Starting to fetch package keys for memberId: fd865b68-36f5-4f1a-a2e0-55a62c679706
2025-01-26 09:40:22 - Checking if token is valid or needs regeneration.
2025-01-26 09:40:22 - Token is still valid.
2025-01-26 09:40:22 - Constructed API URL: https://api.mashery.com/v3/rest/members/fd865b68-36f5-4f1a-a2e0-55a62c679706/applications/63119b91-070e-4f6d-93f3-2d69bf7eda21/packageKeys
2025-01-26 09:40:22 - Fetched 1 records so far for memberId: fd865b68-36f5-4f1a-a2e0-55a62c679706
2025-01-26 09:40:22 - Completed fetching package keys for memberId: fd865b68-36f5-4f1a-a2e0-55a62c679706. Total records: 1
2025-01-26 09:40:22 - Total successful API calls Package api: 7
2025-01-26 09:40:22 - Total failed API calls Package api: 0
2025-01-26 09:40:22 - Fetching application details for memberId: aacf3eb6-69d8-44d4-9796-38880f80db66
2025-01-26 09:40:22 - Application API URL after replacement: https://api.mashery.com/v3/rest/members/aacf3eb6-69d8-44d4-9796-38880f80db66/applications
2025-01-26 09:40:22 - Checking if token is valid or needs regeneration.
2025-01-26 09:40:22 - Token is still valid.
2025-01-26 09:40:23 - Fetched 1 application records so far for memberId: aacf3eb6-69d8-44d4-9796-38880f80db66
2025-01-26 09:40:23 - Completed fetching application details for memberId: aacf3eb6-69d8-44d4-9796-38880f80db66. Total records: 1
2025-01-26 09:40:23 - Total successful application API calls: 17
2025-01-26 09:40:23 - Total failed application API calls: 0
2025-01-26 09:40:23 - Starting to fetch package keys for memberId: aacf3eb6-69d8-44d4-9796-38880f80db66
2025-01-26 09:40:23 - Checking if token is valid or needs regeneration.
2025-01-26 09:40:23 - Token is still valid.
2025-01-26 09:40:23 - Constructed API URL: https://api.mashery.com/v3/rest/members/aacf3eb6-69d8-44d4-9796-38880f80db66/applications/b208f756-f720-4c39-a624-1a48eba24ff4/packageKeys
2025-01-26 09:40:23 - Fetched 1 records so far for memberId: aacf3eb6-69d8-44d4-9796-38880f80db66
2025-01-26 09:40:23 - Completed fetching package keys for memberId: aacf3eb6-69d8-44d4-9796-38880f80db66. Total records: 1
2025-01-26 09:40:23 - Total successful API calls Package api: 8
2025-01-26 09:40:23 - Total failed API calls Package api: 0
2025-01-26 09:40:24 - Fetching application details for memberId: c5b6c5a3-82e7-435d-9fd9-af743efa1786
2025-01-26 09:40:24 - Application API URL after replacement: https://api.mashery.com/v3/rest/members/c5b6c5a3-82e7-435d-9fd9-af743efa1786/applications
2025-01-26 09:40:24 - Checking if token is valid or needs regeneration.
2025-01-26 09:40:24 - Token is still valid.
2025-01-26 09:40:24 - Fetched 1 application records so far for memberId: c5b6c5a3-82e7-435d-9fd9-af743efa1786
2025-01-26 09:40:24 - Completed fetching application details for memberId: c5b6c5a3-82e7-435d-9fd9-af743efa1786. Total records: 1
2025-01-26 09:40:24 - Total successful application API calls: 18
2025-01-26 09:40:24 - Total failed application API calls: 0
2025-01-26 09:40:24 - Starting to fetch package keys for memberId: c5b6c5a3-82e7-435d-9fd9-af743efa1786
2025-01-26 09:40:24 - Checking if token is valid or needs regeneration.
2025-01-26 09:40:24 - Token is still valid.
2025-01-26 09:40:24 - Constructed API URL: https://api.mashery.com/v3/rest/members/c5b6c5a3-82e7-435d-9fd9-af743efa1786/applications/2124c285-711c-43ae-91f5-0dff7a004a8a/packageKeys
2025-01-26 09:40:25 - Fetched 1 records so far for memberId: c5b6c5a3-82e7-435d-9fd9-af743efa1786
2025-01-26 09:40:25 - Completed fetching package keys for memberId: c5b6c5a3-82e7-435d-9fd9-af743efa1786. Total records: 1
2025-01-26 09:40:25 - Total successful API calls Package api: 9
2025-01-26 09:40:25 - Total failed API calls Package api: 0
2025-01-26 09:40:25 - Fetching application details for memberId: 42a812d7-585b-46d1-8e5d-9e118e29aafd
2025-01-26 09:40:25 - Application API URL after replacement: https://api.mashery.com/v3/rest/members/42a812d7-585b-46d1-8e5d-9e118e29aafd/applications
2025-01-26 09:40:25 - Checking if token is valid or needs regeneration.
2025-01-26 09:40:25 - Token is still valid.
2025-01-26 09:40:25 - No more application data to fetch for memberId: 42a812d7-585b-46d1-8e5d-9e118e29aafd
2025-01-26 09:40:25 - Completed fetching application details for memberId: 42a812d7-585b-46d1-8e5d-9e118e29aafd. Total records: 0
2025-01-26 09:40:25 - Total successful application API calls: 19
2025-01-26 09:40:25 - Total failed application API calls: 0
2025-01-26 09:40:26 - Fetching application details for memberId: ba434daa-9806-4e7c-9c5c-d0cc8baa3728
2025-01-26 09:40:26 - Application API URL after replacement: https://api.mashery.com/v3/rest/members/ba434daa-9806-4e7c-9c5c-d0cc8baa3728/applications
2025-01-26 09:40:26 - Checking if token is valid or needs regeneration.
2025-01-26 09:40:26 - Token is still valid.
2025-01-26 09:40:26 - Fetched 1 application records so far for memberId: ba434daa-9806-4e7c-9c5c-d0cc8baa3728
2025-01-26 09:40:26 - Completed fetching application details for memberId: ba434daa-9806-4e7c-9c5c-d0cc8baa3728. Total records: 1
2025-01-26 09:40:26 - Total successful application API calls: 20
2025-01-26 09:40:26 - Total failed application API calls: 0
2025-01-26 09:40:26 - Starting to fetch package keys for memberId: ba434daa-9806-4e7c-9c5c-d0cc8baa3728
2025-01-26 09:40:26 - Checking if token is valid or needs regeneration.
2025-01-26 09:40:26 - Token is still valid.
2025-01-26 09:40:26 - Constructed API URL: https://api.mashery.com/v3/rest/members/ba434daa-9806-4e7c-9c5c-d0cc8baa3728/applications/0cf5d28f-2006-44b4-9f81-2965a671850e/packageKeys
2025-01-26 09:40:27 - Fetched 1 records so far for memberId: ba434daa-9806-4e7c-9c5c-d0cc8baa3728
2025-01-26 09:40:27 - Completed fetching package keys for memberId: ba434daa-9806-4e7c-9c5c-d0cc8baa3728. Total records: 1
2025-01-26 09:40:27 - Total successful API calls Package api: 10
2025-01-26 09:40:27 - Total failed API calls Package api: 0
2025-01-26 09:40:27 - Fetching application details for memberId: 2f2d3d10-439f-466f-b1f4-c8b1640a2906
2025-01-26 09:40:27 - Application API URL after replacement: https://api.mashery.com/v3/rest/members/2f2d3d10-439f-466f-b1f4-c8b1640a2906/applications
2025-01-26 09:40:27 - Checking if token is valid or needs regeneration.
2025-01-26 09:40:27 - Token is still valid.
2025-01-26 09:40:27 - Fetched 1 application records so far for memberId: 2f2d3d10-439f-466f-b1f4-c8b1640a2906
2025-01-26 09:40:27 - Completed fetching application details for memberId: 2f2d3d10-439f-466f-b1f4-c8b1640a2906. Total records: 1
2025-01-26 09:40:27 - Total successful application API calls: 21
2025-01-26 09:40:27 - Total failed application API calls: 0
2025-01-26 09:40:27 - Starting to fetch package keys for memberId: 2f2d3d10-439f-466f-b1f4-c8b1640a2906
2025-01-26 09:40:27 - Checking if token is valid or needs regeneration.
2025-01-26 09:40:27 - Token is still valid.
2025-01-26 09:40:27 - Constructed API URL: https://api.mashery.com/v3/rest/members/2f2d3d10-439f-466f-b1f4-c8b1640a2906/applications/1f4945f2-07fe-4207-a754-2a93372898fd/packageKeys
2025-01-26 09:40:28 - Fetched 1 records so far for memberId: 2f2d3d10-439f-466f-b1f4-c8b1640a2906
2025-01-26 09:40:28 - Completed fetching package keys for memberId: 2f2d3d10-439f-466f-b1f4-c8b1640a2906. Total records: 1
2025-01-26 09:40:28 - Total successful API calls Package api: 11
2025-01-26 09:40:28 - Total failed API calls Package api: 0
2025-01-26 09:40:28 - Fetching application details for memberId: 0a402243-ef13-4364-a92a-cd6f3a57beb2
2025-01-26 09:40:28 - Application API URL after replacement: https://api.mashery.com/v3/rest/members/0a402243-ef13-4364-a92a-cd6f3a57beb2/applications
2025-01-26 09:40:28 - Checking if token is valid or needs regeneration.
2025-01-26 09:40:28 - Token is still valid.
2025-01-26 09:40:28 - Fetched 2 application records so far for memberId: 0a402243-ef13-4364-a92a-cd6f3a57beb2
2025-01-26 09:40:28 - Completed fetching application details for memberId: 0a402243-ef13-4364-a92a-cd6f3a57beb2. Total records: 2
2025-01-26 09:40:28 - Total successful application API calls: 22
2025-01-26 09:40:28 - Total failed application API calls: 0
2025-01-26 09:40:28 - Starting to fetch package keys for memberId: 0a402243-ef13-4364-a92a-cd6f3a57beb2
2025-01-26 09:40:28 - Checking if token is valid or needs regeneration.
2025-01-26 09:40:28 - Token is still valid.
2025-01-26 09:40:28 - Constructed API URL: https://api.mashery.com/v3/rest/members/0a402243-ef13-4364-a92a-cd6f3a57beb2/applications/a0cb54c8-5d69-465e-9c60-6ffcd01483b2/packageKeys
2025-01-26 09:40:29 - Fetched 1 records so far for memberId: 0a402243-ef13-4364-a92a-cd6f3a57beb2
2025-01-26 09:40:29 - Completed fetching package keys for memberId: 0a402243-ef13-4364-a92a-cd6f3a57beb2. Total records: 1
2025-01-26 09:40:29 - Total successful API calls Package api: 12
2025-01-26 09:40:29 - Total failed API calls Package api: 0
2025-01-26 09:40:29 - Starting to fetch package keys for memberId: 0a402243-ef13-4364-a92a-cd6f3a57beb2
2025-01-26 09:40:29 - Checking if token is valid or needs regeneration.
2025-01-26 09:40:29 - Token is still valid.
2025-01-26 09:40:29 - Constructed API URL: https://api.mashery.com/v3/rest/members/0a402243-ef13-4364-a92a-cd6f3a57beb2/applications/2b853639-e02c-4e4b-a993-3e920fd10f01/packageKeys
2025-01-26 09:40:30 - Fetched 1 records so far for memberId: 0a402243-ef13-4364-a92a-cd6f3a57beb2
2025-01-26 09:40:30 - Completed fetching package keys for memberId: 0a402243-ef13-4364-a92a-cd6f3a57beb2. Total records: 1
2025-01-26 09:40:30 - Total successful API calls Package api: 13
2025-01-26 09:40:30 - Total failed API calls Package api: 0
2025-01-26 09:40:30 - Fetching application details for memberId: 2d8244e7-dc42-41bf-ad9b-2a8ece700367
2025-01-26 09:40:30 - Application API URL after replacement: https://api.mashery.com/v3/rest/members/2d8244e7-dc42-41bf-ad9b-2a8ece700367/applications
2025-01-26 09:40:30 - Checking if token is valid or needs regeneration.
2025-01-26 09:40:30 - Token is still valid.
2025-01-26 09:40:30 - No more application data to fetch for memberId: 2d8244e7-dc42-41bf-ad9b-2a8ece700367
2025-01-26 09:40:30 - Completed fetching application details for memberId: 2d8244e7-dc42-41bf-ad9b-2a8ece700367. Total records: 0
2025-01-26 09:40:30 - Total successful application API calls: 23
2025-01-26 09:40:30 - Total failed application API calls: 0
2025-01-26 09:40:31 - Fetching application details for memberId: 73c3b04e-1755-4012-8df3-84b795074949
2025-01-26 09:40:31 - Application API URL after replacement: https://api.mashery.com/v3/rest/members/73c3b04e-1755-4012-8df3-84b795074949/applications
2025-01-26 09:40:31 - Checking if token is valid or needs regeneration.
2025-01-26 09:40:31 - Token is still valid.
2025-01-26 09:40:31 - Fetched 1 application records so far for memberId: 73c3b04e-1755-4012-8df3-84b795074949
2025-01-26 09:40:31 - Completed fetching application details for memberId: 73c3b04e-1755-4012-8df3-84b795074949. Total records: 1
2025-01-26 09:40:31 - Total successful application API calls: 24
2025-01-26 09:40:31 - Total failed application API calls: 0
2025-01-26 09:40:31 - Starting to fetch package keys for memberId: 73c3b04e-1755-4012-8df3-84b795074949
2025-01-26 09:40:31 - Checking if token is valid or needs regeneration.
2025-01-26 09:40:31 - Token is still valid.
2025-01-26 09:40:31 - Constructed API URL: https://api.mashery.com/v3/rest/members/73c3b04e-1755-4012-8df3-84b795074949/applications/b28f3a17-59e9-4ab1-b7cb-fc3cbad9f0da/packageKeys
2025-01-26 09:40:32 - Fetched 1 records so far for memberId: 73c3b04e-1755-4012-8df3-84b795074949
2025-01-26 09:40:32 - Completed fetching package keys for memberId: 73c3b04e-1755-4012-8df3-84b795074949. Total records: 1
2025-01-26 09:40:32 - Total successful API calls Package api: 14
2025-01-26 09:40:32 - Total failed API calls Package api: 0
2025-01-26 09:40:32 - Fetching application details for memberId: 0a3ba044-4172-4073-b3b3-856962a0985b
2025-01-26 09:40:32 - Application API URL after replacement: https://api.mashery.com/v3/rest/members/0a3ba044-4172-4073-b3b3-856962a0985b/applications
2025-01-26 09:40:32 - Checking if token is valid or needs regeneration.
2025-01-26 09:40:32 - Token is still valid.
2025-01-26 09:40:33 - Fetched 1 application records so far for memberId: 0a3ba044-4172-4073-b3b3-856962a0985b
2025-01-26 09:40:33 - Completed fetching application details for memberId: 0a3ba044-4172-4073-b3b3-856962a0985b. Total records: 1
2025-01-26 09:40:33 - Total successful application API calls: 25
2025-01-26 09:40:33 - Total failed application API calls: 0
2025-01-26 09:40:33 - Starting to fetch package keys for memberId: 0a3ba044-4172-4073-b3b3-856962a0985b
2025-01-26 09:40:33 - Checking if token is valid or needs regeneration.
2025-01-26 09:40:33 - Token is still valid.
2025-01-26 09:40:33 - Constructed API URL: https://api.mashery.com/v3/rest/members/0a3ba044-4172-4073-b3b3-856962a0985b/applications/1a75343e-0f09-4168-9566-c7164ecd12ed/packageKeys
2025-01-26 09:40:33 - Fetched 1 records so far for memberId: 0a3ba044-4172-4073-b3b3-856962a0985b
2025-01-26 09:40:33 - Completed fetching package keys for memberId: 0a3ba044-4172-4073-b3b3-856962a0985b. Total records: 1
2025-01-26 09:40:33 - Total successful API calls Package api: 15
2025-01-26 09:40:33 - Total failed API calls Package api: 0
2025-01-26 09:40:33 - Fetching application details for memberId: ed5e1460-a19f-40f3-8de2-a0ca1d7f85f0
2025-01-26 09:40:33 - Application API URL after replacement: https://api.mashery.com/v3/rest/members/ed5e1460-a19f-40f3-8de2-a0ca1d7f85f0/applications
2025-01-26 09:40:33 - Checking if token is valid or needs regeneration.
2025-01-26 09:40:33 - Token is still valid.
2025-01-26 09:40:34 - No more application data to fetch for memberId: ed5e1460-a19f-40f3-8de2-a0ca1d7f85f0
2025-01-26 09:40:34 - Completed fetching application details for memberId: ed5e1460-a19f-40f3-8de2-a0ca1d7f85f0. Total records: 0
2025-01-26 09:40:34 - Total successful application API calls: 26
2025-01-26 09:40:34 - Total failed application API calls: 0
2025-01-26 09:40:34 - Fetching application details for memberId: 9493bb67-4081-4ba0-82b0-dbc225bf041c
2025-01-26 09:40:34 - Application API URL after replacement: https://api.mashery.com/v3/rest/members/9493bb67-4081-4ba0-82b0-dbc225bf041c/applications
2025-01-26 09:40:34 - Checking if token is valid or needs regeneration.
2025-01-26 09:40:34 - Token is still valid.
2025-01-26 09:40:34 - No more application data to fetch for memberId: 9493bb67-4081-4ba0-82b0-dbc225bf041c
2025-01-26 09:40:34 - Completed fetching application details for memberId: 9493bb67-4081-4ba0-82b0-dbc225bf041c. Total records: 0
2025-01-26 09:40:34 - Total successful application API calls: 27
2025-01-26 09:40:34 - Total failed application API calls: 0
2025-01-26 09:40:35 - Fetching application details for memberId: d1eee9d4-b66c-480d-9340-3d201490189f
2025-01-26 09:40:35 - Application API URL after replacement: https://api.mashery.com/v3/rest/members/d1eee9d4-b66c-480d-9340-3d201490189f/applications
2025-01-26 09:40:35 - Checking if token is valid or needs regeneration.
2025-01-26 09:40:35 - Token is still valid.
2025-01-26 09:40:35 - Fetched 1 application records so far for memberId: d1eee9d4-b66c-480d-9340-3d201490189f
2025-01-26 09:40:35 - Completed fetching application details for memberId: d1eee9d4-b66c-480d-9340-3d201490189f. Total records: 1
2025-01-26 09:40:35 - Total successful application API calls: 28
2025-01-26 09:40:35 - Total failed application API calls: 0
2025-01-26 09:40:35 - Starting to fetch package keys for memberId: d1eee9d4-b66c-480d-9340-3d201490189f
2025-01-26 09:40:35 - Checking if token is valid or needs regeneration.
2025-01-26 09:40:35 - Token is still valid.
2025-01-26 09:40:35 - Constructed API URL: https://api.mashery.com/v3/rest/members/d1eee9d4-b66c-480d-9340-3d201490189f/applications/97ec2782-1388-45eb-b26e-466e51082f31/packageKeys
2025-01-26 09:40:36 - Fetched 1 records so far for memberId: d1eee9d4-b66c-480d-9340-3d201490189f
2025-01-26 09:40:36 - Completed fetching package keys for memberId: d1eee9d4-b66c-480d-9340-3d201490189f. Total records: 1
2025-01-26 09:40:36 - Total successful API calls Package api: 16
2025-01-26 09:40:36 - Total failed API calls Package api: 0
2025-01-26 09:40:36 - Fetching application details for memberId: bde2be00-6a37-4268-a611-6dff5598d259
2025-01-26 09:40:36 - Application API URL after replacement: https://api.mashery.com/v3/rest/members/bde2be00-6a37-4268-a611-6dff5598d259/applications
2025-01-26 09:40:36 - Checking if token is valid or needs regeneration.
2025-01-26 09:40:36 - Token is still valid.
2025-01-26 09:40:36 - No more application data to fetch for memberId: bde2be00-6a37-4268-a611-6dff5598d259
2025-01-26 09:40:36 - Completed fetching application details for memberId: bde2be00-6a37-4268-a611-6dff5598d259. Total records: 0
2025-01-26 09:40:36 - Total successful application API calls: 29
2025-01-26 09:40:36 - Total failed application API calls: 0
2025-01-26 09:40:37 - Fetching application details for memberId: 890b7e8e-95a5-476c-824b-0571fa108560
2025-01-26 09:40:37 - Application API URL after replacement: https://api.mashery.com/v3/rest/members/890b7e8e-95a5-476c-824b-0571fa108560/applications
2025-01-26 09:40:37 - Checking if token is valid or needs regeneration.
2025-01-26 09:40:37 - Token is still valid.
2025-01-26 09:40:37 - No more application data to fetch for memberId: 890b7e8e-95a5-476c-824b-0571fa108560
2025-01-26 09:40:37 - Completed fetching application details for memberId: 890b7e8e-95a5-476c-824b-0571fa108560. Total records: 0
2025-01-26 09:40:37 - Total successful application API calls: 30
2025-01-26 09:40:37 - Total failed application API calls: 0
2025-01-26 09:40:39 - Fetching application details for memberId: 70090a0a-ae92-4325-ad4e-b1bfb8e72985
2025-01-26 09:40:39 - Application API URL after replacement: https://api.mashery.com/v3/rest/members/70090a0a-ae92-4325-ad4e-b1bfb8e72985/applications
2025-01-26 09:40:39 - Checking if token is valid or needs regeneration.
2025-01-26 09:40:39 - Token is still valid.
2025-01-26 09:40:39 - No more application data to fetch for memberId: 70090a0a-ae92-4325-ad4e-b1bfb8e72985
2025-01-26 09:40:39 - Completed fetching application details for memberId: 70090a0a-ae92-4325-ad4e-b1bfb8e72985. Total records: 0
2025-01-26 09:40:39 - Total successful application API calls: 31
2025-01-26 09:40:39 - Total failed application API calls: 0
2025-01-26 09:40:39 - Fetching application details for memberId: 2a07185c-788e-42d0-9440-8358fa9a2905
2025-01-26 09:40:39 - Application API URL after replacement: https://api.mashery.com/v3/rest/members/2a07185c-788e-42d0-9440-8358fa9a2905/applications
2025-01-26 09:40:39 - Checking if token is valid or needs regeneration.
2025-01-26 09:40:39 - Token is still valid.
2025-01-26 09:40:40 - No more application data to fetch for memberId: 2a07185c-788e-42d0-9440-8358fa9a2905
2025-01-26 09:40:40 - Completed fetching application details for memberId: 2a07185c-788e-42d0-9440-8358fa9a2905. Total records: 0
2025-01-26 09:40:40 - Total successful application API calls: 32
2025-01-26 09:40:40 - Total failed application API calls: 0
2025-01-26 09:40:40 - Fetching application details for memberId: eb6efe8d-8fb1-4ba9-8c15-19e526a6072a
2025-01-26 09:40:40 - Application API URL after replacement: https://api.mashery.com/v3/rest/members/eb6efe8d-8fb1-4ba9-8c15-19e526a6072a/applications
2025-01-26 09:40:40 - Checking if token is valid or needs regeneration.
2025-01-26 09:40:40 - Token is still valid.
2025-01-26 09:40:40 - Fetched 1 application records so far for memberId: eb6efe8d-8fb1-4ba9-8c15-19e526a6072a
2025-01-26 09:40:40 - Completed fetching application details for memberId: eb6efe8d-8fb1-4ba9-8c15-19e526a6072a. Total records: 1
2025-01-26 09:40:40 - Total successful application API calls: 33
2025-01-26 09:40:40 - Total failed application API calls: 0
2025-01-26 09:40:40 - Starting to fetch package keys for memberId: eb6efe8d-8fb1-4ba9-8c15-19e526a6072a
2025-01-26 09:40:40 - Checking if token is valid or needs regeneration.
2025-01-26 09:40:40 - Token is still valid.
2025-01-26 09:40:40 - Constructed API URL: https://api.mashery.com/v3/rest/members/eb6efe8d-8fb1-4ba9-8c15-19e526a6072a/applications/27a49df5-06ed-41a8-ae18-f289b620c7d5/packageKeys
2025-01-26 09:40:41 - Fetched 1 records so far for memberId: eb6efe8d-8fb1-4ba9-8c15-19e526a6072a
2025-01-26 09:40:41 - Completed fetching package keys for memberId: eb6efe8d-8fb1-4ba9-8c15-19e526a6072a. Total records: 1
2025-01-26 09:40:41 - Total successful API calls Package api: 17
2025-01-26 09:40:41 - Total failed API calls Package api: 0
2025-01-26 09:40:41 - Fetching application details for memberId: 1e93b06f-611c-49ef-8cfb-9645e4354a75
2025-01-26 09:40:41 - Application API URL after replacement: https://api.mashery.com/v3/rest/members/1e93b06f-611c-49ef-8cfb-9645e4354a75/applications
2025-01-26 09:40:41 - Checking if token is valid or needs regeneration.
2025-01-26 09:40:41 - Token is still valid.
2025-01-26 09:40:42 - No more application data to fetch for memberId: 1e93b06f-611c-49ef-8cfb-9645e4354a75
2025-01-26 09:40:42 - Completed fetching application details for memberId: 1e93b06f-611c-49ef-8cfb-9645e4354a75. Total records: 0
2025-01-26 09:40:42 - Total successful application API calls: 34
2025-01-26 09:40:42 - Total failed application API calls: 0
2025-01-26 09:40:42 - Fetching application details for memberId: 8b437d65-96aa-46e4-83ab-1f693c9bd57b
2025-01-26 09:40:42 - Application API URL after replacement: https://api.mashery.com/v3/rest/members/8b437d65-96aa-46e4-83ab-1f693c9bd57b/applications
2025-01-26 09:40:42 - Checking if token is valid or needs regeneration.
2025-01-26 09:40:42 - Token is still valid.
2025-01-26 09:40:42 - No more application data to fetch for memberId: 8b437d65-96aa-46e4-83ab-1f693c9bd57b
2025-01-26 09:40:42 - Completed fetching application details for memberId: 8b437d65-96aa-46e4-83ab-1f693c9bd57b. Total records: 0
2025-01-26 09:40:42 - Total successful application API calls: 35
2025-01-26 09:40:42 - Total failed application API calls: 0
2025-01-26 09:40:42 - Fetching application details for memberId: 4a3681b7-e9a4-417d-a08b-dac285ea5157
2025-01-26 09:40:42 - Application API URL after replacement: https://api.mashery.com/v3/rest/members/4a3681b7-e9a4-417d-a08b-dac285ea5157/applications
2025-01-26 09:40:42 - Checking if token is valid or needs regeneration.
2025-01-26 09:40:42 - Token is still valid.
2025-01-26 09:40:43 - Fetched 2 application records so far for memberId: 4a3681b7-e9a4-417d-a08b-dac285ea5157
2025-01-26 09:40:43 - Completed fetching application details for memberId: 4a3681b7-e9a4-417d-a08b-dac285ea5157. Total records: 2
2025-01-26 09:40:43 - Total successful application API calls: 36
2025-01-26 09:40:43 - Total failed application API calls: 0
2025-01-26 09:40:43 - Starting to fetch package keys for memberId: 4a3681b7-e9a4-417d-a08b-dac285ea5157
2025-01-26 09:40:43 - Checking if token is valid or needs regeneration.
2025-01-26 09:40:43 - Token is still valid.
2025-01-26 09:40:43 - Constructed API URL: https://api.mashery.com/v3/rest/members/4a3681b7-e9a4-417d-a08b-dac285ea5157/applications/369ae0ba-d0f4-48ab-a49a-e25342820a0b/packageKeys
2025-01-26 09:40:43 - Fetched 1 records so far for memberId: 4a3681b7-e9a4-417d-a08b-dac285ea5157
2025-01-26 09:40:43 - Completed fetching package keys for memberId: 4a3681b7-e9a4-417d-a08b-dac285ea5157. Total records: 1
2025-01-26 09:40:43 - Total successful API calls Package api: 18
2025-01-26 09:40:43 - Total failed API calls Package api: 0
2025-01-26 09:40:44 - Starting to fetch package keys for memberId: 4a3681b7-e9a4-417d-a08b-dac285ea5157
2025-01-26 09:40:44 - Checking if token is valid or needs regeneration.
2025-01-26 09:40:44 - Token is still valid.
2025-01-26 09:40:44 - Constructed API URL: https://api.mashery.com/v3/rest/members/4a3681b7-e9a4-417d-a08b-dac285ea5157/applications/cc814d62-9686-4c67-be19-459544f91a07/packageKeys
2025-01-26 09:40:44 - Fetched 1 records so far for memberId: 4a3681b7-e9a4-417d-a08b-dac285ea5157
2025-01-26 09:40:44 - Completed fetching package keys for memberId: 4a3681b7-e9a4-417d-a08b-dac285ea5157. Total records: 1
2025-01-26 09:40:44 - Total successful API calls Package api: 19
2025-01-26 09:40:44 - Total failed API calls Package api: 0
2025-01-26 09:40:44 - Fetching application details for memberId: 8220f5f6-31f5-45d6-9ce1-a3d10d406298
2025-01-26 09:40:44 - Application API URL after replacement: https://api.mashery.com/v3/rest/members/8220f5f6-31f5-45d6-9ce1-a3d10d406298/applications
2025-01-26 09:40:44 - Checking if token is valid or needs regeneration.
2025-01-26 09:40:44 - Token is still valid.
2025-01-26 09:40:45 - No more application data to fetch for memberId: 8220f5f6-31f5-45d6-9ce1-a3d10d406298
2025-01-26 09:40:45 - Completed fetching application details for memberId: 8220f5f6-31f5-45d6-9ce1-a3d10d406298. Total records: 0
2025-01-26 09:40:45 - Total successful application API calls: 37
2025-01-26 09:40:45 - Total failed application API calls: 0
2025-01-26 09:40:45 - Fetching application details for memberId: a3c49fca-78ef-4632-abf1-6050c59e8f44
2025-01-26 09:40:45 - Application API URL after replacement: https://api.mashery.com/v3/rest/members/a3c49fca-78ef-4632-abf1-6050c59e8f44/applications
2025-01-26 09:40:45 - Checking if token is valid or needs regeneration.
2025-01-26 09:40:45 - Token is still valid.
2025-01-26 09:40:45 - Fetched 1 application records so far for memberId: a3c49fca-78ef-4632-abf1-6050c59e8f44
2025-01-26 09:40:45 - Completed fetching application details for memberId: a3c49fca-78ef-4632-abf1-6050c59e8f44. Total records: 1
2025-01-26 09:40:45 - Total successful application API calls: 38
2025-01-26 09:40:45 - Total failed application API calls: 0
2025-01-26 09:40:45 - Starting to fetch package keys for memberId: a3c49fca-78ef-4632-abf1-6050c59e8f44
2025-01-26 09:40:45 - Checking if token is valid or needs regeneration.
2025-01-26 09:40:45 - Token is still valid.
2025-01-26 09:40:45 - Constructed API URL: https://api.mashery.com/v3/rest/members/a3c49fca-78ef-4632-abf1-6050c59e8f44/applications/a0c9b987-1c40-4db2-9e9f-0966d386d64a/packageKeys
2025-01-26 09:40:46 - Fetched 1 records so far for memberId: a3c49fca-78ef-4632-abf1-6050c59e8f44
2025-01-26 09:40:46 - Completed fetching package keys for memberId: a3c49fca-78ef-4632-abf1-6050c59e8f44. Total records: 1
2025-01-26 09:40:46 - Total successful API calls Package api: 20
2025-01-26 09:40:46 - Total failed API calls Package api: 0
2025-01-26 09:40:46 - Fetching application details for memberId: da858b39-652d-4b6b-a799-cf56a7fd0106
2025-01-26 09:40:46 - Application API URL after replacement: https://api.mashery.com/v3/rest/members/da858b39-652d-4b6b-a799-cf56a7fd0106/applications
2025-01-26 09:40:46 - Checking if token is valid or needs regeneration.
2025-01-26 09:40:46 - Token is still valid.
2025-01-26 09:40:47 - Fetched 1 application records so far for memberId: da858b39-652d-4b6b-a799-cf56a7fd0106
2025-01-26 09:40:47 - Completed fetching application details for memberId: da858b39-652d-4b6b-a799-cf56a7fd0106. Total records: 1
2025-01-26 09:40:47 - Total successful application API calls: 39
2025-01-26 09:40:47 - Total failed application API calls: 0
2025-01-26 09:40:47 - Starting to fetch package keys for memberId: da858b39-652d-4b6b-a799-cf56a7fd0106
2025-01-26 09:40:47 - Checking if token is valid or needs regeneration.
2025-01-26 09:40:47 - Token is still valid.
2025-01-26 09:40:47 - Constructed API URL: https://api.mashery.com/v3/rest/members/da858b39-652d-4b6b-a799-cf56a7fd0106/applications/245a0cb6-a664-4e2e-b560-c699683b3c4a/packageKeys
2025-01-26 09:40:47 - Fetched 1 records so far for memberId: da858b39-652d-4b6b-a799-cf56a7fd0106
2025-01-26 09:40:47 - Completed fetching package keys for memberId: da858b39-652d-4b6b-a799-cf56a7fd0106. Total records: 1
2025-01-26 09:40:47 - Total successful API calls Package api: 21
2025-01-26 09:40:47 - Total failed API calls Package api: 0
2025-01-26 09:40:47 - Fetching application details for memberId: 2cbe8d2a-7624-440b-8e48-dd866de53558
2025-01-26 09:40:47 - Application API URL after replacement: https://api.mashery.com/v3/rest/members/2cbe8d2a-7624-440b-8e48-dd866de53558/applications
2025-01-26 09:40:47 - Checking if token is valid or needs regeneration.
2025-01-26 09:40:47 - Token is still valid.
2025-01-26 09:40:48 - No more application data to fetch for memberId: 2cbe8d2a-7624-440b-8e48-dd866de53558
2025-01-26 09:40:48 - Completed fetching application details for memberId: 2cbe8d2a-7624-440b-8e48-dd866de53558. Total records: 0
2025-01-26 09:40:48 - Total successful application API calls: 40
2025-01-26 09:40:48 - Total failed application API calls: 0
2025-01-26 09:40:48 - Fetching application details for memberId: e31556bc-3390-44e3-bce3-08b8ff15fe33
2025-01-26 09:40:48 - Application API URL after replacement: https://api.mashery.com/v3/rest/members/e31556bc-3390-44e3-bce3-08b8ff15fe33/applications
2025-01-26 09:40:48 - Checking if token is valid or needs regeneration.
2025-01-26 09:40:48 - Token is still valid.
2025-01-26 09:40:48 - Fetched 1 application records so far for memberId: e31556bc-3390-44e3-bce3-08b8ff15fe33
2025-01-26 09:40:48 - Completed fetching application details for memberId: e31556bc-3390-44e3-bce3-08b8ff15fe33. Total records: 1
2025-01-26 09:40:48 - Total successful application API calls: 41
2025-01-26 09:40:48 - Total failed application API calls: 0
2025-01-26 09:40:48 - Starting to fetch package keys for memberId: e31556bc-3390-44e3-bce3-08b8ff15fe33
2025-01-26 09:40:48 - Checking if token is valid or needs regeneration.
2025-01-26 09:40:48 - Token is still valid.
2025-01-26 09:40:48 - Constructed API URL: https://api.mashery.com/v3/rest/members/e31556bc-3390-44e3-bce3-08b8ff15fe33/applications/b1a93a81-5bdd-4ad1-bb02-abed43cfcf80/packageKeys
2025-01-26 09:40:49 - Fetched 1 records so far for memberId: e31556bc-3390-44e3-bce3-08b8ff15fe33
2025-01-26 09:40:49 - Completed fetching package keys for memberId: e31556bc-3390-44e3-bce3-08b8ff15fe33. Total records: 1
2025-01-26 09:40:49 - Total successful API calls Package api: 22
2025-01-26 09:40:49 - Total failed API calls Package api: 0
2025-01-26 09:40:49 - Fetching application details for memberId: b02c3ab5-4af4-4d2a-8bc9-b26a68cf50c9
2025-01-26 09:40:49 - Application API URL after replacement: https://api.mashery.com/v3/rest/members/b02c3ab5-4af4-4d2a-8bc9-b26a68cf50c9/applications
2025-01-26 09:40:49 - Checking if token is valid or needs regeneration.
2025-01-26 09:40:49 - Token is still valid.
2025-01-26 09:40:50 - Fetched 1 application records so far for memberId: b02c3ab5-4af4-4d2a-8bc9-b26a68cf50c9
2025-01-26 09:40:50 - Completed fetching application details for memberId: b02c3ab5-4af4-4d2a-8bc9-b26a68cf50c9. Total records: 1
2025-01-26 09:40:50 - Total successful application API calls: 42
2025-01-26 09:40:50 - Total failed application API calls: 0
2025-01-26 09:40:50 - Starting to fetch package keys for memberId: b02c3ab5-4af4-4d2a-8bc9-b26a68cf50c9
2025-01-26 09:40:50 - Checking if token is valid or needs regeneration.
2025-01-26 09:40:50 - Token is still valid.
2025-01-26 09:40:50 - Constructed API URL: https://api.mashery.com/v3/rest/members/b02c3ab5-4af4-4d2a-8bc9-b26a68cf50c9/applications/5f8f8ee6-d7ed-48db-bd9e-1b334beec947/packageKeys
2025-01-26 09:40:50 - Fetched 1 records so far for memberId: b02c3ab5-4af4-4d2a-8bc9-b26a68cf50c9
2025-01-26 09:40:50 - Completed fetching package keys for memberId: b02c3ab5-4af4-4d2a-8bc9-b26a68cf50c9. Total records: 1
2025-01-26 09:40:50 - Total successful API calls Package api: 23
2025-01-26 09:40:50 - Total failed API calls Package api: 0
2025-01-26 09:40:50 - Fetching application details for memberId: 258c040e-cd2f-45e5-bf21-061e2b91b8fc
2025-01-26 09:40:50 - Application API URL after replacement: https://api.mashery.com/v3/rest/members/258c040e-cd2f-45e5-bf21-061e2b91b8fc/applications
2025-01-26 09:40:50 - Checking if token is valid or needs regeneration.
2025-01-26 09:40:50 - Token is still valid.
2025-01-26 09:40:51 - No more application data to fetch for memberId: 258c040e-cd2f-45e5-bf21-061e2b91b8fc
2025-01-26 09:40:51 - Completed fetching application details for memberId: 258c040e-cd2f-45e5-bf21-061e2b91b8fc. Total records: 0
2025-01-26 09:40:51 - Total successful application API calls: 43
2025-01-26 09:40:51 - Total failed application API calls: 0
2025-01-26 09:40:51 - Fetching application details for memberId: 56afe773-0249-4c51-850e-07dc0deb4622
2025-01-26 09:40:51 - Application API URL after replacement: https://api.mashery.com/v3/rest/members/56afe773-0249-4c51-850e-07dc0deb4622/applications
2025-01-26 09:40:51 - Checking if token is valid or needs regeneration.
2025-01-26 09:40:51 - Token is still valid.
2025-01-26 09:40:51 - No more application data to fetch for memberId: 56afe773-0249-4c51-850e-07dc0deb4622
2025-01-26 09:40:51 - Completed fetching application details for memberId: 56afe773-0249-4c51-850e-07dc0deb4622. Total records: 0
2025-01-26 09:40:51 - Total successful application API calls: 44
2025-01-26 09:40:51 - Total failed application API calls: 0
2025-01-26 09:40:52 - Fetching application details for memberId: 94d9e5b9-7926-4df5-9619-532f888b8d40
2025-01-26 09:40:52 - Application API URL after replacement: https://api.mashery.com/v3/rest/members/94d9e5b9-7926-4df5-9619-532f888b8d40/applications
2025-01-26 09:40:52 - Checking if token is valid or needs regeneration.
2025-01-26 09:40:52 - Token is still valid.
2025-01-26 09:40:52 - Fetched 1 application records so far for memberId: 94d9e5b9-7926-4df5-9619-532f888b8d40
2025-01-26 09:40:52 - Completed fetching application details for memberId: 94d9e5b9-7926-4df5-9619-532f888b8d40. Total records: 1
2025-01-26 09:40:52 - Total successful application API calls: 45
2025-01-26 09:40:52 - Total failed application API calls: 0
2025-01-26 09:40:52 - Starting to fetch package keys for memberId: 94d9e5b9-7926-4df5-9619-532f888b8d40
2025-01-26 09:40:52 - Checking if token is valid or needs regeneration.
2025-01-26 09:40:52 - Token is still valid.
2025-01-26 09:40:52 - Constructed API URL: https://api.mashery.com/v3/rest/members/94d9e5b9-7926-4df5-9619-532f888b8d40/applications/219a1262-5f19-466b-9eef-457e76d61c12/packageKeys
2025-01-26 09:40:53 - Fetched 1 records so far for memberId: 94d9e5b9-7926-4df5-9619-532f888b8d40
2025-01-26 09:40:53 - Completed fetching package keys for memberId: 94d9e5b9-7926-4df5-9619-532f888b8d40. Total records: 1
2025-01-26 09:40:53 - Total successful API calls Package api: 24
2025-01-26 09:40:53 - Total failed API calls Package api: 0
2025-01-26 09:40:53 - Fetching application details for memberId: af765f34-f566-4ee1-b52e-e6c3769af398
2025-01-26 09:40:53 - Application API URL after replacement: https://api.mashery.com/v3/rest/members/af765f34-f566-4ee1-b52e-e6c3769af398/applications
2025-01-26 09:40:53 - Checking if token is valid or needs regeneration.
2025-01-26 09:40:53 - Token is still valid.
2025-01-26 09:40:53 - Fetched 1 application records so far for memberId: af765f34-f566-4ee1-b52e-e6c3769af398
2025-01-26 09:40:53 - Completed fetching application details for memberId: af765f34-f566-4ee1-b52e-e6c3769af398. Total records: 1
2025-01-26 09:40:53 - Total successful application API calls: 46
2025-01-26 09:40:53 - Total failed application API calls: 0
2025-01-26 09:40:53 - Starting to fetch package keys for memberId: af765f34-f566-4ee1-b52e-e6c3769af398
2025-01-26 09:40:53 - Checking if token is valid or needs regeneration.
2025-01-26 09:40:53 - Token is still valid.
2025-01-26 09:40:53 - Constructed API URL: https://api.mashery.com/v3/rest/members/af765f34-f566-4ee1-b52e-e6c3769af398/applications/e0c33cc1-27c6-43c4-91dc-8c9a637e6437/packageKeys
2025-01-26 09:40:54 - Fetched 1 records so far for memberId: af765f34-f566-4ee1-b52e-e6c3769af398
2025-01-26 09:40:54 - Completed fetching package keys for memberId: af765f34-f566-4ee1-b52e-e6c3769af398. Total records: 1
2025-01-26 09:40:54 - Total successful API calls Package api: 25
2025-01-26 09:40:54 - Total failed API calls Package api: 0
2025-01-26 09:40:54 - Fetching application details for memberId: 7beabceb-430c-4c36-9f0d-d21061062519
2025-01-26 09:40:54 - Application API URL after replacement: https://api.mashery.com/v3/rest/members/7beabceb-430c-4c36-9f0d-d21061062519/applications
2025-01-26 09:40:54 - Checking if token is valid or needs regeneration.
2025-01-26 09:40:54 - Token is still valid.
2025-01-26 09:40:55 - Fetched 2 application records so far for memberId: 7beabceb-430c-4c36-9f0d-d21061062519
2025-01-26 09:40:55 - Completed fetching application details for memberId: 7beabceb-430c-4c36-9f0d-d21061062519. Total records: 2
2025-01-26 09:40:55 - Total successful application API calls: 47
2025-01-26 09:40:55 - Total failed application API calls: 0
2025-01-26 09:40:55 - Starting to fetch package keys for memberId: 7beabceb-430c-4c36-9f0d-d21061062519
2025-01-26 09:40:55 - Checking if token is valid or needs regeneration.
2025-01-26 09:40:55 - Token is still valid.
2025-01-26 09:40:55 - Constructed API URL: https://api.mashery.com/v3/rest/members/7beabceb-430c-4c36-9f0d-d21061062519/applications/5c94d570-f32e-46f4-a34b-f286e32bcb93/packageKeys
2025-01-26 09:40:55 - Fetched 1 records so far for memberId: 7beabceb-430c-4c36-9f0d-d21061062519
2025-01-26 09:40:55 - Completed fetching package keys for memberId: 7beabceb-430c-4c36-9f0d-d21061062519. Total records: 1
2025-01-26 09:40:55 - Total successful API calls Package api: 26
2025-01-26 09:40:55 - Total failed API calls Package api: 0
2025-01-26 09:40:55 - Starting to fetch package keys for memberId: 7beabceb-430c-4c36-9f0d-d21061062519
2025-01-26 09:40:55 - Checking if token is valid or needs regeneration.
2025-01-26 09:40:55 - Token is still valid.
2025-01-26 09:40:55 - Constructed API URL: https://api.mashery.com/v3/rest/members/7beabceb-430c-4c36-9f0d-d21061062519/applications/28c58d24-f5aa-4f86-81e2-d252edb09af1/packageKeys
2025-01-26 09:40:56 - Fetched 1 records so far for memberId: 7beabceb-430c-4c36-9f0d-d21061062519
2025-01-26 09:40:56 - Completed fetching package keys for memberId: 7beabceb-430c-4c36-9f0d-d21061062519. Total records: 1
2025-01-26 09:40:56 - Total successful API calls Package api: 27
2025-01-26 09:40:56 - Total failed API calls Package api: 0
2025-01-26 09:40:56 - Fetching application details for memberId: 72358a04-e140-4b5c-88f3-a0b5cb94a401
2025-01-26 09:40:56 - Application API URL after replacement: https://api.mashery.com/v3/rest/members/72358a04-e140-4b5c-88f3-a0b5cb94a401/applications
2025-01-26 09:40:56 - Checking if token is valid or needs regeneration.
2025-01-26 09:40:56 - Token is still valid.
2025-01-26 09:40:57 - Fetched 1 application records so far for memberId: 72358a04-e140-4b5c-88f3-a0b5cb94a401
2025-01-26 09:40:57 - Completed fetching application details for memberId: 72358a04-e140-4b5c-88f3-a0b5cb94a401. Total records: 1
2025-01-26 09:40:57 - Total successful application API calls: 48
2025-01-26 09:40:57 - Total failed application API calls: 0
2025-01-26 09:40:57 - Starting to fetch package keys for memberId: 72358a04-e140-4b5c-88f3-a0b5cb94a401
2025-01-26 09:40:57 - Checking if token is valid or needs regeneration.
2025-01-26 09:40:57 - Token is still valid.
2025-01-26 09:40:57 - Constructed API URL: https://api.mashery.com/v3/rest/members/72358a04-e140-4b5c-88f3-a0b5cb94a401/applications/1dd4837d-a361-4b8b-8787-36343f1a9b6c/packageKeys
2025-01-26 09:40:57 - Fetched 1 records so far for memberId: 72358a04-e140-4b5c-88f3-a0b5cb94a401
2025-01-26 09:40:57 - Completed fetching package keys for memberId: 72358a04-e140-4b5c-88f3-a0b5cb94a401. Total records: 1
2025-01-26 09:40:57 - Total successful API calls Package api: 28
2025-01-26 09:40:57 - Total failed API calls Package api: 0
2025-01-26 09:40:57 - Fetching application details for memberId: 77268dee-9e75-416e-a9ba-902f9a721203
2025-01-26 09:40:57 - Application API URL after replacement: https://api.mashery.com/v3/rest/members/77268dee-9e75-416e-a9ba-902f9a721203/applications
2025-01-26 09:40:57 - Checking if token is valid or needs regeneration.
2025-01-26 09:40:57 - Token is still valid.
2025-01-26 09:40:58 - Fetched 1 application records so far for memberId: 77268dee-9e75-416e-a9ba-902f9a721203
2025-01-26 09:40:58 - Completed fetching application details for memberId: 77268dee-9e75-416e-a9ba-902f9a721203. Total records: 1
2025-01-26 09:40:58 - Total successful application API calls: 49
2025-01-26 09:40:58 - Total failed application API calls: 0
2025-01-26 09:40:58 - Starting to fetch package keys for memberId: 77268dee-9e75-416e-a9ba-902f9a721203
2025-01-26 09:40:58 - Checking if token is valid or needs regeneration.
2025-01-26 09:40:58 - Token is still valid.
2025-01-26 09:40:58 - Constructed API URL: https://api.mashery.com/v3/rest/members/77268dee-9e75-416e-a9ba-902f9a721203/applications/68ea3104-52b6-4f89-81a8-67bf6e7fff04/packageKeys
2025-01-26 09:40:58 - Fetched 1 records so far for memberId: 77268dee-9e75-416e-a9ba-902f9a721203
2025-01-26 09:40:58 - Completed fetching package keys for memberId: 77268dee-9e75-416e-a9ba-902f9a721203. Total records: 1
2025-01-26 09:40:58 - Total successful API calls Package api: 29
2025-01-26 09:40:58 - Total failed API calls Package api: 0
2025-01-26 09:40:59 - Fetching application details for memberId: 00237739-d28e-4c29-8c14-94f022c6eb2d
2025-01-26 09:40:59 - Application API URL after replacement: https://api.mashery.com/v3/rest/members/00237739-d28e-4c29-8c14-94f022c6eb2d/applications
2025-01-26 09:40:59 - Checking if token is valid or needs regeneration.
2025-01-26 09:40:59 - Token is still valid.
2025-01-26 09:40:59 - Fetched 1 application records so far for memberId: 00237739-d28e-4c29-8c14-94f022c6eb2d
2025-01-26 09:40:59 - Completed fetching application details for memberId: 00237739-d28e-4c29-8c14-94f022c6eb2d. Total records: 1
2025-01-26 09:40:59 - Total successful application API calls: 50
2025-01-26 09:40:59 - Total failed application API calls: 0
2025-01-26 09:40:59 - Starting to fetch package keys for memberId: 00237739-d28e-4c29-8c14-94f022c6eb2d
2025-01-26 09:40:59 - Checking if token is valid or needs regeneration.
2025-01-26 09:40:59 - Token is still valid.
2025-01-26 09:40:59 - Constructed API URL: https://api.mashery.com/v3/rest/members/00237739-d28e-4c29-8c14-94f022c6eb2d/applications/28a0d3dd-74b7-41bb-9083-522c9576b6dd/packageKeys
2025-01-26 09:41:00 - Fetched 1 records so far for memberId: 00237739-d28e-4c29-8c14-94f022c6eb2d
2025-01-26 09:41:00 - Completed fetching package keys for memberId: 00237739-d28e-4c29-8c14-94f022c6eb2d. Total records: 1
2025-01-26 09:41:00 - Total successful API calls Package api: 30
2025-01-26 09:41:00 - Total failed API calls Package api: 0
2025-01-26 09:41:00 - Fetching application details for memberId: 5f082de3-c85d-4006-97a8-31dee0417c41
2025-01-26 09:41:00 - Application API URL after replacement: https://api.mashery.com/v3/rest/members/5f082de3-c85d-4006-97a8-31dee0417c41/applications
2025-01-26 09:41:00 - Checking if token is valid or needs regeneration.
2025-01-26 09:41:00 - Token is still valid.
2025-01-26 09:41:00 - Fetched 1 application records so far for memberId: 5f082de3-c85d-4006-97a8-31dee0417c41
2025-01-26 09:41:00 - Completed fetching application details for memberId: 5f082de3-c85d-4006-97a8-31dee0417c41. Total records: 1
2025-01-26 09:41:00 - Total successful application API calls: 51
2025-01-26 09:41:00 - Total failed application API calls: 0
2025-01-26 09:41:00 - Starting to fetch package keys for memberId: 5f082de3-c85d-4006-97a8-31dee0417c41
2025-01-26 09:41:00 - Checking if token is valid or needs regeneration.
2025-01-26 09:41:00 - Token is still valid.
2025-01-26 09:41:00 - Constructed API URL: https://api.mashery.com/v3/rest/members/5f082de3-c85d-4006-97a8-31dee0417c41/applications/2d4e4e08-0053-4c0c-b4d1-0e8fe161d230/packageKeys
2025-01-26 09:41:01 - Fetched 1 records so far for memberId: 5f082de3-c85d-4006-97a8-31dee0417c41
2025-01-26 09:41:01 - Completed fetching package keys for memberId: 5f082de3-c85d-4006-97a8-31dee0417c41. Total records: 1
2025-01-26 09:41:01 - Total successful API calls Package api: 31
2025-01-26 09:41:01 - Total failed API calls Package api: 0
2025-01-26 09:41:01 - Fetching application details for memberId: 7b87cece-06fe-49f4-a641-2e870d004b60
2025-01-26 09:41:01 - Application API URL after replacement: https://api.mashery.com/v3/rest/members/7b87cece-06fe-49f4-a641-2e870d004b60/applications
2025-01-26 09:41:01 - Checking if token is valid or needs regeneration.
2025-01-26 09:41:01 - Token is still valid.
2025-01-26 09:41:02 - No more application data to fetch for memberId: 7b87cece-06fe-49f4-a641-2e870d004b60
2025-01-26 09:41:02 - Completed fetching application details for memberId: 7b87cece-06fe-49f4-a641-2e870d004b60. Total records: 0
2025-01-26 09:41:02 - Total successful application API calls: 52
2025-01-26 09:41:02 - Total failed application API calls: 0
2025-01-26 09:41:02 - Fetching application details for memberId: 9a996c78-f503-43b4-bfe3-40edda28974a
2025-01-26 09:41:02 - Application API URL after replacement: https://api.mashery.com/v3/rest/members/9a996c78-f503-43b4-bfe3-40edda28974a/applications
2025-01-26 09:41:02 - Checking if token is valid or needs regeneration.
2025-01-26 09:41:02 - Token is still valid.
2025-01-26 09:41:02 - Fetched 1 application records so far for memberId: 9a996c78-f503-43b4-bfe3-40edda28974a
2025-01-26 09:41:02 - Completed fetching application details for memberId: 9a996c78-f503-43b4-bfe3-40edda28974a. Total records: 1
2025-01-26 09:41:02 - Total successful application API calls: 53
2025-01-26 09:41:02 - Total failed application API calls: 0
2025-01-26 09:41:02 - Starting to fetch package keys for memberId: 9a996c78-f503-43b4-bfe3-40edda28974a
2025-01-26 09:41:02 - Checking if token is valid or needs regeneration.
2025-01-26 09:41:02 - Token is still valid.
2025-01-26 09:41:02 - Constructed API URL: https://api.mashery.com/v3/rest/members/9a996c78-f503-43b4-bfe3-40edda28974a/applications/50edd7c4-8add-4712-9919-a2b58b29bcb7/packageKeys
2025-01-26 09:41:03 - Fetched 1 records so far for memberId: 9a996c78-f503-43b4-bfe3-40edda28974a
2025-01-26 09:41:03 - Completed fetching package keys for memberId: 9a996c78-f503-43b4-bfe3-40edda28974a. Total records: 1
2025-01-26 09:41:03 - Total successful API calls Package api: 32
2025-01-26 09:41:03 - Total failed API calls Package api: 0
2025-01-26 09:41:03 - Fetching application details for memberId: 73e20afa-56f3-4b30-82da-bd0a6ff78865
2025-01-26 09:41:03 - Application API URL after replacement: https://api.mashery.com/v3/rest/members/73e20afa-56f3-4b30-82da-bd0a6ff78865/applications
2025-01-26 09:41:03 - Checking if token is valid or needs regeneration.
2025-01-26 09:41:03 - Token is still valid.
2025-01-26 09:41:03 - Fetched 1 application records so far for memberId: 73e20afa-56f3-4b30-82da-bd0a6ff78865
2025-01-26 09:41:03 - Completed fetching application details for memberId: 73e20afa-56f3-4b30-82da-bd0a6ff78865. Total records: 1
2025-01-26 09:41:03 - Total successful application API calls: 54
2025-01-26 09:41:03 - Total failed application API calls: 0
2025-01-26 09:41:03 - Starting to fetch package keys for memberId: 73e20afa-56f3-4b30-82da-bd0a6ff78865
2025-01-26 09:41:03 - Checking if token is valid or needs regeneration.
2025-01-26 09:41:03 - Token is still valid.
2025-01-26 09:41:03 - Constructed API URL: https://api.mashery.com/v3/rest/members/73e20afa-56f3-4b30-82da-bd0a6ff78865/applications/3def6e44-dfe2-41d2-a1e6-a8f3fd49c8c7/packageKeys
2025-01-26 09:41:04 - Fetched 1 records so far for memberId: 73e20afa-56f3-4b30-82da-bd0a6ff78865
2025-01-26 09:41:04 - Completed fetching package keys for memberId: 73e20afa-56f3-4b30-82da-bd0a6ff78865. Total records: 1
2025-01-26 09:41:04 - Total successful API calls Package api: 33
2025-01-26 09:41:04 - Total failed API calls Package api: 0
2025-01-26 09:41:04 - Fetching application details for memberId: 905f997c-705a-4901-b141-74d0dc580974
2025-01-26 09:41:04 - Application API URL after replacement: https://api.mashery.com/v3/rest/members/905f997c-705a-4901-b141-74d0dc580974/applications
2025-01-26 09:41:04 - Checking if token is valid or needs regeneration.
2025-01-26 09:41:04 - Token is still valid.
2025-01-26 09:41:04 - Fetched 2 application records so far for memberId: 905f997c-705a-4901-b141-74d0dc580974
2025-01-26 09:41:04 - Completed fetching application details for memberId: 905f997c-705a-4901-b141-74d0dc580974. Total records: 2
2025-01-26 09:41:04 - Total successful application API calls: 55
2025-01-26 09:41:04 - Total failed application API calls: 0
2025-01-26 09:41:04 - Starting to fetch package keys for memberId: 905f997c-705a-4901-b141-74d0dc580974
2025-01-26 09:41:04 - Checking if token is valid or needs regeneration.
2025-01-26 09:41:04 - Token is still valid.
2025-01-26 09:41:04 - Constructed API URL: https://api.mashery.com/v3/rest/members/905f997c-705a-4901-b141-74d0dc580974/applications/abe0c555-64c8-45a4-a8b5-33b1a214a563/packageKeys
2025-01-26 09:41:05 - Fetched 1 records so far for memberId: 905f997c-705a-4901-b141-74d0dc580974
2025-01-26 09:41:05 - Completed fetching package keys for memberId: 905f997c-705a-4901-b141-74d0dc580974. Total records: 1
2025-01-26 09:41:05 - Total successful API calls Package api: 34
2025-01-26 09:41:05 - Total failed API calls Package api: 0
2025-01-26 09:41:06 - Starting to fetch package keys for memberId: 905f997c-705a-4901-b141-74d0dc580974
2025-01-26 09:41:06 - Checking if token is valid or needs regeneration.
2025-01-26 09:41:06 - Token is still valid.
2025-01-26 09:41:06 - Constructed API URL: https://api.mashery.com/v3/rest/members/905f997c-705a-4901-b141-74d0dc580974/applications/a80787ef-52eb-4ea6-a577-cec2b37ad715/packageKeys
2025-01-26 09:41:06 - Fetched 1 records so far for memberId: 905f997c-705a-4901-b141-74d0dc580974
2025-01-26 09:41:06 - Completed fetching package keys for memberId: 905f997c-705a-4901-b141-74d0dc580974. Total records: 1
2025-01-26 09:41:06 - Total successful API calls Package api: 35
2025-01-26 09:41:06 - Total failed API calls Package api: 0
2025-01-26 09:41:07 - Fetching application details for memberId: 5d391712-354b-4869-b912-74907740eb27
2025-01-26 09:41:07 - Application API URL after replacement: https://api.mashery.com/v3/rest/members/5d391712-354b-4869-b912-74907740eb27/applications
2025-01-26 09:41:07 - Checking if token is valid or needs regeneration.
2025-01-26 09:41:07 - Token is still valid.
2025-01-26 09:41:07 - No more application data to fetch for memberId: 5d391712-354b-4869-b912-74907740eb27
2025-01-26 09:41:07 - Completed fetching application details for memberId: 5d391712-354b-4869-b912-74907740eb27. Total records: 0
2025-01-26 09:41:07 - Total successful application API calls: 56
2025-01-26 09:41:07 - Total failed application API calls: 0
2025-01-26 09:41:07 - Fetching application details for memberId: 2fdc0a99-c782-47dd-a158-4944aa89a9e6
2025-01-26 09:41:07 - Application API URL after replacement: https://api.mashery.com/v3/rest/members/2fdc0a99-c782-47dd-a158-4944aa89a9e6/applications
2025-01-26 09:41:07 - Checking if token is valid or needs regeneration.
2025-01-26 09:41:07 - Token is still valid.
2025-01-26 09:41:08 - No more application data to fetch for memberId: 2fdc0a99-c782-47dd-a158-4944aa89a9e6
2025-01-26 09:41:08 - Completed fetching application details for memberId: 2fdc0a99-c782-47dd-a158-4944aa89a9e6. Total records: 0
2025-01-26 09:41:08 - Total successful application API calls: 57
2025-01-26 09:41:08 - Total failed application API calls: 0
2025-01-26 09:41:08 - Fetching application details for memberId: 5668b5b0-4e5b-4724-b672-54ce16bba9e8
2025-01-26 09:41:08 - Application API URL after replacement: https://api.mashery.com/v3/rest/members/5668b5b0-4e5b-4724-b672-54ce16bba9e8/applications
2025-01-26 09:41:08 - Checking if token is valid or needs regeneration.
2025-01-26 09:41:08 - Token is still valid.
2025-01-26 09:41:08 - No more application data to fetch for memberId: 5668b5b0-4e5b-4724-b672-54ce16bba9e8
2025-01-26 09:41:08 - Completed fetching application details for memberId: 5668b5b0-4e5b-4724-b672-54ce16bba9e8. Total records: 0
2025-01-26 09:41:08 - Total successful application API calls: 58
2025-01-26 09:41:08 - Total failed application API calls: 0
2025-01-26 09:41:09 - Fetching application details for memberId: 5a93daa5-c34d-46d3-8689-dd38759ec43b
2025-01-26 09:41:09 - Application API URL after replacement: https://api.mashery.com/v3/rest/members/5a93daa5-c34d-46d3-8689-dd38759ec43b/applications
2025-01-26 09:41:09 - Checking if token is valid or needs regeneration.
2025-01-26 09:41:09 - Token is still valid.
2025-01-26 09:41:09 - Fetched 1 application records so far for memberId: 5a93daa5-c34d-46d3-8689-dd38759ec43b
2025-01-26 09:41:09 - Completed fetching application details for memberId: 5a93daa5-c34d-46d3-8689-dd38759ec43b. Total records: 1
2025-01-26 09:41:09 - Total successful application API calls: 59
2025-01-26 09:41:09 - Total failed application API calls: 0
2025-01-26 09:41:09 - Starting to fetch package keys for memberId: 5a93daa5-c34d-46d3-8689-dd38759ec43b
2025-01-26 09:41:09 - Checking if token is valid or needs regeneration.
2025-01-26 09:41:09 - Token is still valid.
2025-01-26 09:41:09 - Constructed API URL: https://api.mashery.com/v3/rest/members/5a93daa5-c34d-46d3-8689-dd38759ec43b/applications/af4be353-1b16-4301-9873-8b85e5bb36f3/packageKeys
2025-01-26 09:41:10 - Fetched 1 records so far for memberId: 5a93daa5-c34d-46d3-8689-dd38759ec43b
2025-01-26 09:41:10 - Completed fetching package keys for memberId: 5a93daa5-c34d-46d3-8689-dd38759ec43b. Total records: 1
2025-01-26 09:41:10 - Total successful API calls Package api: 36
2025-01-26 09:41:10 - Total failed API calls Package api: 0
2025-01-26 09:41:10 - Fetching application details for memberId: 6f528791-c5d5-45e7-8a31-6101a39c8428
2025-01-26 09:41:10 - Application API URL after replacement: https://api.mashery.com/v3/rest/members/6f528791-c5d5-45e7-8a31-6101a39c8428/applications
2025-01-26 09:41:10 - Checking if token is valid or needs regeneration.
2025-01-26 09:41:10 - Token is still valid.
2025-01-26 09:41:10 - Fetched 1 application records so far for memberId: 6f528791-c5d5-45e7-8a31-6101a39c8428
2025-01-26 09:41:10 - Completed fetching application details for memberId: 6f528791-c5d5-45e7-8a31-6101a39c8428. Total records: 1
2025-01-26 09:41:10 - Total successful application API calls: 60
2025-01-26 09:41:10 - Total failed application API calls: 0
2025-01-26 09:41:10 - Starting to fetch package keys for memberId: 6f528791-c5d5-45e7-8a31-6101a39c8428
2025-01-26 09:41:10 - Checking if token is valid or needs regeneration.
2025-01-26 09:41:10 - Token is still valid.
2025-01-26 09:41:10 - Constructed API URL: https://api.mashery.com/v3/rest/members/6f528791-c5d5-45e7-8a31-6101a39c8428/applications/70520a23-4a36-4a25-9106-7d07474816b1/packageKeys
2025-01-26 09:41:11 - Fetched 1 records so far for memberId: 6f528791-c5d5-45e7-8a31-6101a39c8428
2025-01-26 09:41:11 - Completed fetching package keys for memberId: 6f528791-c5d5-45e7-8a31-6101a39c8428. Total records: 1
2025-01-26 09:41:11 - Total successful API calls Package api: 37
2025-01-26 09:41:11 - Total failed API calls Package api: 0
2025-01-26 09:41:11 - Fetching application details for memberId: e3212ff9-7101-4153-bd9f-50243cf5a6f1
2025-01-26 09:41:11 - Application API URL after replacement: https://api.mashery.com/v3/rest/members/e3212ff9-7101-4153-bd9f-50243cf5a6f1/applications
2025-01-26 09:41:11 - Checking if token is valid or needs regeneration.
2025-01-26 09:41:11 - Token is still valid.
2025-01-26 09:41:12 - Fetched 1 application records so far for memberId: e3212ff9-7101-4153-bd9f-50243cf5a6f1
2025-01-26 09:41:12 - Completed fetching application details for memberId: e3212ff9-7101-4153-bd9f-50243cf5a6f1. Total records: 1
2025-01-26 09:41:12 - Total successful application API calls: 61
2025-01-26 09:41:12 - Total failed application API calls: 0
2025-01-26 09:41:12 - Starting to fetch package keys for memberId: e3212ff9-7101-4153-bd9f-50243cf5a6f1
2025-01-26 09:41:12 - Checking if token is valid or needs regeneration.
2025-01-26 09:41:12 - Token is still valid.
2025-01-26 09:41:12 - Constructed API URL: https://api.mashery.com/v3/rest/members/e3212ff9-7101-4153-bd9f-50243cf5a6f1/applications/fea6b373-9a15-4de8-86f9-15af4a10c16a/packageKeys
2025-01-26 09:41:12 - Fetched 1 records so far for memberId: e3212ff9-7101-4153-bd9f-50243cf5a6f1
2025-01-26 09:41:12 - Completed fetching package keys for memberId: e3212ff9-7101-4153-bd9f-50243cf5a6f1. Total records: 1
2025-01-26 09:41:12 - Total successful API calls Package api: 38
2025-01-26 09:41:12 - Total failed API calls Package api: 0
2025-01-26 09:41:12 - Fetching application details for memberId: c5945796-50d7-495e-9637-eea9a2a862cf
2025-01-26 09:41:12 - Application API URL after replacement: https://api.mashery.com/v3/rest/members/c5945796-50d7-495e-9637-eea9a2a862cf/applications
2025-01-26 09:41:12 - Checking if token is valid or needs regeneration.
2025-01-26 09:41:12 - Token is still valid.
2025-01-26 09:41:13 - Fetched 1 application records so far for memberId: c5945796-50d7-495e-9637-eea9a2a862cf
2025-01-26 09:41:13 - Completed fetching application details for memberId: c5945796-50d7-495e-9637-eea9a2a862cf. Total records: 1
2025-01-26 09:41:13 - Total successful application API calls: 62
2025-01-26 09:41:13 - Total failed application API calls: 0
2025-01-26 09:41:13 - Starting to fetch package keys for memberId: c5945796-50d7-495e-9637-eea9a2a862cf
2025-01-26 09:41:13 - Checking if token is valid or needs regeneration.
2025-01-26 09:41:13 - Token is still valid.
2025-01-26 09:41:13 - Constructed API URL: https://api.mashery.com/v3/rest/members/c5945796-50d7-495e-9637-eea9a2a862cf/applications/87042a9f-a145-447e-8620-ffbd7a10d6d4/packageKeys
2025-01-26 09:41:13 - Fetched 1 records so far for memberId: c5945796-50d7-495e-9637-eea9a2a862cf
2025-01-26 09:41:13 - Completed fetching package keys for memberId: c5945796-50d7-495e-9637-eea9a2a862cf. Total records: 1
2025-01-26 09:41:13 - Total successful API calls Package api: 39
2025-01-26 09:41:13 - Total failed API calls Package api: 0
2025-01-26 09:41:14 - Fetching application details for memberId: 7d6cfe2b-a620-4fa4-bcad-1ef2df360f92
2025-01-26 09:41:14 - Application API URL after replacement: https://api.mashery.com/v3/rest/members/7d6cfe2b-a620-4fa4-bcad-1ef2df360f92/applications
2025-01-26 09:41:14 - Checking if token is valid or needs regeneration.
2025-01-26 09:41:14 - Token is still valid.
2025-01-26 09:41:14 - Fetched 1 application records so far for memberId: 7d6cfe2b-a620-4fa4-bcad-1ef2df360f92
2025-01-26 09:41:14 - Completed fetching application details for memberId: 7d6cfe2b-a620-4fa4-bcad-1ef2df360f92. Total records: 1
2025-01-26 09:41:14 - Total successful application API calls: 63
2025-01-26 09:41:14 - Total failed application API calls: 0
2025-01-26 09:41:14 - Starting to fetch package keys for memberId: 7d6cfe2b-a620-4fa4-bcad-1ef2df360f92
2025-01-26 09:41:14 - Checking if token is valid or needs regeneration.
2025-01-26 09:41:14 - Token is still valid.
2025-01-26 09:41:14 - Constructed API URL: https://api.mashery.com/v3/rest/members/7d6cfe2b-a620-4fa4-bcad-1ef2df360f92/applications/4ef18ff9-01e6-431e-bc7c-87eb95e511f7/packageKeys
2025-01-26 09:41:15 - Fetched 1 records so far for memberId: 7d6cfe2b-a620-4fa4-bcad-1ef2df360f92
2025-01-26 09:41:15 - Completed fetching package keys for memberId: 7d6cfe2b-a620-4fa4-bcad-1ef2df360f92. Total records: 1
2025-01-26 09:41:15 - Total successful API calls Package api: 40
2025-01-26 09:41:15 - Total failed API calls Package api: 0
2025-01-26 09:41:15 - Fetching application details for memberId: 8686332c-b847-4d00-91f8-dc4001afb19e
2025-01-26 09:41:15 - Application API URL after replacement: https://api.mashery.com/v3/rest/members/8686332c-b847-4d00-91f8-dc4001afb19e/applications
2025-01-26 09:41:15 - Checking if token is valid or needs regeneration.
2025-01-26 09:41:15 - Token is still valid.
2025-01-26 09:41:15 - Fetched 1 application records so far for memberId: 8686332c-b847-4d00-91f8-dc4001afb19e
2025-01-26 09:41:15 - Completed fetching application details for memberId: 8686332c-b847-4d00-91f8-dc4001afb19e. Total records: 1
2025-01-26 09:41:15 - Total successful application API calls: 64
2025-01-26 09:41:15 - Total failed application API calls: 0
2025-01-26 09:41:15 - Starting to fetch package keys for memberId: 8686332c-b847-4d00-91f8-dc4001afb19e
2025-01-26 09:41:15 - Checking if token is valid or needs regeneration.
2025-01-26 09:41:15 - Token is still valid.
2025-01-26 09:41:15 - Constructed API URL: https://api.mashery.com/v3/rest/members/8686332c-b847-4d00-91f8-dc4001afb19e/applications/f18392c7-ed37-4274-8c61-8d9a1a9ebd57/packageKeys
2025-01-26 09:41:16 - Fetched 1 records so far for memberId: 8686332c-b847-4d00-91f8-dc4001afb19e
2025-01-26 09:41:16 - Completed fetching package keys for memberId: 8686332c-b847-4d00-91f8-dc4001afb19e. Total records: 1
2025-01-26 09:41:16 - Total successful API calls Package api: 41
2025-01-26 09:41:16 - Total failed API calls Package api: 0
2025-01-26 09:41:16 - Fetching application details for memberId: ffa754d6-8130-42d2-8e15-e9392648db9b
2025-01-26 09:41:16 - Application API URL after replacement: https://api.mashery.com/v3/rest/members/ffa754d6-8130-42d2-8e15-e9392648db9b/applications
2025-01-26 09:41:16 - Checking if token is valid or needs regeneration.
2025-01-26 09:41:16 - Token is still valid.
2025-01-26 09:41:17 - Fetched 2 application records so far for memberId: ffa754d6-8130-42d2-8e15-e9392648db9b
2025-01-26 09:41:17 - Completed fetching application details for memberId: ffa754d6-8130-42d2-8e15-e9392648db9b. Total records: 2
2025-01-26 09:41:17 - Total successful application API calls: 65
2025-01-26 09:41:17 - Total failed application API calls: 0
2025-01-26 09:41:17 - Starting to fetch package keys for memberId: ffa754d6-8130-42d2-8e15-e9392648db9b
2025-01-26 09:41:17 - Checking if token is valid or needs regeneration.
2025-01-26 09:41:17 - Token is still valid.
2025-01-26 09:41:17 - Constructed API URL: https://api.mashery.com/v3/rest/members/ffa754d6-8130-42d2-8e15-e9392648db9b/applications/7793bb87-296b-4f29-bc1c-14ea7f304796/packageKeys
2025-01-26 09:41:17 - Fetched 1 records so far for memberId: ffa754d6-8130-42d2-8e15-e9392648db9b
2025-01-26 09:41:17 - Completed fetching package keys for memberId: ffa754d6-8130-42d2-8e15-e9392648db9b. Total records: 1
2025-01-26 09:41:17 - Total successful API calls Package api: 42
2025-01-26 09:41:17 - Total failed API calls Package api: 0
2025-01-26 09:41:17 - Starting to fetch package keys for memberId: ffa754d6-8130-42d2-8e15-e9392648db9b
2025-01-26 09:41:17 - Checking if token is valid or needs regeneration.
2025-01-26 09:41:17 - Token is still valid.
2025-01-26 09:41:17 - Constructed API URL: https://api.mashery.com/v3/rest/members/ffa754d6-8130-42d2-8e15-e9392648db9b/applications/1db65c9f-feed-46a2-91e7-83c024764c17/packageKeys
2025-01-26 09:41:18 - Fetched 1 records so far for memberId: ffa754d6-8130-42d2-8e15-e9392648db9b
2025-01-26 09:41:18 - Completed fetching package keys for memberId: ffa754d6-8130-42d2-8e15-e9392648db9b. Total records: 1
2025-01-26 09:41:18 - Total successful API calls Package api: 43
2025-01-26 09:41:18 - Total failed API calls Package api: 0
2025-01-26 09:41:18 - Fetching application details for memberId: d2a6f31e-a0a9-4a8f-9fd8-d44c8c8b4a6d
2025-01-26 09:41:18 - Application API URL after replacement: https://api.mashery.com/v3/rest/members/d2a6f31e-a0a9-4a8f-9fd8-d44c8c8b4a6d/applications
2025-01-26 09:41:18 - Checking if token is valid or needs regeneration.
2025-01-26 09:41:18 - Token is still valid.
2025-01-26 09:41:18 - No more application data to fetch for memberId: d2a6f31e-a0a9-4a8f-9fd8-d44c8c8b4a6d
2025-01-26 09:41:18 - Completed fetching application details for memberId: d2a6f31e-a0a9-4a8f-9fd8-d44c8c8b4a6d. Total records: 0
2025-01-26 09:41:18 - Total successful application API calls: 66
2025-01-26 09:41:18 - Total failed application API calls: 0
2025-01-26 09:41:19 - Fetching application details for memberId: db2658a1-3902-4c6f-ae94-7f6c8bc5968c
2025-01-26 09:41:19 - Application API URL after replacement: https://api.mashery.com/v3/rest/members/db2658a1-3902-4c6f-ae94-7f6c8bc5968c/applications
2025-01-26 09:41:19 - Checking if token is valid or needs regeneration.
2025-01-26 09:41:19 - Token is still valid.
2025-01-26 09:41:19 - Fetched 1 application records so far for memberId: db2658a1-3902-4c6f-ae94-7f6c8bc5968c
2025-01-26 09:41:19 - Completed fetching application details for memberId: db2658a1-3902-4c6f-ae94-7f6c8bc5968c. Total records: 1
2025-01-26 09:41:19 - Total successful application API calls: 67
2025-01-26 09:41:19 - Total failed application API calls: 0
2025-01-26 09:41:19 - Starting to fetch package keys for memberId: db2658a1-3902-4c6f-ae94-7f6c8bc5968c
2025-01-26 09:41:19 - Checking if token is valid or needs regeneration.
2025-01-26 09:41:19 - Token is still valid.
2025-01-26 09:41:19 - Constructed API URL: https://api.mashery.com/v3/rest/members/db2658a1-3902-4c6f-ae94-7f6c8bc5968c/applications/aaf49ab4-26ff-48d3-a644-80270ea25f00/packageKeys
2025-01-26 09:41:20 - Fetched 1 records so far for memberId: db2658a1-3902-4c6f-ae94-7f6c8bc5968c
2025-01-26 09:41:20 - Completed fetching package keys for memberId: db2658a1-3902-4c6f-ae94-7f6c8bc5968c. Total records: 1
2025-01-26 09:41:20 - Total successful API calls Package api: 44
2025-01-26 09:41:20 - Total failed API calls Package api: 0
2025-01-26 09:41:20 - Fetching application details for memberId: cfc3199d-1cfa-4e19-b91e-c21709c7f975
2025-01-26 09:41:20 - Application API URL after replacement: https://api.mashery.com/v3/rest/members/cfc3199d-1cfa-4e19-b91e-c21709c7f975/applications
2025-01-26 09:41:20 - Checking if token is valid or needs regeneration.
2025-01-26 09:41:20 - Token is still valid.
2025-01-26 09:41:20 - No more application data to fetch for memberId: cfc3199d-1cfa-4e19-b91e-c21709c7f975
2025-01-26 09:41:20 - Completed fetching application details for memberId: cfc3199d-1cfa-4e19-b91e-c21709c7f975. Total records: 0
2025-01-26 09:41:20 - Total successful application API calls: 68
2025-01-26 09:41:20 - Total failed application API calls: 0
2025-01-26 09:41:21 - Fetching application details for memberId: 408ef234-d86d-4f98-8ed2-d2c208f4ca83
2025-01-26 09:41:21 - Application API URL after replacement: https://api.mashery.com/v3/rest/members/408ef234-d86d-4f98-8ed2-d2c208f4ca83/applications
2025-01-26 09:41:21 - Checking if token is valid or needs regeneration.
2025-01-26 09:41:21 - Token is still valid.
2025-01-26 09:41:21 - Fetched 1 application records so far for memberId: 408ef234-d86d-4f98-8ed2-d2c208f4ca83
2025-01-26 09:41:21 - Completed fetching application details for memberId: 408ef234-d86d-4f98-8ed2-d2c208f4ca83. Total records: 1
2025-01-26 09:41:21 - Total successful application API calls: 69
2025-01-26 09:41:21 - Total failed application API calls: 0
2025-01-26 09:41:21 - Starting to fetch package keys for memberId: 408ef234-d86d-4f98-8ed2-d2c208f4ca83
2025-01-26 09:41:21 - Checking if token is valid or needs regeneration.
2025-01-26 09:41:21 - Token is still valid.
2025-01-26 09:41:21 - Constructed API URL: https://api.mashery.com/v3/rest/members/408ef234-d86d-4f98-8ed2-d2c208f4ca83/applications/53f50c40-8ea5-47d3-b944-f18971e982b3/packageKeys
2025-01-26 09:41:21 - Fetched 1 records so far for memberId: 408ef234-d86d-4f98-8ed2-d2c208f4ca83
2025-01-26 09:41:21 - Completed fetching package keys for memberId: 408ef234-d86d-4f98-8ed2-d2c208f4ca83. Total records: 1
2025-01-26 09:41:21 - Total successful API calls Package api: 45
2025-01-26 09:41:21 - Total failed API calls Package api: 0
2025-01-26 09:41:22 - Fetching application details for memberId: 76dde8fb-11ca-41f9-b136-91a11dfd9744
2025-01-26 09:41:22 - Application API URL after replacement: https://api.mashery.com/v3/rest/members/76dde8fb-11ca-41f9-b136-91a11dfd9744/applications
2025-01-26 09:41:22 - Checking if token is valid or needs regeneration.
2025-01-26 09:41:22 - Token is still valid.
2025-01-26 09:41:22 - Fetched 1 application records so far for memberId: 76dde8fb-11ca-41f9-b136-91a11dfd9744
2025-01-26 09:41:22 - Completed fetching application details for memberId: 76dde8fb-11ca-41f9-b136-91a11dfd9744. Total records: 1
2025-01-26 09:41:22 - Total successful application API calls: 70
2025-01-26 09:41:22 - Total failed application API calls: 0
2025-01-26 09:41:22 - Starting to fetch package keys for memberId: 76dde8fb-11ca-41f9-b136-91a11dfd9744
2025-01-26 09:41:22 - Checking if token is valid or needs regeneration.
2025-01-26 09:41:22 - Token is still valid.
2025-01-26 09:41:22 - Constructed API URL: https://api.mashery.com/v3/rest/members/76dde8fb-11ca-41f9-b136-91a11dfd9744/applications/bb929f4b-fa4b-4f1c-aa8f-f380f2d52aaf/packageKeys
2025-01-26 09:41:23 - Fetched 1 records so far for memberId: 76dde8fb-11ca-41f9-b136-91a11dfd9744
2025-01-26 09:41:23 - Completed fetching package keys for memberId: 76dde8fb-11ca-41f9-b136-91a11dfd9744. Total records: 1
2025-01-26 09:41:23 - Total successful API calls Package api: 46
2025-01-26 09:41:23 - Total failed API calls Package api: 0
2025-01-26 09:41:23 - Fetching application details for memberId: e5b218b5-0efe-4653-b2e1-c5a1b23740cf
2025-01-26 09:41:23 - Application API URL after replacement: https://api.mashery.com/v3/rest/members/e5b218b5-0efe-4653-b2e1-c5a1b23740cf/applications
2025-01-26 09:41:23 - Checking if token is valid or needs regeneration.
2025-01-26 09:41:23 - Token is still valid.
2025-01-26 09:41:23 - No more application data to fetch for memberId: e5b218b5-0efe-4653-b2e1-c5a1b23740cf
2025-01-26 09:41:23 - Completed fetching application details for memberId: e5b218b5-0efe-4653-b2e1-c5a1b23740cf. Total records: 0
2025-01-26 09:41:23 - Total successful application API calls: 71
2025-01-26 09:41:23 - Total failed application API calls: 0
2025-01-26 09:41:24 - Fetching application details for memberId: a421aa00-7098-480f-b165-40c1c3911825
2025-01-26 09:41:24 - Application API URL after replacement: https://api.mashery.com/v3/rest/members/a421aa00-7098-480f-b165-40c1c3911825/applications
2025-01-26 09:41:24 - Checking if token is valid or needs regeneration.
2025-01-26 09:41:24 - Token is still valid.
2025-01-26 09:41:24 - No more application data to fetch for memberId: a421aa00-7098-480f-b165-40c1c3911825
2025-01-26 09:41:24 - Completed fetching application details for memberId: a421aa00-7098-480f-b165-40c1c3911825. Total records: 0
2025-01-26 09:41:24 - Total successful application API calls: 72
2025-01-26 09:41:24 - Total failed application API calls: 0
2025-01-26 09:41:24 - Fetching application details for memberId: 804b1ea1-19de-49c2-b093-51e426b68332
2025-01-26 09:41:24 - Application API URL after replacement: https://api.mashery.com/v3/rest/members/804b1ea1-19de-49c2-b093-51e426b68332/applications
2025-01-26 09:41:24 - Checking if token is valid or needs regeneration.
2025-01-26 09:41:24 - Token is still valid.
2025-01-26 09:41:25 - No more application data to fetch for memberId: 804b1ea1-19de-49c2-b093-51e426b68332
2025-01-26 09:41:25 - Completed fetching application details for memberId: 804b1ea1-19de-49c2-b093-51e426b68332. Total records: 0
2025-01-26 09:41:25 - Total successful application API calls: 73
2025-01-26 09:41:25 - Total failed application API calls: 0
2025-01-26 09:41:25 - Fetching application details for memberId: 4b6316d5-ffe8-4d22-902c-776f92b7f2f3
2025-01-26 09:41:25 - Application API URL after replacement: https://api.mashery.com/v3/rest/members/4b6316d5-ffe8-4d22-902c-776f92b7f2f3/applications
2025-01-26 09:41:25 - Checking if token is valid or needs regeneration.
2025-01-26 09:41:25 - Token is still valid.
2025-01-26 09:41:25 - Fetched 1 application records so far for memberId: 4b6316d5-ffe8-4d22-902c-776f92b7f2f3
2025-01-26 09:41:25 - Completed fetching application details for memberId: 4b6316d5-ffe8-4d22-902c-776f92b7f2f3. Total records: 1
2025-01-26 09:41:25 - Total successful application API calls: 74
2025-01-26 09:41:25 - Total failed application API calls: 0
2025-01-26 09:41:25 - Starting to fetch package keys for memberId: 4b6316d5-ffe8-4d22-902c-776f92b7f2f3
2025-01-26 09:41:25 - Checking if token is valid or needs regeneration.
2025-01-26 09:41:25 - Token is still valid.
2025-01-26 09:41:25 - Constructed API URL: https://api.mashery.com/v3/rest/members/4b6316d5-ffe8-4d22-902c-776f92b7f2f3/applications/811eb375-5f87-4c58-9449-267787547b62/packageKeys
2025-01-26 09:41:26 - Fetched 1 records so far for memberId: 4b6316d5-ffe8-4d22-902c-776f92b7f2f3
2025-01-26 09:41:26 - Completed fetching package keys for memberId: 4b6316d5-ffe8-4d22-902c-776f92b7f2f3. Total records: 1
2025-01-26 09:41:26 - Total successful API calls Package api: 47
2025-01-26 09:41:26 - Total failed API calls Package api: 0
2025-01-26 09:41:26 - Fetching application details for memberId: e3dfb08e-f78d-46db-84be-7ef495a34e0d
2025-01-26 09:41:26 - Application API URL after replacement: https://api.mashery.com/v3/rest/members/e3dfb08e-f78d-46db-84be-7ef495a34e0d/applications
2025-01-26 09:41:26 - Checking if token is valid or needs regeneration.
2025-01-26 09:41:26 - Token is still valid.
2025-01-26 09:41:27 - Fetched 1 application records so far for memberId: e3dfb08e-f78d-46db-84be-7ef495a34e0d
2025-01-26 09:41:27 - Completed fetching application details for memberId: e3dfb08e-f78d-46db-84be-7ef495a34e0d. Total records: 1
2025-01-26 09:41:27 - Total successful application API calls: 75
2025-01-26 09:41:27 - Total failed application API calls: 0
2025-01-26 09:41:27 - Starting to fetch package keys for memberId: e3dfb08e-f78d-46db-84be-7ef495a34e0d
2025-01-26 09:41:27 - Checking if token is valid or needs regeneration.
2025-01-26 09:41:27 - Token is still valid.
2025-01-26 09:41:27 - Constructed API URL: https://api.mashery.com/v3/rest/members/e3dfb08e-f78d-46db-84be-7ef495a34e0d/applications/5d2647cd-62ff-4bbf-acd0-2423240bfe2f/packageKeys
2025-01-26 09:41:27 - Fetched 1 records so far for memberId: e3dfb08e-f78d-46db-84be-7ef495a34e0d
2025-01-26 09:41:27 - Completed fetching package keys for memberId: e3dfb08e-f78d-46db-84be-7ef495a34e0d. Total records: 1
2025-01-26 09:41:27 - Total successful API calls Package api: 48
2025-01-26 09:41:27 - Total failed API calls Package api: 0
2025-01-26 09:41:28 - Fetching application details for memberId: bfe3ec3b-ef1e-44b1-992b-9b711d068b23
2025-01-26 09:41:28 - Application API URL after replacement: https://api.mashery.com/v3/rest/members/bfe3ec3b-ef1e-44b1-992b-9b711d068b23/applications
2025-01-26 09:41:28 - Checking if token is valid or needs regeneration.
2025-01-26 09:41:28 - Token is still valid.
2025-01-26 09:41:28 - No more application data to fetch for memberId: bfe3ec3b-ef1e-44b1-992b-9b711d068b23
2025-01-26 09:41:28 - Completed fetching application details for memberId: bfe3ec3b-ef1e-44b1-992b-9b711d068b23. Total records: 0
2025-01-26 09:41:28 - Total successful application API calls: 76
2025-01-26 09:41:28 - Total failed application API calls: 0
2025-01-26 09:41:28 - Fetching application details for memberId: 283f7dda-e5aa-40ac-a24a-cb37c08fd6b9
2025-01-26 09:41:28 - Application API URL after replacement: https://api.mashery.com/v3/rest/members/283f7dda-e5aa-40ac-a24a-cb37c08fd6b9/applications
2025-01-26 09:41:28 - Checking if token is valid or needs regeneration.
2025-01-26 09:41:28 - Token is still valid.
2025-01-26 09:41:29 - No more application data to fetch for memberId: 283f7dda-e5aa-40ac-a24a-cb37c08fd6b9
2025-01-26 09:41:29 - Completed fetching application details for memberId: 283f7dda-e5aa-40ac-a24a-cb37c08fd6b9. Total records: 0
2025-01-26 09:41:29 - Total successful application API calls: 77
2025-01-26 09:41:29 - Total failed application API calls: 0
2025-01-26 09:41:29 - Fetching application details for memberId: 287cba48-b165-4310-95a7-03ca4f22e8a9
2025-01-26 09:41:29 - Application API URL after replacement: https://api.mashery.com/v3/rest/members/287cba48-b165-4310-95a7-03ca4f22e8a9/applications
2025-01-26 09:41:29 - Checking if token is valid or needs regeneration.
2025-01-26 09:41:29 - Token is still valid.
2025-01-26 09:41:29 - Fetched 1 application records so far for memberId: 287cba48-b165-4310-95a7-03ca4f22e8a9
2025-01-26 09:41:29 - Completed fetching application details for memberId: 287cba48-b165-4310-95a7-03ca4f22e8a9. Total records: 1
2025-01-26 09:41:29 - Total successful application API calls: 78
2025-01-26 09:41:29 - Total failed application API calls: 0
2025-01-26 09:41:29 - Starting to fetch package keys for memberId: 287cba48-b165-4310-95a7-03ca4f22e8a9
2025-01-26 09:41:29 - Checking if token is valid or needs regeneration.
2025-01-26 09:41:29 - Token is still valid.
2025-01-26 09:41:29 - Constructed API URL: https://api.mashery.com/v3/rest/members/287cba48-b165-4310-95a7-03ca4f22e8a9/applications/c3c48909-7012-4b68-af54-0250e226bcc3/packageKeys
2025-01-26 09:41:30 - Fetched 1 records so far for memberId: 287cba48-b165-4310-95a7-03ca4f22e8a9
2025-01-26 09:41:30 - Completed fetching package keys for memberId: 287cba48-b165-4310-95a7-03ca4f22e8a9. Total records: 1
2025-01-26 09:41:30 - Total successful API calls Package api: 49
2025-01-26 09:41:30 - Total failed API calls Package api: 0
2025-01-26 09:41:30 - Fetching application details for memberId: a332449b-2544-4dc9-8701-deffb6271535
2025-01-26 09:41:30 - Application API URL after replacement: https://api.mashery.com/v3/rest/members/a332449b-2544-4dc9-8701-deffb6271535/applications
2025-01-26 09:41:30 - Checking if token is valid or needs regeneration.
2025-01-26 09:41:30 - Token is still valid.
2025-01-26 09:41:30 - Fetched 1 application records so far for memberId: a332449b-2544-4dc9-8701-deffb6271535
2025-01-26 09:41:30 - Completed fetching application details for memberId: a332449b-2544-4dc9-8701-deffb6271535. Total records: 1
2025-01-26 09:41:30 - Total successful application API calls: 79
2025-01-26 09:41:30 - Total failed application API calls: 0
2025-01-26 09:41:30 - Starting to fetch package keys for memberId: a332449b-2544-4dc9-8701-deffb6271535
2025-01-26 09:41:30 - Checking if token is valid or needs regeneration.
2025-01-26 09:41:30 - Token is still valid.
2025-01-26 09:41:30 - Constructed API URL: https://api.mashery.com/v3/rest/members/a332449b-2544-4dc9-8701-deffb6271535/applications/6d3968a5-f7e4-4832-9c26-3fe1127762e9/packageKeys
2025-01-26 09:41:31 - Fetched 1 records so far for memberId: a332449b-2544-4dc9-8701-deffb6271535
2025-01-26 09:41:31 - Completed fetching package keys for memberId: a332449b-2544-4dc9-8701-deffb6271535. Total records: 1
2025-01-26 09:41:31 - Total successful API calls Package api: 50
2025-01-26 09:41:31 - Total failed API calls Package api: 0
2025-01-26 09:41:31 - Fetching application details for memberId: 8c14cc1f-f954-4d62-8a47-36fd8a2075de
2025-01-26 09:41:31 - Application API URL after replacement: https://api.mashery.com/v3/rest/members/8c14cc1f-f954-4d62-8a47-36fd8a2075de/applications
2025-01-26 09:41:31 - Checking if token is valid or needs regeneration.
2025-01-26 09:41:31 - Token is still valid.
2025-01-26 09:41:32 - Fetched 1 application records so far for memberId: 8c14cc1f-f954-4d62-8a47-36fd8a2075de
2025-01-26 09:41:32 - Completed fetching application details for memberId: 8c14cc1f-f954-4d62-8a47-36fd8a2075de. Total records: 1
2025-01-26 09:41:32 - Total successful application API calls: 80
2025-01-26 09:41:32 - Total failed application API calls: 0
2025-01-26 09:41:32 - Starting to fetch package keys for memberId: 8c14cc1f-f954-4d62-8a47-36fd8a2075de
2025-01-26 09:41:32 - Checking if token is valid or needs regeneration.
2025-01-26 09:41:32 - Token is still valid.
2025-01-26 09:41:32 - Constructed API URL: https://api.mashery.com/v3/rest/members/8c14cc1f-f954-4d62-8a47-36fd8a2075de/applications/5bf98cf0-c4ce-41ae-93f3-3e21d2b8aec2/packageKeys
2025-01-26 09:41:32 - Fetched 1 records so far for memberId: 8c14cc1f-f954-4d62-8a47-36fd8a2075de
2025-01-26 09:41:32 - Completed fetching package keys for memberId: 8c14cc1f-f954-4d62-8a47-36fd8a2075de. Total records: 1
2025-01-26 09:41:32 - Total successful API calls Package api: 51
2025-01-26 09:41:32 - Total failed API calls Package api: 0
2025-01-26 09:41:32 - Fetching application details for memberId: b51ef485-77c9-4bbc-9cc0-1f65b293b575
2025-01-26 09:41:32 - Application API URL after replacement: https://api.mashery.com/v3/rest/members/b51ef485-77c9-4bbc-9cc0-1f65b293b575/applications
2025-01-26 09:41:32 - Checking if token is valid or needs regeneration.
2025-01-26 09:41:32 - Token is still valid.
2025-01-26 09:41:33 - No more application data to fetch for memberId: b51ef485-77c9-4bbc-9cc0-1f65b293b575
2025-01-26 09:41:33 - Completed fetching application details for memberId: b51ef485-77c9-4bbc-9cc0-1f65b293b575. Total records: 0
2025-01-26 09:41:33 - Total successful application API calls: 81
2025-01-26 09:41:33 - Total failed application API calls: 0
2025-01-26 09:41:33 - Fetching application details for memberId: f6159e62-ef1c-463e-8fe1-7c74ba43fead
2025-01-26 09:41:33 - Application API URL after replacement: https://api.mashery.com/v3/rest/members/f6159e62-ef1c-463e-8fe1-7c74ba43fead/applications
2025-01-26 09:41:33 - Checking if token is valid or needs regeneration.
2025-01-26 09:41:33 - Token is still valid.
2025-01-26 09:41:34 - No more application data to fetch for memberId: f6159e62-ef1c-463e-8fe1-7c74ba43fead
2025-01-26 09:41:34 - Completed fetching application details for memberId: f6159e62-ef1c-463e-8fe1-7c74ba43fead. Total records: 0
2025-01-26 09:41:34 - Total successful application API calls: 82
2025-01-26 09:41:34 - Total failed application API calls: 0
2025-01-26 09:41:34 - Fetching application details for memberId: 1df2703f-5164-44ae-abcc-a6c037e802ef
2025-01-26 09:41:34 - Application API URL after replacement: https://api.mashery.com/v3/rest/members/1df2703f-5164-44ae-abcc-a6c037e802ef/applications
2025-01-26 09:41:34 - Checking if token is valid or needs regeneration.
2025-01-26 09:41:34 - Token is still valid.
2025-01-26 09:41:34 - Fetched 1 application records so far for memberId: 1df2703f-5164-44ae-abcc-a6c037e802ef
2025-01-26 09:41:34 - Completed fetching application details for memberId: 1df2703f-5164-44ae-abcc-a6c037e802ef. Total records: 1
2025-01-26 09:41:34 - Total successful application API calls: 83
2025-01-26 09:41:34 - Total failed application API calls: 0
2025-01-26 09:41:34 - Starting to fetch package keys for memberId: 1df2703f-5164-44ae-abcc-a6c037e802ef
2025-01-26 09:41:34 - Checking if token is valid or needs regeneration.
2025-01-26 09:41:34 - Token is still valid.
2025-01-26 09:41:34 - Constructed API URL: https://api.mashery.com/v3/rest/members/1df2703f-5164-44ae-abcc-a6c037e802ef/applications/80e8c714-8dd7-4782-adb7-909259c72995/packageKeys
2025-01-26 09:41:35 - Fetched 1 records so far for memberId: 1df2703f-5164-44ae-abcc-a6c037e802ef
2025-01-26 09:41:35 - Completed fetching package keys for memberId: 1df2703f-5164-44ae-abcc-a6c037e802ef. Total records: 1
2025-01-26 09:41:35 - Total successful API calls Package api: 52
2025-01-26 09:41:35 - Total failed API calls Package api: 0
2025-01-26 09:41:35 - Fetching application details for memberId: 6ccf7900-6e2b-412f-9611-e93898293050
2025-01-26 09:41:35 - Application API URL after replacement: https://api.mashery.com/v3/rest/members/6ccf7900-6e2b-412f-9611-e93898293050/applications
2025-01-26 09:41:35 - Checking if token is valid or needs regeneration.
2025-01-26 09:41:35 - Token is still valid.
2025-01-26 09:41:36 - Fetched 1 application records so far for memberId: 6ccf7900-6e2b-412f-9611-e93898293050
2025-01-26 09:41:36 - Completed fetching application details for memberId: 6ccf7900-6e2b-412f-9611-e93898293050. Total records: 1
2025-01-26 09:41:36 - Total successful application API calls: 84
2025-01-26 09:41:36 - Total failed application API calls: 0
2025-01-26 09:41:36 - Starting to fetch package keys for memberId: 6ccf7900-6e2b-412f-9611-e93898293050
2025-01-26 09:41:36 - Checking if token is valid or needs regeneration.
2025-01-26 09:41:36 - Token is still valid.
2025-01-26 09:41:36 - Constructed API URL: https://api.mashery.com/v3/rest/members/6ccf7900-6e2b-412f-9611-e93898293050/applications/dfb8e30f-ecb1-4c40-a2f9-eebd407326c3/packageKeys
2025-01-26 09:41:36 - Fetched 1 records so far for memberId: 6ccf7900-6e2b-412f-9611-e93898293050
2025-01-26 09:41:36 - Completed fetching package keys for memberId: 6ccf7900-6e2b-412f-9611-e93898293050. Total records: 1
2025-01-26 09:41:36 - Total successful API calls Package api: 53
2025-01-26 09:41:36 - Total failed API calls Package api: 0
2025-01-26 09:41:36 - Fetching application details for memberId: 9d2e1945-e927-4c54-bc6d-ea9486ec76f8
2025-01-26 09:41:36 - Application API URL after replacement: https://api.mashery.com/v3/rest/members/9d2e1945-e927-4c54-bc6d-ea9486ec76f8/applications
2025-01-26 09:41:36 - Checking if token is valid or needs regeneration.
2025-01-26 09:41:36 - Token is still valid.
2025-01-26 09:41:37 - No more application data to fetch for memberId: 9d2e1945-e927-4c54-bc6d-ea9486ec76f8
2025-01-26 09:41:37 - Completed fetching application details for memberId: 9d2e1945-e927-4c54-bc6d-ea9486ec76f8. Total records: 0
2025-01-26 09:41:37 - Total successful application API calls: 85
2025-01-26 09:41:37 - Total failed application API calls: 0
2025-01-26 09:41:37 - Fetching application details for memberId: 146670a7-4e3b-4d3d-b17d-12894802fab2
2025-01-26 09:41:37 - Application API URL after replacement: https://api.mashery.com/v3/rest/members/146670a7-4e3b-4d3d-b17d-12894802fab2/applications
2025-01-26 09:41:37 - Checking if token is valid or needs regeneration.
2025-01-26 09:41:37 - Token is still valid.
2025-01-26 09:41:37 - No more application data to fetch for memberId: 146670a7-4e3b-4d3d-b17d-12894802fab2
2025-01-26 09:41:37 - Completed fetching application details for memberId: 146670a7-4e3b-4d3d-b17d-12894802fab2. Total records: 0
2025-01-26 09:41:37 - Total successful application API calls: 86
2025-01-26 09:41:37 - Total failed application API calls: 0
2025-01-26 09:41:38 - Fetching application details for memberId: 71be7376-a3e2-4a18-9b3f-b1040c512be9
2025-01-26 09:41:38 - Application API URL after replacement: https://api.mashery.com/v3/rest/members/71be7376-a3e2-4a18-9b3f-b1040c512be9/applications
2025-01-26 09:41:38 - Checking if token is valid or needs regeneration.
2025-01-26 09:41:38 - Token is still valid.
2025-01-26 09:41:38 - Fetched 1 application records so far for memberId: 71be7376-a3e2-4a18-9b3f-b1040c512be9
2025-01-26 09:41:38 - Completed fetching application details for memberId: 71be7376-a3e2-4a18-9b3f-b1040c512be9. Total records: 1
2025-01-26 09:41:38 - Total successful application API calls: 87
2025-01-26 09:41:38 - Total failed application API calls: 0
2025-01-26 09:41:38 - Starting to fetch package keys for memberId: 71be7376-a3e2-4a18-9b3f-b1040c512be9
2025-01-26 09:41:38 - Checking if token is valid or needs regeneration.
2025-01-26 09:41:38 - Token is still valid.
2025-01-26 09:41:38 - Constructed API URL: https://api.mashery.com/v3/rest/members/71be7376-a3e2-4a18-9b3f-b1040c512be9/applications/b8542300-1e68-47bf-8fc2-6ea7bd704fb6/packageKeys
2025-01-26 09:41:39 - Fetched 1 records so far for memberId: 71be7376-a3e2-4a18-9b3f-b1040c512be9
2025-01-26 09:41:39 - Completed fetching package keys for memberId: 71be7376-a3e2-4a18-9b3f-b1040c512be9. Total records: 1
2025-01-26 09:41:39 - Total successful API calls Package api: 54
2025-01-26 09:41:39 - Total failed API calls Package api: 0
2025-01-26 09:41:39 - Fetching application details for memberId: 0d916cd7-c52c-451b-8ded-5e85b2720007
2025-01-26 09:41:39 - Application API URL after replacement: https://api.mashery.com/v3/rest/members/0d916cd7-c52c-451b-8ded-5e85b2720007/applications
2025-01-26 09:41:39 - Checking if token is valid or needs regeneration.
2025-01-26 09:41:39 - Token is still valid.
2025-01-26 09:41:39 - Fetched 1 application records so far for memberId: 0d916cd7-c52c-451b-8ded-5e85b2720007
2025-01-26 09:41:39 - Completed fetching application details for memberId: 0d916cd7-c52c-451b-8ded-5e85b2720007. Total records: 1
2025-01-26 09:41:39 - Total successful application API calls: 88
2025-01-26 09:41:39 - Total failed application API calls: 0
2025-01-26 09:41:39 - Starting to fetch package keys for memberId: 0d916cd7-c52c-451b-8ded-5e85b2720007
2025-01-26 09:41:39 - Checking if token is valid or needs regeneration.
2025-01-26 09:41:39 - Token is still valid.
2025-01-26 09:41:39 - Constructed API URL: https://api.mashery.com/v3/rest/members/0d916cd7-c52c-451b-8ded-5e85b2720007/applications/5e9430c7-b3f5-42b2-8215-69b38570e2d4/packageKeys
2025-01-26 09:41:40 - Fetched 1 records so far for memberId: 0d916cd7-c52c-451b-8ded-5e85b2720007
2025-01-26 09:41:40 - Completed fetching package keys for memberId: 0d916cd7-c52c-451b-8ded-5e85b2720007. Total records: 1
2025-01-26 09:41:40 - Total successful API calls Package api: 55
2025-01-26 09:41:40 - Total failed API calls Package api: 0
2025-01-26 09:41:40 - Fetching application details for memberId: 60aaaf85-e276-479b-bad7-66a3b70494f4
2025-01-26 09:41:40 - Application API URL after replacement: https://api.mashery.com/v3/rest/members/60aaaf85-e276-479b-bad7-66a3b70494f4/applications
2025-01-26 09:41:40 - Checking if token is valid or needs regeneration.
2025-01-26 09:41:40 - Token is still valid.
2025-01-26 09:41:41 - Fetched 1 application records so far for memberId: 60aaaf85-e276-479b-bad7-66a3b70494f4
2025-01-26 09:41:41 - Completed fetching application details for memberId: 60aaaf85-e276-479b-bad7-66a3b70494f4. Total records: 1
2025-01-26 09:41:41 - Total successful application API calls: 89
2025-01-26 09:41:41 - Total failed application API calls: 0
2025-01-26 09:41:41 - Starting to fetch package keys for memberId: 60aaaf85-e276-479b-bad7-66a3b70494f4
2025-01-26 09:41:41 - Checking if token is valid or needs regeneration.
2025-01-26 09:41:41 - Token is still valid.
2025-01-26 09:41:41 - Constructed API URL: https://api.mashery.com/v3/rest/members/60aaaf85-e276-479b-bad7-66a3b70494f4/applications/a4eb48a2-1e56-4088-930f-f2e989741da8/packageKeys
2025-01-26 09:41:41 - Fetched 1 records so far for memberId: 60aaaf85-e276-479b-bad7-66a3b70494f4
2025-01-26 09:41:41 - Completed fetching package keys for memberId: 60aaaf85-e276-479b-bad7-66a3b70494f4. Total records: 1
2025-01-26 09:41:41 - Total successful API calls Package api: 56
2025-01-26 09:41:41 - Total failed API calls Package api: 0
2025-01-26 09:41:41 - Fetching application details for memberId: c8c18b77-6fcd-4ce8-ab45-e7159e8ea1af
2025-01-26 09:41:41 - Application API URL after replacement: https://api.mashery.com/v3/rest/members/c8c18b77-6fcd-4ce8-ab45-e7159e8ea1af/applications
2025-01-26 09:41:41 - Checking if token is valid or needs regeneration.
2025-01-26 09:41:41 - Token is still valid.
2025-01-26 09:41:42 - No more application data to fetch for memberId: c8c18b77-6fcd-4ce8-ab45-e7159e8ea1af
2025-01-26 09:41:42 - Completed fetching application details for memberId: c8c18b77-6fcd-4ce8-ab45-e7159e8ea1af. Total records: 0
2025-01-26 09:41:42 - Total successful application API calls: 90
2025-01-26 09:41:42 - Total failed application API calls: 0
2025-01-26 09:41:42 - Fetching application details for memberId: 3700734d-818b-4c0c-94d8-dedec1669db5
2025-01-26 09:41:42 - Application API URL after replacement: https://api.mashery.com/v3/rest/members/3700734d-818b-4c0c-94d8-dedec1669db5/applications
2025-01-26 09:41:42 - Checking if token is valid or needs regeneration.
2025-01-26 09:41:42 - Token is still valid.
2025-01-26 09:41:42 - No more application data to fetch for memberId: 3700734d-818b-4c0c-94d8-dedec1669db5
2025-01-26 09:41:42 - Completed fetching application details for memberId: 3700734d-818b-4c0c-94d8-dedec1669db5. Total records: 0
2025-01-26 09:41:42 - Total successful application API calls: 91
2025-01-26 09:41:42 - Total failed application API calls: 0
2025-01-26 09:41:43 - Fetching application details for memberId: a7a186a8-0086-44e8-99e9-a6ba58b3f6ab
2025-01-26 09:41:43 - Application API URL after replacement: https://api.mashery.com/v3/rest/members/a7a186a8-0086-44e8-99e9-a6ba58b3f6ab/applications
2025-01-26 09:41:43 - Checking if token is valid or needs regeneration.
2025-01-26 09:41:43 - Token is still valid.
2025-01-26 09:41:43 - Fetched 1 application records so far for memberId: a7a186a8-0086-44e8-99e9-a6ba58b3f6ab
2025-01-26 09:41:43 - Completed fetching application details for memberId: a7a186a8-0086-44e8-99e9-a6ba58b3f6ab. Total records: 1
2025-01-26 09:41:43 - Total successful application API calls: 92
2025-01-26 09:41:43 - Total failed application API calls: 0
2025-01-26 09:41:43 - Starting to fetch package keys for memberId: a7a186a8-0086-44e8-99e9-a6ba58b3f6ab
2025-01-26 09:41:43 - Checking if token is valid or needs regeneration.
2025-01-26 09:41:43 - Token is still valid.
2025-01-26 09:41:43 - Constructed API URL: https://api.mashery.com/v3/rest/members/a7a186a8-0086-44e8-99e9-a6ba58b3f6ab/applications/959c0966-c9b7-4666-a0f0-f34d38c7ea5e/packageKeys
2025-01-26 09:41:44 - Fetched 1 records so far for memberId: a7a186a8-0086-44e8-99e9-a6ba58b3f6ab
2025-01-26 09:41:44 - Completed fetching package keys for memberId: a7a186a8-0086-44e8-99e9-a6ba58b3f6ab. Total records: 1
2025-01-26 09:41:44 - Total successful API calls Package api: 57
2025-01-26 09:41:44 - Total failed API calls Package api: 0
2025-01-26 09:41:44 - Fetching application details for memberId: 85939286-d8ea-4a9e-8776-b8632de0863e
2025-01-26 09:41:44 - Application API URL after replacement: https://api.mashery.com/v3/rest/members/85939286-d8ea-4a9e-8776-b8632de0863e/applications
2025-01-26 09:41:44 - Checking if token is valid or needs regeneration.
2025-01-26 09:41:44 - Token is still valid.
2025-01-26 09:41:44 - Fetched 1 application records so far for memberId: 85939286-d8ea-4a9e-8776-b8632de0863e
2025-01-26 09:41:44 - Completed fetching application details for memberId: 85939286-d8ea-4a9e-8776-b8632de0863e. Total records: 1
2025-01-26 09:41:44 - Total successful application API calls: 93
2025-01-26 09:41:44 - Total failed application API calls: 0
2025-01-26 09:41:44 - Starting to fetch package keys for memberId: 85939286-d8ea-4a9e-8776-b8632de0863e
2025-01-26 09:41:44 - Checking if token is valid or needs regeneration.
2025-01-26 09:41:44 - Token is still valid.
2025-01-26 09:41:44 - Constructed API URL: https://api.mashery.com/v3/rest/members/85939286-d8ea-4a9e-8776-b8632de0863e/applications/c5888d29-8de3-4b07-a142-02d365e5e3d7/packageKeys
2025-01-26 09:41:45 - Fetched 1 records so far for memberId: 85939286-d8ea-4a9e-8776-b8632de0863e
2025-01-26 09:41:45 - Completed fetching package keys for memberId: 85939286-d8ea-4a9e-8776-b8632de0863e. Total records: 1
2025-01-26 09:41:45 - Total successful API calls Package api: 58
2025-01-26 09:41:45 - Total failed API calls Package api: 0
2025-01-26 09:41:45 - Fetching application details for memberId: b92fa48e-3a57-43f0-a061-97c42be5858b
2025-01-26 09:41:45 - Application API URL after replacement: https://api.mashery.com/v3/rest/members/b92fa48e-3a57-43f0-a061-97c42be5858b/applications
2025-01-26 09:41:45 - Checking if token is valid or needs regeneration.
2025-01-26 09:41:45 - Token is still valid.
2025-01-26 09:41:46 - No more application data to fetch for memberId: b92fa48e-3a57-43f0-a061-97c42be5858b
2025-01-26 09:41:46 - Completed fetching application details for memberId: b92fa48e-3a57-43f0-a061-97c42be5858b. Total records: 0
2025-01-26 09:41:46 - Total successful application API calls: 94
2025-01-26 09:41:46 - Total failed application API calls: 0
2025-01-26 09:41:46 - Fetching application details for memberId: b00384b2-c939-4877-bb0b-d96e8e6d66b5
2025-01-26 09:41:46 - Application API URL after replacement: https://api.mashery.com/v3/rest/members/b00384b2-c939-4877-bb0b-d96e8e6d66b5/applications
2025-01-26 09:41:46 - Checking if token is valid or needs regeneration.
2025-01-26 09:41:46 - Token is still valid.
2025-01-26 09:41:46 - No more application data to fetch for memberId: b00384b2-c939-4877-bb0b-d96e8e6d66b5
2025-01-26 09:41:46 - Completed fetching application details for memberId: b00384b2-c939-4877-bb0b-d96e8e6d66b5. Total records: 0
2025-01-26 09:41:46 - Total successful application API calls: 95
2025-01-26 09:41:46 - Total failed application API calls: 0
2025-01-26 09:41:47 - Fetching application details for memberId: d58f06b5-c374-46e7-ac62-629d0d08a575
2025-01-26 09:41:47 - Application API URL after replacement: https://api.mashery.com/v3/rest/members/d58f06b5-c374-46e7-ac62-629d0d08a575/applications
2025-01-26 09:41:47 - Checking if token is valid or needs regeneration.
2025-01-26 09:41:47 - Token is still valid.
2025-01-26 09:41:47 - No more application data to fetch for memberId: d58f06b5-c374-46e7-ac62-629d0d08a575
2025-01-26 09:41:47 - Completed fetching application details for memberId: d58f06b5-c374-46e7-ac62-629d0d08a575. Total records: 0
2025-01-26 09:41:47 - Total successful application API calls: 96
2025-01-26 09:41:47 - Total failed application API calls: 0
2025-01-26 09:41:47 - Fetching application details for memberId: 19adf5d9-c2fc-423f-bbf1-b4256a788a55
2025-01-26 09:41:47 - Application API URL after replacement: https://api.mashery.com/v3/rest/members/19adf5d9-c2fc-423f-bbf1-b4256a788a55/applications
2025-01-26 09:41:47 - Checking if token is valid or needs regeneration.
2025-01-26 09:41:47 - Token is still valid.
2025-01-26 09:41:48 - No more application data to fetch for memberId: 19adf5d9-c2fc-423f-bbf1-b4256a788a55
2025-01-26 09:41:48 - Completed fetching application details for memberId: 19adf5d9-c2fc-423f-bbf1-b4256a788a55. Total records: 0
2025-01-26 09:41:48 - Total successful application API calls: 97
2025-01-26 09:41:48 - Total failed application API calls: 0
2025-01-26 09:41:48 - Fetching application details for memberId: 8d4a58f6-1814-48cf-9d8f-01e14616713d
2025-01-26 09:41:48 - Application API URL after replacement: https://api.mashery.com/v3/rest/members/8d4a58f6-1814-48cf-9d8f-01e14616713d/applications
2025-01-26 09:41:48 - Checking if token is valid or needs regeneration.
2025-01-26 09:41:48 - Token is still valid.
2025-01-26 09:41:49 - Fetched 1 application records so far for memberId: 8d4a58f6-1814-48cf-9d8f-01e14616713d
2025-01-26 09:41:49 - Completed fetching application details for memberId: 8d4a58f6-1814-48cf-9d8f-01e14616713d. Total records: 1
2025-01-26 09:41:49 - Total successful application API calls: 98
2025-01-26 09:41:49 - Total failed application API calls: 0
2025-01-26 09:41:49 - Starting to fetch package keys for memberId: 8d4a58f6-1814-48cf-9d8f-01e14616713d
2025-01-26 09:41:49 - Checking if token is valid or needs regeneration.
2025-01-26 09:41:49 - Token is still valid.
2025-01-26 09:41:49 - Constructed API URL: https://api.mashery.com/v3/rest/members/8d4a58f6-1814-48cf-9d8f-01e14616713d/applications/90c4b0a3-4e73-4b19-b4f5-4ced834fbac5/packageKeys
2025-01-26 09:41:49 - Fetched 1 records so far for memberId: 8d4a58f6-1814-48cf-9d8f-01e14616713d
2025-01-26 09:41:49 - Completed fetching package keys for memberId: 8d4a58f6-1814-48cf-9d8f-01e14616713d. Total records: 1
2025-01-26 09:41:49 - Total successful API calls Package api: 59
2025-01-26 09:41:49 - Total failed API calls Package api: 0
2025-01-26 09:41:49 - Fetching application details for memberId: 8355a84f-1c02-41af-a132-9418c388d427
2025-01-26 09:41:49 - Application API URL after replacement: https://api.mashery.com/v3/rest/members/8355a84f-1c02-41af-a132-9418c388d427/applications
2025-01-26 09:41:49 - Checking if token is valid or needs regeneration.
2025-01-26 09:41:49 - Token is still valid.
2025-01-26 09:41:50 - Fetched 1 application records so far for memberId: 8355a84f-1c02-41af-a132-9418c388d427
2025-01-26 09:41:50 - Completed fetching application details for memberId: 8355a84f-1c02-41af-a132-9418c388d427. Total records: 1
2025-01-26 09:41:50 - Total successful application API calls: 99
2025-01-26 09:41:50 - Total failed application API calls: 0
2025-01-26 09:41:50 - Starting to fetch package keys for memberId: 8355a84f-1c02-41af-a132-9418c388d427
2025-01-26 09:41:50 - Checking if token is valid or needs regeneration.
2025-01-26 09:41:50 - Token is still valid.
2025-01-26 09:41:50 - Constructed API URL: https://api.mashery.com/v3/rest/members/8355a84f-1c02-41af-a132-9418c388d427/applications/6b06dff7-0fe2-478d-bb03-56e34460e563/packageKeys
2025-01-26 09:41:50 - Fetched 1 records so far for memberId: 8355a84f-1c02-41af-a132-9418c388d427
2025-01-26 09:41:50 - Completed fetching package keys for memberId: 8355a84f-1c02-41af-a132-9418c388d427. Total records: 1
2025-01-26 09:41:50 - Total successful API calls Package api: 60
2025-01-26 09:41:50 - Total failed API calls Package api: 0
2025-01-26 09:41:50 - Fetching application details for memberId: 201774ca-4b3a-48cd-b1c8-6d914fbc8a78
2025-01-26 09:41:50 - Application API URL after replacement: https://api.mashery.com/v3/rest/members/201774ca-4b3a-48cd-b1c8-6d914fbc8a78/applications
2025-01-26 09:41:50 - Checking if token is valid or needs regeneration.
2025-01-26 09:41:50 - Token is still valid.
2025-01-26 09:41:51 - No more application data to fetch for memberId: 201774ca-4b3a-48cd-b1c8-6d914fbc8a78
2025-01-26 09:41:51 - Completed fetching application details for memberId: 201774ca-4b3a-48cd-b1c8-6d914fbc8a78. Total records: 0
2025-01-26 09:41:51 - Total successful application API calls: 100
2025-01-26 09:41:51 - Total failed application API calls: 0
2025-01-26 09:41:51 - Fetching application details for memberId: ee3587d9-0937-446c-8d8f-e5f7b4b88ef6
2025-01-26 09:41:51 - Application API URL after replacement: https://api.mashery.com/v3/rest/members/ee3587d9-0937-446c-8d8f-e5f7b4b88ef6/applications
2025-01-26 09:41:51 - Checking if token is valid or needs regeneration.
2025-01-26 09:41:51 - Token is still valid.
2025-01-26 09:41:51 - No more application data to fetch for memberId: ee3587d9-0937-446c-8d8f-e5f7b4b88ef6
2025-01-26 09:41:51 - Completed fetching application details for memberId: ee3587d9-0937-446c-8d8f-e5f7b4b88ef6. Total records: 0
2025-01-26 09:41:51 - Total successful application API calls: 101
2025-01-26 09:41:51 - Total failed application API calls: 0
2025-01-26 09:41:52 - Fetching application details for memberId: 101f97d1-e040-4420-b2e4-16f244beb180
2025-01-26 09:41:52 - Application API URL after replacement: https://api.mashery.com/v3/rest/members/101f97d1-e040-4420-b2e4-16f244beb180/applications
2025-01-26 09:41:52 - Checking if token is valid or needs regeneration.
2025-01-26 09:41:52 - Token is still valid.
2025-01-26 09:41:52 - No more application data to fetch for memberId: 101f97d1-e040-4420-b2e4-16f244beb180
2025-01-26 09:41:52 - Completed fetching application details for memberId: 101f97d1-e040-4420-b2e4-16f244beb180. Total records: 0
2025-01-26 09:41:52 - Total successful application API calls: 102
2025-01-26 09:41:52 - Total failed application API calls: 0
2025-01-26 09:41:52 - Fetching application details for memberId: f757cdb0-055f-4610-9070-51ef8ac74ea4
2025-01-26 09:41:52 - Application API URL after replacement: https://api.mashery.com/v3/rest/members/f757cdb0-055f-4610-9070-51ef8ac74ea4/applications
2025-01-26 09:41:52 - Checking if token is valid or needs regeneration.
2025-01-26 09:41:52 - Token is still valid.
2025-01-26 09:41:53 - No more application data to fetch for memberId: f757cdb0-055f-4610-9070-51ef8ac74ea4
2025-01-26 09:41:53 - Completed fetching application details for memberId: f757cdb0-055f-4610-9070-51ef8ac74ea4. Total records: 0
2025-01-26 09:41:53 - Total successful application API calls: 103
2025-01-26 09:41:53 - Total failed application API calls: 0
2025-01-26 09:41:53 - Fetching application details for memberId: 9f834e0f-b174-4887-9aeb-a1e466054e4f
2025-01-26 09:41:53 - Application API URL after replacement: https://api.mashery.com/v3/rest/members/9f834e0f-b174-4887-9aeb-a1e466054e4f/applications
2025-01-26 09:41:53 - Checking if token is valid or needs regeneration.
2025-01-26 09:41:53 - Token is still valid.
2025-01-26 09:41:54 - No more application data to fetch for memberId: 9f834e0f-b174-4887-9aeb-a1e466054e4f
2025-01-26 09:41:54 - Completed fetching application details for memberId: 9f834e0f-b174-4887-9aeb-a1e466054e4f. Total records: 0
2025-01-26 09:41:54 - Total successful application API calls: 104
2025-01-26 09:41:54 - Total failed application API calls: 0
2025-01-26 09:41:54 - Fetching application details for memberId: e49bd556-cc19-47e2-881e-79fee87357b9
2025-01-26 09:41:54 - Application API URL after replacement: https://api.mashery.com/v3/rest/members/e49bd556-cc19-47e2-881e-79fee87357b9/applications
2025-01-26 09:41:54 - Checking if token is valid or needs regeneration.
2025-01-26 09:41:54 - Token is still valid.
2025-01-26 09:41:54 - No more application data to fetch for memberId: e49bd556-cc19-47e2-881e-79fee87357b9
2025-01-26 09:41:54 - Completed fetching application details for memberId: e49bd556-cc19-47e2-881e-79fee87357b9. Total records: 0
2025-01-26 09:41:54 - Total successful application API calls: 105
2025-01-26 09:41:54 - Total failed application API calls: 0
2025-01-26 09:41:55 - Fetching application details for memberId: 9e3d3cda-3fa3-4b07-a660-cb17fcbe8524
2025-01-26 09:41:55 - Application API URL after replacement: https://api.mashery.com/v3/rest/members/9e3d3cda-3fa3-4b07-a660-cb17fcbe8524/applications
2025-01-26 09:41:55 - Checking if token is valid or needs regeneration.
2025-01-26 09:41:55 - Token is still valid.
2025-01-26 09:41:55 - Fetched 1 application records so far for memberId: 9e3d3cda-3fa3-4b07-a660-cb17fcbe8524
2025-01-26 09:41:55 - Completed fetching application details for memberId: 9e3d3cda-3fa3-4b07-a660-cb17fcbe8524. Total records: 1
2025-01-26 09:41:55 - Total successful application API calls: 106
2025-01-26 09:41:55 - Total failed application API calls: 0
2025-01-26 09:41:55 - Starting to fetch package keys for memberId: 9e3d3cda-3fa3-4b07-a660-cb17fcbe8524
2025-01-26 09:41:55 - Checking if token is valid or needs regeneration.
2025-01-26 09:41:55 - Token is still valid.
2025-01-26 09:41:55 - Constructed API URL: https://api.mashery.com/v3/rest/members/9e3d3cda-3fa3-4b07-a660-cb17fcbe8524/applications/a0462426-de36-4257-a59f-45fa1357ab63/packageKeys
2025-01-26 09:41:55 - Fetched 1 records so far for memberId: 9e3d3cda-3fa3-4b07-a660-cb17fcbe8524
2025-01-26 09:41:55 - Completed fetching package keys for memberId: 9e3d3cda-3fa3-4b07-a660-cb17fcbe8524. Total records: 1
2025-01-26 09:41:55 - Total successful API calls Package api: 61
2025-01-26 09:41:55 - Total failed API calls Package api: 0
2025-01-26 09:41:56 - Fetching application details for memberId: 162b72d5-8453-4a6d-b93c-5eff20f86f1c
2025-01-26 09:41:56 - Application API URL after replacement: https://api.mashery.com/v3/rest/members/162b72d5-8453-4a6d-b93c-5eff20f86f1c/applications
2025-01-26 09:41:56 - Checking if token is valid or needs regeneration.
2025-01-26 09:41:56 - Token is still valid.
2025-01-26 09:41:56 - Fetched 1 application records so far for memberId: 162b72d5-8453-4a6d-b93c-5eff20f86f1c
2025-01-26 09:41:56 - Completed fetching application details for memberId: 162b72d5-8453-4a6d-b93c-5eff20f86f1c. Total records: 1
2025-01-26 09:41:56 - Total successful application API calls: 107
2025-01-26 09:41:56 - Total failed application API calls: 0
2025-01-26 09:41:56 - Starting to fetch package keys for memberId: 162b72d5-8453-4a6d-b93c-5eff20f86f1c
2025-01-26 09:41:56 - Checking if token is valid or needs regeneration.
2025-01-26 09:41:56 - Token is still valid.
2025-01-26 09:41:56 - Constructed API URL: https://api.mashery.com/v3/rest/members/162b72d5-8453-4a6d-b93c-5eff20f86f1c/applications/30407cb7-d7e6-4c59-aea7-2cbe412d1e9c/packageKeys
2025-01-26 09:41:57 - Fetched 1 records so far for memberId: 162b72d5-8453-4a6d-b93c-5eff20f86f1c
2025-01-26 09:41:57 - Completed fetching package keys for memberId: 162b72d5-8453-4a6d-b93c-5eff20f86f1c. Total records: 1
2025-01-26 09:41:57 - Total successful API calls Package api: 62
2025-01-26 09:41:57 - Total failed API calls Package api: 0
2025-01-26 09:41:57 - Fetching application details for memberId: 468dd75d-9305-4038-b627-987a2265d27d
2025-01-26 09:41:57 - Application API URL after replacement: https://api.mashery.com/v3/rest/members/468dd75d-9305-4038-b627-987a2265d27d/applications
2025-01-26 09:41:57 - Checking if token is valid or needs regeneration.
2025-01-26 09:41:57 - Token is still valid.
2025-01-26 09:41:57 - Fetched 2 application records so far for memberId: 468dd75d-9305-4038-b627-987a2265d27d
2025-01-26 09:41:57 - Completed fetching application details for memberId: 468dd75d-9305-4038-b627-987a2265d27d. Total records: 2
2025-01-26 09:41:57 - Total successful application API calls: 108
2025-01-26 09:41:57 - Total failed application API calls: 0
2025-01-26 09:41:57 - Starting to fetch package keys for memberId: 468dd75d-9305-4038-b627-987a2265d27d
2025-01-26 09:41:57 - Checking if token is valid or needs regeneration.
2025-01-26 09:41:57 - Token is still valid.
2025-01-26 09:41:57 - Constructed API URL: https://api.mashery.com/v3/rest/members/468dd75d-9305-4038-b627-987a2265d27d/applications/7f35ac42-78f2-49de-a0da-8011fa93f5f0/packageKeys
2025-01-26 09:41:58 - No more data to fetch for memberId: 468dd75d-9305-4038-b627-987a2265d27d
2025-01-26 09:41:58 - Completed fetching package keys for memberId: 468dd75d-9305-4038-b627-987a2265d27d. Total records: 0
2025-01-26 09:41:58 - Total successful API calls Package api: 63
2025-01-26 09:41:58 - Total failed API calls Package api: 0
2025-01-26 09:41:58 - Starting to fetch package keys for memberId: 468dd75d-9305-4038-b627-987a2265d27d
2025-01-26 09:41:58 - Checking if token is valid or needs regeneration.
2025-01-26 09:41:58 - Token is still valid.
2025-01-26 09:41:58 - Constructed API URL: https://api.mashery.com/v3/rest/members/468dd75d-9305-4038-b627-987a2265d27d/applications/8e1030d9-a649-4042-a107-f5f0ecad5f25/packageKeys
2025-01-26 09:41:58 - No more data to fetch for memberId: 468dd75d-9305-4038-b627-987a2265d27d
2025-01-26 09:41:58 - Completed fetching package keys for memberId: 468dd75d-9305-4038-b627-987a2265d27d. Total records: 0
2025-01-26 09:41:58 - Total successful API calls Package api: 64
2025-01-26 09:41:58 - Total failed API calls Package api: 0
2025-01-26 09:41:59 - Fetching application details for memberId: 8ca791ee-fb7e-4fc3-acea-a37391ac78f7
2025-01-26 09:41:59 - Application API URL after replacement: https://api.mashery.com/v3/rest/members/8ca791ee-fb7e-4fc3-acea-a37391ac78f7/applications
2025-01-26 09:41:59 - Checking if token is valid or needs regeneration.
2025-01-26 09:41:59 - Token is still valid.
2025-01-26 09:41:59 - Fetched 1 application records so far for memberId: 8ca791ee-fb7e-4fc3-acea-a37391ac78f7
2025-01-26 09:41:59 - Completed fetching application details for memberId: 8ca791ee-fb7e-4fc3-acea-a37391ac78f7. Total records: 1
2025-01-26 09:41:59 - Total successful application API calls: 109
2025-01-26 09:41:59 - Total failed application API calls: 0
2025-01-26 09:41:59 - Starting to fetch package keys for memberId: 8ca791ee-fb7e-4fc3-acea-a37391ac78f7
2025-01-26 09:41:59 - Checking if token is valid or needs regeneration.
2025-01-26 09:41:59 - Token is still valid.
2025-01-26 09:41:59 - Constructed API URL: https://api.mashery.com/v3/rest/members/8ca791ee-fb7e-4fc3-acea-a37391ac78f7/applications/b63a30f9-6835-4cd2-ab1a-67cb5d505c27/packageKeys
2025-01-26 09:42:00 - No more data to fetch for memberId: 8ca791ee-fb7e-4fc3-acea-a37391ac78f7
2025-01-26 09:42:00 - Completed fetching package keys for memberId: 8ca791ee-fb7e-4fc3-acea-a37391ac78f7. Total records: 0
2025-01-26 09:42:00 - Total successful API calls Package api: 65
2025-01-26 09:42:00 - Total failed API calls Package api: 0
2025-01-26 09:42:00 - Fetching application details for memberId: f5b793fb-1154-4dab-81b1-bdaa6e7527f3
2025-01-26 09:42:00 - Application API URL after replacement: https://api.mashery.com/v3/rest/members/f5b793fb-1154-4dab-81b1-bdaa6e7527f3/applications
2025-01-26 09:42:00 - Checking if token is valid or needs regeneration.
2025-01-26 09:42:00 - Token is still valid.
2025-01-26 09:42:00 - No more application data to fetch for memberId: f5b793fb-1154-4dab-81b1-bdaa6e7527f3
2025-01-26 09:42:00 - Completed fetching application details for memberId: f5b793fb-1154-4dab-81b1-bdaa6e7527f3. Total records: 0
2025-01-26 09:42:00 - Total successful application API calls: 110
2025-01-26 09:42:00 - Total failed application API calls: 0
2025-01-26 09:42:01 - Fetching application details for memberId: c243a461-03ea-4477-88f3-c36648a373e6
2025-01-26 09:42:01 - Application API URL after replacement: https://api.mashery.com/v3/rest/members/c243a461-03ea-4477-88f3-c36648a373e6/applications
2025-01-26 09:42:01 - Checking if token is valid or needs regeneration.
2025-01-26 09:42:01 - Token is still valid.
2025-01-26 09:42:01 - Fetched 1 application records so far for memberId: c243a461-03ea-4477-88f3-c36648a373e6
2025-01-26 09:42:01 - Completed fetching application details for memberId: c243a461-03ea-4477-88f3-c36648a373e6. Total records: 1
2025-01-26 09:42:01 - Total successful application API calls: 111
2025-01-26 09:42:01 - Total failed application API calls: 0
2025-01-26 09:42:01 - Starting to fetch package keys for memberId: c243a461-03ea-4477-88f3-c36648a373e6
2025-01-26 09:42:01 - Checking if token is valid or needs regeneration.
2025-01-26 09:42:01 - Token is still valid.
2025-01-26 09:42:01 - Constructed API URL: https://api.mashery.com/v3/rest/members/c243a461-03ea-4477-88f3-c36648a373e6/applications/9866a8a5-5079-4817-a818-76a75da77f36/packageKeys
2025-01-26 09:42:01 - Fetched 1 records so far for memberId: c243a461-03ea-4477-88f3-c36648a373e6
2025-01-26 09:42:01 - Completed fetching package keys for memberId: c243a461-03ea-4477-88f3-c36648a373e6. Total records: 1
2025-01-26 09:42:01 - Total successful API calls Package api: 66
2025-01-26 09:42:01 - Total failed API calls Package api: 0
2025-01-26 09:42:02 - Fetching application details for memberId: 4f0663ff-0c9e-4510-84c1-2a4ce26e9e4b
2025-01-26 09:42:02 - Application API URL after replacement: https://api.mashery.com/v3/rest/members/4f0663ff-0c9e-4510-84c1-2a4ce26e9e4b/applications
2025-01-26 09:42:02 - Checking if token is valid or needs regeneration.
2025-01-26 09:42:02 - Token is still valid.
2025-01-26 09:42:02 - Fetched 1 application records so far for memberId: 4f0663ff-0c9e-4510-84c1-2a4ce26e9e4b
2025-01-26 09:42:02 - Completed fetching application details for memberId: 4f0663ff-0c9e-4510-84c1-2a4ce26e9e4b. Total records: 1
2025-01-26 09:42:02 - Total successful application API calls: 112
2025-01-26 09:42:02 - Total failed application API calls: 0
2025-01-26 09:42:02 - Starting to fetch package keys for memberId: 4f0663ff-0c9e-4510-84c1-2a4ce26e9e4b
2025-01-26 09:42:02 - Checking if token is valid or needs regeneration.
2025-01-26 09:42:02 - Token is still valid.
2025-01-26 09:42:02 - Constructed API URL: https://api.mashery.com/v3/rest/members/4f0663ff-0c9e-4510-84c1-2a4ce26e9e4b/applications/5021dfe7-ada4-4f00-99c4-f487f4a45fc4/packageKeys
2025-01-26 09:42:03 - Fetched 1 records so far for memberId: 4f0663ff-0c9e-4510-84c1-2a4ce26e9e4b
2025-01-26 09:42:03 - Completed fetching package keys for memberId: 4f0663ff-0c9e-4510-84c1-2a4ce26e9e4b. Total records: 1
2025-01-26 09:42:03 - Total successful API calls Package api: 67
2025-01-26 09:42:03 - Total failed API calls Package api: 0
2025-01-26 09:42:03 - Fetching application details for memberId: 86524f81-b3c1-4476-9640-2cac25826de4
2025-01-26 09:42:03 - Application API URL after replacement: https://api.mashery.com/v3/rest/members/86524f81-b3c1-4476-9640-2cac25826de4/applications
2025-01-26 09:42:03 - Checking if token is valid or needs regeneration.
2025-01-26 09:42:03 - Token is still valid.
2025-01-26 09:42:03 - Fetched 1 application records so far for memberId: 86524f81-b3c1-4476-9640-2cac25826de4
2025-01-26 09:42:03 - Completed fetching application details for memberId: 86524f81-b3c1-4476-9640-2cac25826de4. Total records: 1
2025-01-26 09:42:03 - Total successful application API calls: 113
2025-01-26 09:42:03 - Total failed application API calls: 0
2025-01-26 09:42:03 - Starting to fetch package keys for memberId: 86524f81-b3c1-4476-9640-2cac25826de4
2025-01-26 09:42:03 - Checking if token is valid or needs regeneration.
2025-01-26 09:42:03 - Token is still valid.
2025-01-26 09:42:03 - Constructed API URL: https://api.mashery.com/v3/rest/members/86524f81-b3c1-4476-9640-2cac25826de4/applications/f7f05ca2-0771-4a0c-a37e-e058f33bf66f/packageKeys
2025-01-26 09:42:04 - Fetched 1 records so far for memberId: 86524f81-b3c1-4476-9640-2cac25826de4
2025-01-26 09:42:04 - Completed fetching package keys for memberId: 86524f81-b3c1-4476-9640-2cac25826de4. Total records: 1
2025-01-26 09:42:04 - Total successful API calls Package api: 68
2025-01-26 09:42:04 - Total failed API calls Package api: 0
2025-01-26 09:42:04 - Fetching application details for memberId: 0ee6e08d-023f-4794-98c5-19ea6c27edf0
2025-01-26 09:42:04 - Application API URL after replacement: https://api.mashery.com/v3/rest/members/0ee6e08d-023f-4794-98c5-19ea6c27edf0/applications
2025-01-26 09:42:04 - Checking if token is valid or needs regeneration.
2025-01-26 09:42:04 - Token is still valid.
2025-01-26 09:42:05 - Fetched 1 application records so far for memberId: 0ee6e08d-023f-4794-98c5-19ea6c27edf0
2025-01-26 09:42:05 - Completed fetching application details for memberId: 0ee6e08d-023f-4794-98c5-19ea6c27edf0. Total records: 1
2025-01-26 09:42:05 - Total successful application API calls: 114
2025-01-26 09:42:05 - Total failed application API calls: 0
2025-01-26 09:42:05 - Starting to fetch package keys for memberId: 0ee6e08d-023f-4794-98c5-19ea6c27edf0
2025-01-26 09:42:05 - Checking if token is valid or needs regeneration.
2025-01-26 09:42:05 - Token is still valid.
2025-01-26 09:42:05 - Constructed API URL: https://api.mashery.com/v3/rest/members/0ee6e08d-023f-4794-98c5-19ea6c27edf0/applications/5bf08ce3-9deb-438a-ab0c-b9c2ae31e223/packageKeys
2025-01-26 09:42:05 - Fetched 1 records so far for memberId: 0ee6e08d-023f-4794-98c5-19ea6c27edf0
2025-01-26 09:42:05 - Completed fetching package keys for memberId: 0ee6e08d-023f-4794-98c5-19ea6c27edf0. Total records: 1
2025-01-26 09:42:05 - Total successful API calls Package api: 69
2025-01-26 09:42:05 - Total failed API calls Package api: 0
2025-01-26 09:42:05 - Fetching application details for memberId: 9fc19c6f-30a9-435f-92c7-06745f05253d
2025-01-26 09:42:05 - Application API URL after replacement: https://api.mashery.com/v3/rest/members/9fc19c6f-30a9-435f-92c7-06745f05253d/applications
2025-01-26 09:42:05 - Checking if token is valid or needs regeneration.
2025-01-26 09:42:05 - Token is still valid.
2025-01-26 09:42:06 - Fetched 1 application records so far for memberId: 9fc19c6f-30a9-435f-92c7-06745f05253d
2025-01-26 09:42:06 - Completed fetching application details for memberId: 9fc19c6f-30a9-435f-92c7-06745f05253d. Total records: 1
2025-01-26 09:42:06 - Total successful application API calls: 115
2025-01-26 09:42:06 - Total failed application API calls: 0
2025-01-26 09:42:06 - Starting to fetch package keys for memberId: 9fc19c6f-30a9-435f-92c7-06745f05253d
2025-01-26 09:42:06 - Checking if token is valid or needs regeneration.
2025-01-26 09:42:06 - Token is still valid.
2025-01-26 09:42:06 - Constructed API URL: https://api.mashery.com/v3/rest/members/9fc19c6f-30a9-435f-92c7-06745f05253d/applications/05713c2c-5e5e-4102-ad7b-8a8d69f42ad7/packageKeys
2025-01-26 09:42:06 - Fetched 1 records so far for memberId: 9fc19c6f-30a9-435f-92c7-06745f05253d
2025-01-26 09:42:06 - Completed fetching package keys for memberId: 9fc19c6f-30a9-435f-92c7-06745f05253d. Total records: 1
2025-01-26 09:42:06 - Total successful API calls Package api: 70
2025-01-26 09:42:06 - Total failed API calls Package api: 0
2025-01-26 09:42:06 - Fetching application details for memberId: 9aaf74d6-d42e-432e-863f-70f36cc066d4
2025-01-26 09:42:06 - Application API URL after replacement: https://api.mashery.com/v3/rest/members/9aaf74d6-d42e-432e-863f-70f36cc066d4/applications
2025-01-26 09:42:06 - Checking if token is valid or needs regeneration.
2025-01-26 09:42:06 - Token is still valid.
2025-01-26 09:42:07 - Fetched 1 application records so far for memberId: 9aaf74d6-d42e-432e-863f-70f36cc066d4
2025-01-26 09:42:07 - Completed fetching application details for memberId: 9aaf74d6-d42e-432e-863f-70f36cc066d4. Total records: 1
2025-01-26 09:42:07 - Total successful application API calls: 116
2025-01-26 09:42:07 - Total failed application API calls: 0
2025-01-26 09:42:07 - Starting to fetch package keys for memberId: 9aaf74d6-d42e-432e-863f-70f36cc066d4
2025-01-26 09:42:07 - Checking if token is valid or needs regeneration.
2025-01-26 09:42:07 - Token is still valid.
2025-01-26 09:42:07 - Constructed API URL: https://api.mashery.com/v3/rest/members/9aaf74d6-d42e-432e-863f-70f36cc066d4/applications/4278479c-7ced-4183-8b47-250db773e1ea/packageKeys
2025-01-26 09:42:07 - Fetched 1 records so far for memberId: 9aaf74d6-d42e-432e-863f-70f36cc066d4
2025-01-26 09:42:07 - Completed fetching package keys for memberId: 9aaf74d6-d42e-432e-863f-70f36cc066d4. Total records: 1
2025-01-26 09:42:07 - Total successful API calls Package api: 71
2025-01-26 09:42:07 - Total failed API calls Package api: 0
2025-01-26 09:42:08 - Fetching application details for memberId: 58a2e5bf-159a-4ee7-8c20-efa5a7c90210
2025-01-26 09:42:08 - Application API URL after replacement: https://api.mashery.com/v3/rest/members/58a2e5bf-159a-4ee7-8c20-efa5a7c90210/applications
2025-01-26 09:42:08 - Checking if token is valid or needs regeneration.
2025-01-26 09:42:08 - Token is still valid.
2025-01-26 09:42:08 - No more application data to fetch for memberId: 58a2e5bf-159a-4ee7-8c20-efa5a7c90210
2025-01-26 09:42:08 - Completed fetching application details for memberId: 58a2e5bf-159a-4ee7-8c20-efa5a7c90210. Total records: 0
2025-01-26 09:42:08 - Total successful application API calls: 117
2025-01-26 09:42:08 - Total failed application API calls: 0
2025-01-26 09:42:08 - Fetching application details for memberId: ae306d8a-669f-4efd-a6bc-e9c89cc9785e
2025-01-26 09:42:08 - Application API URL after replacement: https://api.mashery.com/v3/rest/members/ae306d8a-669f-4efd-a6bc-e9c89cc9785e/applications
2025-01-26 09:42:08 - Checking if token is valid or needs regeneration.
2025-01-26 09:42:08 - Token is still valid.
2025-01-26 09:42:09 - Fetched 1 application records so far for memberId: ae306d8a-669f-4efd-a6bc-e9c89cc9785e
2025-01-26 09:42:09 - Completed fetching application details for memberId: ae306d8a-669f-4efd-a6bc-e9c89cc9785e. Total records: 1
2025-01-26 09:42:09 - Total successful application API calls: 118
2025-01-26 09:42:09 - Total failed application API calls: 0
2025-01-26 09:42:09 - Starting to fetch package keys for memberId: ae306d8a-669f-4efd-a6bc-e9c89cc9785e
2025-01-26 09:42:09 - Checking if token is valid or needs regeneration.
2025-01-26 09:42:09 - Token is still valid.
2025-01-26 09:42:09 - Constructed API URL: https://api.mashery.com/v3/rest/members/ae306d8a-669f-4efd-a6bc-e9c89cc9785e/applications/b27796c9-ed57-4252-ac7d-346941ad8226/packageKeys
2025-01-26 09:42:09 - Fetched 1 records so far for memberId: ae306d8a-669f-4efd-a6bc-e9c89cc9785e
2025-01-26 09:42:09 - Completed fetching package keys for memberId: ae306d8a-669f-4efd-a6bc-e9c89cc9785e. Total records: 1
2025-01-26 09:42:09 - Total successful API calls Package api: 72
2025-01-26 09:42:09 - Total failed API calls Package api: 0
2025-01-26 09:42:10 - Fetching application details for memberId: f7bb7085-1355-465e-ba34-16aeb0e56105
2025-01-26 09:42:10 - Application API URL after replacement: https://api.mashery.com/v3/rest/members/f7bb7085-1355-465e-ba34-16aeb0e56105/applications
2025-01-26 09:42:10 - Checking if token is valid or needs regeneration.
2025-01-26 09:42:10 - Token is still valid.
2025-01-26 09:42:10 - No more application data to fetch for memberId: f7bb7085-1355-465e-ba34-16aeb0e56105
2025-01-26 09:42:10 - Completed fetching application details for memberId: f7bb7085-1355-465e-ba34-16aeb0e56105. Total records: 0
2025-01-26 09:42:10 - Total successful application API calls: 119
2025-01-26 09:42:10 - Total failed application API calls: 0
2025-01-26 09:42:10 - Fetching application details for memberId: e4f55e2c-4849-46aa-aff9-75d41988ce4a
2025-01-26 09:42:10 - Application API URL after replacement: https://api.mashery.com/v3/rest/members/e4f55e2c-4849-46aa-aff9-75d41988ce4a/applications
2025-01-26 09:42:10 - Checking if token is valid or needs regeneration.
2025-01-26 09:42:10 - Token is still valid.
2025-01-26 09:42:11 - No more application data to fetch for memberId: e4f55e2c-4849-46aa-aff9-75d41988ce4a
2025-01-26 09:42:11 - Completed fetching application details for memberId: e4f55e2c-4849-46aa-aff9-75d41988ce4a. Total records: 0
2025-01-26 09:42:11 - Total successful application API calls: 120
2025-01-26 09:42:11 - Total failed application API calls: 0
2025-01-26 09:42:11 - Fetching application details for memberId: cbf40447-0626-4f8f-ac0a-2ca8661b47d9
2025-01-26 09:42:11 - Application API URL after replacement: https://api.mashery.com/v3/rest/members/cbf40447-0626-4f8f-ac0a-2ca8661b47d9/applications
2025-01-26 09:42:11 - Checking if token is valid or needs regeneration.
2025-01-26 09:42:11 - Token is still valid.
2025-01-26 09:42:11 - No more application data to fetch for memberId: cbf40447-0626-4f8f-ac0a-2ca8661b47d9
2025-01-26 09:42:11 - Completed fetching application details for memberId: cbf40447-0626-4f8f-ac0a-2ca8661b47d9. Total records: 0
2025-01-26 09:42:11 - Total successful application API calls: 121
2025-01-26 09:42:11 - Total failed application API calls: 0
2025-01-26 09:42:12 - Fetching application details for memberId: ffd9c4c9-ff68-40ae-8ada-0e33036843c0
2025-01-26 09:42:12 - Application API URL after replacement: https://api.mashery.com/v3/rest/members/ffd9c4c9-ff68-40ae-8ada-0e33036843c0/applications
2025-01-26 09:42:12 - Checking if token is valid or needs regeneration.
2025-01-26 09:42:12 - Token is still valid.
2025-01-26 09:42:12 - No more application data to fetch for memberId: ffd9c4c9-ff68-40ae-8ada-0e33036843c0
2025-01-26 09:42:12 - Completed fetching application details for memberId: ffd9c4c9-ff68-40ae-8ada-0e33036843c0. Total records: 0
2025-01-26 09:42:12 - Total successful application API calls: 122
2025-01-26 09:42:12 - Total failed application API calls: 0
2025-01-26 09:42:12 - Fetching application details for memberId: 2ca5dc37-5933-4a75-b836-3f4841a7d2bd
2025-01-26 09:42:12 - Application API URL after replacement: https://api.mashery.com/v3/rest/members/2ca5dc37-5933-4a75-b836-3f4841a7d2bd/applications
2025-01-26 09:42:12 - Checking if token is valid or needs regeneration.
2025-01-26 09:42:12 - Token is still valid.
2025-01-26 09:42:13 - Fetched 2 application records so far for memberId: 2ca5dc37-5933-4a75-b836-3f4841a7d2bd
2025-01-26 09:42:13 - Completed fetching application details for memberId: 2ca5dc37-5933-4a75-b836-3f4841a7d2bd. Total records: 2
2025-01-26 09:42:13 - Total successful application API calls: 123
2025-01-26 09:42:13 - Total failed application API calls: 0
2025-01-26 09:42:13 - Starting to fetch package keys for memberId: 2ca5dc37-5933-4a75-b836-3f4841a7d2bd
2025-01-26 09:42:13 - Checking if token is valid or needs regeneration.
2025-01-26 09:42:13 - Token is still valid.
2025-01-26 09:42:13 - Constructed API URL: https://api.mashery.com/v3/rest/members/2ca5dc37-5933-4a75-b836-3f4841a7d2bd/applications/9f5b9748-7a36-4bf7-b90d-d1c957428ea4/packageKeys
2025-01-26 09:42:13 - Fetched 1 records so far for memberId: 2ca5dc37-5933-4a75-b836-3f4841a7d2bd
2025-01-26 09:42:13 - Completed fetching package keys for memberId: 2ca5dc37-5933-4a75-b836-3f4841a7d2bd. Total records: 1
2025-01-26 09:42:13 - Total successful API calls Package api: 73
2025-01-26 09:42:13 - Total failed API calls Package api: 0
2025-01-26 09:42:14 - Starting to fetch package keys for memberId: 2ca5dc37-5933-4a75-b836-3f4841a7d2bd
2025-01-26 09:42:14 - Checking if token is valid or needs regeneration.
2025-01-26 09:42:14 - Token is still valid.
2025-01-26 09:42:14 - Constructed API URL: https://api.mashery.com/v3/rest/members/2ca5dc37-5933-4a75-b836-3f4841a7d2bd/applications/5431e4d3-782c-4ed4-be8b-2fb60b122827/packageKeys
2025-01-26 09:42:14 - Fetched 1 records so far for memberId: 2ca5dc37-5933-4a75-b836-3f4841a7d2bd
2025-01-26 09:42:14 - Completed fetching package keys for memberId: 2ca5dc37-5933-4a75-b836-3f4841a7d2bd. Total records: 1
2025-01-26 09:42:14 - Total successful API calls Package api: 74
2025-01-26 09:42:14 - Total failed API calls Package api: 0
2025-01-26 09:42:14 - Fetching application details for memberId: 149d013d-c585-47a0-943d-7812dc6b7b79
2025-01-26 09:42:14 - Application API URL after replacement: https://api.mashery.com/v3/rest/members/149d013d-c585-47a0-943d-7812dc6b7b79/applications
2025-01-26 09:42:14 - Checking if token is valid or needs regeneration.
2025-01-26 09:42:14 - Token is still valid.
2025-01-26 09:42:15 - Fetched 1 application records so far for memberId: 149d013d-c585-47a0-943d-7812dc6b7b79
2025-01-26 09:42:15 - Completed fetching application details for memberId: 149d013d-c585-47a0-943d-7812dc6b7b79. Total records: 1
2025-01-26 09:42:15 - Total successful application API calls: 124
2025-01-26 09:42:15 - Total failed application API calls: 0
2025-01-26 09:42:15 - Starting to fetch package keys for memberId: 149d013d-c585-47a0-943d-7812dc6b7b79
2025-01-26 09:42:15 - Checking if token is valid or needs regeneration.
2025-01-26 09:42:15 - Token is still valid.
2025-01-26 09:42:15 - Constructed API URL: https://api.mashery.com/v3/rest/members/149d013d-c585-47a0-943d-7812dc6b7b79/applications/76ebc483-413d-4d56-ac4f-4b58fb93b971/packageKeys
2025-01-26 09:42:15 - Fetched 1 records so far for memberId: 149d013d-c585-47a0-943d-7812dc6b7b79
2025-01-26 09:42:15 - Completed fetching package keys for memberId: 149d013d-c585-47a0-943d-7812dc6b7b79. Total records: 1
2025-01-26 09:42:15 - Total successful API calls Package api: 75
2025-01-26 09:42:15 - Total failed API calls Package api: 0
2025-01-26 09:42:15 - Fetching application details for memberId: 60b07da3-ad1a-4942-b90c-6dab2a0d6c7c
2025-01-26 09:42:15 - Application API URL after replacement: https://api.mashery.com/v3/rest/members/60b07da3-ad1a-4942-b90c-6dab2a0d6c7c/applications
2025-01-26 09:42:15 - Checking if token is valid or needs regeneration.
2025-01-26 09:42:15 - Token is still valid.
2025-01-26 09:42:16 - No more application data to fetch for memberId: 60b07da3-ad1a-4942-b90c-6dab2a0d6c7c
2025-01-26 09:42:16 - Completed fetching application details for memberId: 60b07da3-ad1a-4942-b90c-6dab2a0d6c7c. Total records: 0
2025-01-26 09:42:16 - Total successful application API calls: 125
2025-01-26 09:42:16 - Total failed application API calls: 0
2025-01-26 09:42:16 - Fetching application details for memberId: 3d27f107-4e97-4837-a91b-3b14fd361985
2025-01-26 09:42:16 - Application API URL after replacement: https://api.mashery.com/v3/rest/members/3d27f107-4e97-4837-a91b-3b14fd361985/applications
2025-01-26 09:42:16 - Checking if token is valid or needs regeneration.
2025-01-26 09:42:16 - Token is still valid.
2025-01-26 09:42:17 - No more application data to fetch for memberId: 3d27f107-4e97-4837-a91b-3b14fd361985
2025-01-26 09:42:17 - Completed fetching application details for memberId: 3d27f107-4e97-4837-a91b-3b14fd361985. Total records: 0
2025-01-26 09:42:17 - Total successful application API calls: 126
2025-01-26 09:42:17 - Total failed application API calls: 0
2025-01-26 09:42:17 - Fetching application details for memberId: 5cc4c15c-4674-4356-bc77-8fabb386028e
2025-01-26 09:42:17 - Application API URL after replacement: https://api.mashery.com/v3/rest/members/5cc4c15c-4674-4356-bc77-8fabb386028e/applications
2025-01-26 09:42:17 - Checking if token is valid or needs regeneration.
2025-01-26 09:42:17 - Token is still valid.
2025-01-26 09:42:17 - No more application data to fetch for memberId: 5cc4c15c-4674-4356-bc77-8fabb386028e
2025-01-26 09:42:17 - Completed fetching application details for memberId: 5cc4c15c-4674-4356-bc77-8fabb386028e. Total records: 0
2025-01-26 09:42:17 - Total successful application API calls: 127
2025-01-26 09:42:17 - Total failed application API calls: 0
2025-01-26 09:42:18 - Fetching application details for memberId: fa723c50-d134-4fee-9c71-c5c52dee87d8
2025-01-26 09:42:18 - Application API URL after replacement: https://api.mashery.com/v3/rest/members/fa723c50-d134-4fee-9c71-c5c52dee87d8/applications
2025-01-26 09:42:18 - Checking if token is valid or needs regeneration.
2025-01-26 09:42:18 - Token is still valid.
2025-01-26 09:42:18 - Fetched 1 application records so far for memberId: fa723c50-d134-4fee-9c71-c5c52dee87d8
2025-01-26 09:42:18 - Completed fetching application details for memberId: fa723c50-d134-4fee-9c71-c5c52dee87d8. Total records: 1
2025-01-26 09:42:18 - Total successful application API calls: 128
2025-01-26 09:42:18 - Total failed application API calls: 0
2025-01-26 09:42:18 - Starting to fetch package keys for memberId: fa723c50-d134-4fee-9c71-c5c52dee87d8
2025-01-26 09:42:18 - Checking if token is valid or needs regeneration.
2025-01-26 09:42:18 - Token is still valid.
2025-01-26 09:42:18 - Constructed API URL: https://api.mashery.com/v3/rest/members/fa723c50-d134-4fee-9c71-c5c52dee87d8/applications/576c8119-5059-4302-b7e1-4821548bdfbe/packageKeys
2025-01-26 09:42:18 - Fetched 1 records so far for memberId: fa723c50-d134-4fee-9c71-c5c52dee87d8
2025-01-26 09:42:18 - Completed fetching package keys for memberId: fa723c50-d134-4fee-9c71-c5c52dee87d8. Total records: 1
2025-01-26 09:42:18 - Total successful API calls Package api: 76
2025-01-26 09:42:18 - Total failed API calls Package api: 0
2025-01-26 09:42:19 - Fetching application details for memberId: de373d71-2a84-4a39-9527-2def09471ebd
2025-01-26 09:42:19 - Application API URL after replacement: https://api.mashery.com/v3/rest/members/de373d71-2a84-4a39-9527-2def09471ebd/applications
2025-01-26 09:42:19 - Checking if token is valid or needs regeneration.
2025-01-26 09:42:19 - Token is still valid.
2025-01-26 09:42:19 - No more application data to fetch for memberId: de373d71-2a84-4a39-9527-2def09471ebd
2025-01-26 09:42:19 - Completed fetching application details for memberId: de373d71-2a84-4a39-9527-2def09471ebd. Total records: 0
2025-01-26 09:42:19 - Total successful application API calls: 129
2025-01-26 09:42:19 - Total failed application API calls: 0
2025-01-26 09:42:19 - Fetching application details for memberId: 9b352c7b-9465-4c22-99aa-38943d891616
2025-01-26 09:42:19 - Application API URL after replacement: https://api.mashery.com/v3/rest/members/9b352c7b-9465-4c22-99aa-38943d891616/applications
2025-01-26 09:42:19 - Checking if token is valid or needs regeneration.
2025-01-26 09:42:19 - Token is still valid.
2025-01-26 09:42:20 - No more application data to fetch for memberId: 9b352c7b-9465-4c22-99aa-38943d891616
2025-01-26 09:42:20 - Completed fetching application details for memberId: 9b352c7b-9465-4c22-99aa-38943d891616. Total records: 0
2025-01-26 09:42:20 - Total successful application API calls: 130
2025-01-26 09:42:20 - Total failed application API calls: 0
2025-01-26 09:42:20 - Fetching application details for memberId: 6c8092de-0e17-449a-ad66-dd6ca60f8433
2025-01-26 09:42:20 - Application API URL after replacement: https://api.mashery.com/v3/rest/members/6c8092de-0e17-449a-ad66-dd6ca60f8433/applications
2025-01-26 09:42:20 - Checking if token is valid or needs regeneration.
2025-01-26 09:42:20 - Token is still valid.
2025-01-26 09:42:21 - No more application data to fetch for memberId: 6c8092de-0e17-449a-ad66-dd6ca60f8433
2025-01-26 09:42:21 - Completed fetching application details for memberId: 6c8092de-0e17-449a-ad66-dd6ca60f8433. Total records: 0
2025-01-26 09:42:21 - Total successful application API calls: 131
2025-01-26 09:42:21 - Total failed application API calls: 0
2025-01-26 09:42:21 - Fetching application details for memberId: ad06efdd-67b1-45ce-bfcd-dd5111b4a3c0
2025-01-26 09:42:21 - Application API URL after replacement: https://api.mashery.com/v3/rest/members/ad06efdd-67b1-45ce-bfcd-dd5111b4a3c0/applications
2025-01-26 09:42:21 - Checking if token is valid or needs regeneration.
2025-01-26 09:42:21 - Token is still valid.
2025-01-26 09:42:21 - No more application data to fetch for memberId: ad06efdd-67b1-45ce-bfcd-dd5111b4a3c0
2025-01-26 09:42:21 - Completed fetching application details for memberId: ad06efdd-67b1-45ce-bfcd-dd5111b4a3c0. Total records: 0
2025-01-26 09:42:21 - Total successful application API calls: 132
2025-01-26 09:42:21 - Total failed application API calls: 0
2025-01-26 09:42:22 - Fetching application details for memberId: a6cf0698-a18c-453f-9260-d861fa9b81c3
2025-01-26 09:42:22 - Application API URL after replacement: https://api.mashery.com/v3/rest/members/a6cf0698-a18c-453f-9260-d861fa9b81c3/applications
2025-01-26 09:42:22 - Checking if token is valid or needs regeneration.
2025-01-26 09:42:22 - Token is still valid.
2025-01-26 09:42:22 - Fetched 1 application records so far for memberId: a6cf0698-a18c-453f-9260-d861fa9b81c3
2025-01-26 09:42:22 - Completed fetching application details for memberId: a6cf0698-a18c-453f-9260-d861fa9b81c3. Total records: 1
2025-01-26 09:42:22 - Total successful application API calls: 133
2025-01-26 09:42:22 - Total failed application API calls: 0
2025-01-26 09:42:22 - Starting to fetch package keys for memberId: a6cf0698-a18c-453f-9260-d861fa9b81c3
2025-01-26 09:42:22 - Checking if token is valid or needs regeneration.
2025-01-26 09:42:22 - Token is still valid.
2025-01-26 09:42:22 - Constructed API URL: https://api.mashery.com/v3/rest/members/a6cf0698-a18c-453f-9260-d861fa9b81c3/applications/81d17ea0-7858-4b11-8417-4c755a50fe60/packageKeys
2025-01-26 09:42:23 - Fetched 1 records so far for memberId: a6cf0698-a18c-453f-9260-d861fa9b81c3
2025-01-26 09:42:23 - Completed fetching package keys for memberId: a6cf0698-a18c-453f-9260-d861fa9b81c3. Total records: 1
2025-01-26 09:42:23 - Total successful API calls Package api: 77
2025-01-26 09:42:23 - Total failed API calls Package api: 0
2025-01-26 09:42:23 - Fetching application details for memberId: 5e53505d-d406-48ae-9ff1-4d9ee88d0949
2025-01-26 09:42:23 - Application API URL after replacement: https://api.mashery.com/v3/rest/members/5e53505d-d406-48ae-9ff1-4d9ee88d0949/applications
2025-01-26 09:42:23 - Checking if token is valid or needs regeneration.
2025-01-26 09:42:23 - Token is still valid.
2025-01-26 09:42:23 - Fetched 1 application records so far for memberId: 5e53505d-d406-48ae-9ff1-4d9ee88d0949
2025-01-26 09:42:23 - Completed fetching application details for memberId: 5e53505d-d406-48ae-9ff1-4d9ee88d0949. Total records: 1
2025-01-26 09:42:23 - Total successful application API calls: 134
2025-01-26 09:42:23 - Total failed application API calls: 0
2025-01-26 09:42:23 - Starting to fetch package keys for memberId: 5e53505d-d406-48ae-9ff1-4d9ee88d0949
2025-01-26 09:42:23 - Checking if token is valid or needs regeneration.
2025-01-26 09:42:23 - Token is still valid.
2025-01-26 09:42:23 - Constructed API URL: https://api.mashery.com/v3/rest/members/5e53505d-d406-48ae-9ff1-4d9ee88d0949/applications/0dcaad8d-2888-44c3-ad08-832fbb8fe7b9/packageKeys
2025-01-26 09:42:24 - Fetched 1 records so far for memberId: 5e53505d-d406-48ae-9ff1-4d9ee88d0949
2025-01-26 09:42:24 - Completed fetching package keys for memberId: 5e53505d-d406-48ae-9ff1-4d9ee88d0949. Total records: 1
2025-01-26 09:42:24 - Total successful API calls Package api: 78
2025-01-26 09:42:24 - Total failed API calls Package api: 0
2025-01-26 09:42:24 - Fetching application details for memberId: cb4da680-e820-4a88-879a-7fa52ddbcc57
2025-01-26 09:42:24 - Application API URL after replacement: https://api.mashery.com/v3/rest/members/cb4da680-e820-4a88-879a-7fa52ddbcc57/applications
2025-01-26 09:42:24 - Checking if token is valid or needs regeneration.
2025-01-26 09:42:24 - Token is still valid.
2025-01-26 09:42:24 - Fetched 1 application records so far for memberId: cb4da680-e820-4a88-879a-7fa52ddbcc57
2025-01-26 09:42:24 - Completed fetching application details for memberId: cb4da680-e820-4a88-879a-7fa52ddbcc57. Total records: 1
2025-01-26 09:42:24 - Total successful application API calls: 135
2025-01-26 09:42:24 - Total failed application API calls: 0
2025-01-26 09:42:24 - Starting to fetch package keys for memberId: cb4da680-e820-4a88-879a-7fa52ddbcc57
2025-01-26 09:42:24 - Checking if token is valid or needs regeneration.
2025-01-26 09:42:24 - Token is still valid.
2025-01-26 09:42:24 - Constructed API URL: https://api.mashery.com/v3/rest/members/cb4da680-e820-4a88-879a-7fa52ddbcc57/applications/f0e5e866-4101-45ee-b4dd-08d3be27116f/packageKeys
2025-01-26 09:42:25 - Fetched 1 records so far for memberId: cb4da680-e820-4a88-879a-7fa52ddbcc57
2025-01-26 09:42:25 - Completed fetching package keys for memberId: cb4da680-e820-4a88-879a-7fa52ddbcc57. Total records: 1
2025-01-26 09:42:25 - Total successful API calls Package api: 79
2025-01-26 09:42:25 - Total failed API calls Package api: 0
2025-01-26 09:42:25 - Fetching application details for memberId: 75ba0e9f-3072-4527-8999-1326df268a80
2025-01-26 09:42:25 - Application API URL after replacement: https://api.mashery.com/v3/rest/members/75ba0e9f-3072-4527-8999-1326df268a80/applications
2025-01-26 09:42:25 - Checking if token is valid or needs regeneration.
2025-01-26 09:42:25 - Token is still valid.
2025-01-26 09:42:26 - Fetched 1 application records so far for memberId: 75ba0e9f-3072-4527-8999-1326df268a80
2025-01-26 09:42:26 - Completed fetching application details for memberId: 75ba0e9f-3072-4527-8999-1326df268a80. Total records: 1
2025-01-26 09:42:26 - Total successful application API calls: 136
2025-01-26 09:42:26 - Total failed application API calls: 0
2025-01-26 09:42:26 - Starting to fetch package keys for memberId: 75ba0e9f-3072-4527-8999-1326df268a80
2025-01-26 09:42:26 - Checking if token is valid or needs regeneration.
2025-01-26 09:42:26 - Token is still valid.
2025-01-26 09:42:26 - Constructed API URL: https://api.mashery.com/v3/rest/members/75ba0e9f-3072-4527-8999-1326df268a80/applications/541b0e04-0f9b-4839-9578-f818b0dd4741/packageKeys
2025-01-26 09:42:26 - Fetched 1 records so far for memberId: 75ba0e9f-3072-4527-8999-1326df268a80
2025-01-26 09:42:26 - Completed fetching package keys for memberId: 75ba0e9f-3072-4527-8999-1326df268a80. Total records: 1
2025-01-26 09:42:26 - Total successful API calls Package api: 80
2025-01-26 09:42:26 - Total failed API calls Package api: 0
2025-01-26 09:42:26 - Fetching application details for memberId: 29881788-8769-4c80-85ae-b65725a1e3ce
2025-01-26 09:42:26 - Application API URL after replacement: https://api.mashery.com/v3/rest/members/29881788-8769-4c80-85ae-b65725a1e3ce/applications
2025-01-26 09:42:26 - Checking if token is valid or needs regeneration.
2025-01-26 09:42:26 - Token is still valid.
2025-01-26 09:42:27 - No more application data to fetch for memberId: 29881788-8769-4c80-85ae-b65725a1e3ce
2025-01-26 09:42:27 - Completed fetching application details for memberId: 29881788-8769-4c80-85ae-b65725a1e3ce. Total records: 0
2025-01-26 09:42:27 - Total successful application API calls: 137
2025-01-26 09:42:27 - Total failed application API calls: 0
2025-01-26 09:42:27 - Fetching application details for memberId: 68d60d09-4d79-46ce-82b1-5417ffb3e49f
2025-01-26 09:42:27 - Application API URL after replacement: https://api.mashery.com/v3/rest/members/68d60d09-4d79-46ce-82b1-5417ffb3e49f/applications
2025-01-26 09:42:27 - Checking if token is valid or needs regeneration.
2025-01-26 09:42:27 - Token is still valid.
2025-01-26 09:42:27 - Fetched 1 application records so far for memberId: 68d60d09-4d79-46ce-82b1-5417ffb3e49f
2025-01-26 09:42:27 - Completed fetching application details for memberId: 68d60d09-4d79-46ce-82b1-5417ffb3e49f. Total records: 1
2025-01-26 09:42:27 - Total successful application API calls: 138
2025-01-26 09:42:27 - Total failed application API calls: 0
2025-01-26 09:42:27 - Starting to fetch package keys for memberId: 68d60d09-4d79-46ce-82b1-5417ffb3e49f
2025-01-26 09:42:27 - Checking if token is valid or needs regeneration.
2025-01-26 09:42:27 - Token is still valid.
2025-01-26 09:42:27 - Constructed API URL: https://api.mashery.com/v3/rest/members/68d60d09-4d79-46ce-82b1-5417ffb3e49f/applications/e53e1a5d-3ca5-4768-a0a0-c5bcb08b5217/packageKeys
2025-01-26 09:42:28 - Fetched 1 records so far for memberId: 68d60d09-4d79-46ce-82b1-5417ffb3e49f
2025-01-26 09:42:28 - Completed fetching package keys for memberId: 68d60d09-4d79-46ce-82b1-5417ffb3e49f. Total records: 1
2025-01-26 09:42:28 - Total successful API calls Package api: 81
2025-01-26 09:42:28 - Total failed API calls Package api: 0
2025-01-26 09:42:28 - Fetching application details for memberId: c4594eba-139c-4a6d-a6a6-6dca9a7611ba
2025-01-26 09:42:28 - Application API URL after replacement: https://api.mashery.com/v3/rest/members/c4594eba-139c-4a6d-a6a6-6dca9a7611ba/applications
2025-01-26 09:42:28 - Checking if token is valid or needs regeneration.
2025-01-26 09:42:28 - Token is still valid.
2025-01-26 09:42:29 - No more application data to fetch for memberId: c4594eba-139c-4a6d-a6a6-6dca9a7611ba
2025-01-26 09:42:29 - Completed fetching application details for memberId: c4594eba-139c-4a6d-a6a6-6dca9a7611ba. Total records: 0
2025-01-26 09:42:29 - Total successful application API calls: 139
2025-01-26 09:42:29 - Total failed application API calls: 0
2025-01-26 09:42:29 - Fetching application details for memberId: ed110b5c-ac26-42f1-b696-4c2f695f784a
2025-01-26 09:42:29 - Application API URL after replacement: https://api.mashery.com/v3/rest/members/ed110b5c-ac26-42f1-b696-4c2f695f784a/applications
2025-01-26 09:42:29 - Checking if token is valid or needs regeneration.
2025-01-26 09:42:29 - Token is still valid.
2025-01-26 09:42:29 - Fetched 1 application records so far for memberId: ed110b5c-ac26-42f1-b696-4c2f695f784a
2025-01-26 09:42:29 - Completed fetching application details for memberId: ed110b5c-ac26-42f1-b696-4c2f695f784a. Total records: 1
2025-01-26 09:42:29 - Total successful application API calls: 140
2025-01-26 09:42:29 - Total failed application API calls: 0
2025-01-26 09:42:29 - Starting to fetch package keys for memberId: ed110b5c-ac26-42f1-b696-4c2f695f784a
2025-01-26 09:42:29 - Checking if token is valid or needs regeneration.
2025-01-26 09:42:29 - Token is still valid.
2025-01-26 09:42:29 - Constructed API URL: https://api.mashery.com/v3/rest/members/ed110b5c-ac26-42f1-b696-4c2f695f784a/applications/5e9e484d-f3f2-4ec6-9ad0-018d2765ef26/packageKeys
2025-01-26 09:42:30 - Fetched 1 records so far for memberId: ed110b5c-ac26-42f1-b696-4c2f695f784a
2025-01-26 09:42:30 - Completed fetching package keys for memberId: ed110b5c-ac26-42f1-b696-4c2f695f784a. Total records: 1
2025-01-26 09:42:30 - Total successful API calls Package api: 82
2025-01-26 09:42:30 - Total failed API calls Package api: 0
2025-01-26 09:42:30 - Fetching application details for memberId: 283177ac-ff6d-462c-bd97-57a33d8a1132
2025-01-26 09:42:30 - Application API URL after replacement: https://api.mashery.com/v3/rest/members/283177ac-ff6d-462c-bd97-57a33d8a1132/applications
2025-01-26 09:42:30 - Checking if token is valid or needs regeneration.
2025-01-26 09:42:30 - Token is still valid.
2025-01-26 09:42:30 - No more application data to fetch for memberId: 283177ac-ff6d-462c-bd97-57a33d8a1132
2025-01-26 09:42:30 - Completed fetching application details for memberId: 283177ac-ff6d-462c-bd97-57a33d8a1132. Total records: 0
2025-01-26 09:42:30 - Total successful application API calls: 141
2025-01-26 09:42:30 - Total failed application API calls: 0
2025-01-26 09:42:31 - Fetching application details for memberId: e5172f49-6096-4c33-9603-d9a623b02afd
2025-01-26 09:42:31 - Application API URL after replacement: https://api.mashery.com/v3/rest/members/e5172f49-6096-4c33-9603-d9a623b02afd/applications
2025-01-26 09:42:31 - Checking if token is valid or needs regeneration.
2025-01-26 09:42:31 - Token is still valid.
2025-01-26 09:42:31 - Fetched 1 application records so far for memberId: e5172f49-6096-4c33-9603-d9a623b02afd
2025-01-26 09:42:31 - Completed fetching application details for memberId: e5172f49-6096-4c33-9603-d9a623b02afd. Total records: 1
2025-01-26 09:42:31 - Total successful application API calls: 142
2025-01-26 09:42:31 - Total failed application API calls: 0
2025-01-26 09:42:31 - Starting to fetch package keys for memberId: e5172f49-6096-4c33-9603-d9a623b02afd
2025-01-26 09:42:31 - Checking if token is valid or needs regeneration.
2025-01-26 09:42:31 - Token is still valid.
2025-01-26 09:42:31 - Constructed API URL: https://api.mashery.com/v3/rest/members/e5172f49-6096-4c33-9603-d9a623b02afd/applications/3a48915a-f2c8-4c5c-a690-3dd6d97ce9eb/packageKeys
2025-01-26 09:42:32 - Fetched 1 records so far for memberId: e5172f49-6096-4c33-9603-d9a623b02afd
2025-01-26 09:42:32 - Completed fetching package keys for memberId: e5172f49-6096-4c33-9603-d9a623b02afd. Total records: 1
2025-01-26 09:42:32 - Total successful API calls Package api: 83
2025-01-26 09:42:32 - Total failed API calls Package api: 0
2025-01-26 09:42:32 - Fetching application details for memberId: de19ec8b-3d11-4371-bbf1-c86a8a308a3e
2025-01-26 09:42:32 - Application API URL after replacement: https://api.mashery.com/v3/rest/members/de19ec8b-3d11-4371-bbf1-c86a8a308a3e/applications
2025-01-26 09:42:32 - Checking if token is valid or needs regeneration.
2025-01-26 09:42:32 - Token is still valid.
2025-01-26 09:42:32 - Fetched 1 application records so far for memberId: de19ec8b-3d11-4371-bbf1-c86a8a308a3e
2025-01-26 09:42:32 - Completed fetching application details for memberId: de19ec8b-3d11-4371-bbf1-c86a8a308a3e. Total records: 1
2025-01-26 09:42:32 - Total successful application API calls: 143
2025-01-26 09:42:32 - Total failed application API calls: 0
2025-01-26 09:42:32 - Starting to fetch package keys for memberId: de19ec8b-3d11-4371-bbf1-c86a8a308a3e
2025-01-26 09:42:32 - Checking if token is valid or needs regeneration.
2025-01-26 09:42:32 - Token is still valid.
2025-01-26 09:42:32 - Constructed API URL: https://api.mashery.com/v3/rest/members/de19ec8b-3d11-4371-bbf1-c86a8a308a3e/applications/4eccb64d-5528-4f8e-8799-338976c8b55c/packageKeys
2025-01-26 09:42:33 - No more data to fetch for memberId: de19ec8b-3d11-4371-bbf1-c86a8a308a3e
2025-01-26 09:42:33 - Completed fetching package keys for memberId: de19ec8b-3d11-4371-bbf1-c86a8a308a3e. Total records: 0
2025-01-26 09:42:33 - Total successful API calls Package api: 84
2025-01-26 09:42:33 - Total failed API calls Package api: 0
2025-01-26 09:42:33 - Fetching application details for memberId: 63989158-e6b2-4b67-8e77-cd38e0bd8060
2025-01-26 09:42:33 - Application API URL after replacement: https://api.mashery.com/v3/rest/members/63989158-e6b2-4b67-8e77-cd38e0bd8060/applications
2025-01-26 09:42:33 - Checking if token is valid or needs regeneration.
2025-01-26 09:42:33 - Token is still valid.
2025-01-26 09:42:33 - Fetched 1 application records so far for memberId: 63989158-e6b2-4b67-8e77-cd38e0bd8060
2025-01-26 09:42:33 - Completed fetching application details for memberId: 63989158-e6b2-4b67-8e77-cd38e0bd8060. Total records: 1
2025-01-26 09:42:33 - Total successful application API calls: 144
2025-01-26 09:42:33 - Total failed application API calls: 0
2025-01-26 09:42:33 - Starting to fetch package keys for memberId: 63989158-e6b2-4b67-8e77-cd38e0bd8060
2025-01-26 09:42:33 - Checking if token is valid or needs regeneration.
2025-01-26 09:42:33 - Token is still valid.
2025-01-26 09:42:33 - Constructed API URL: https://api.mashery.com/v3/rest/members/63989158-e6b2-4b67-8e77-cd38e0bd8060/applications/e4e34027-7374-433e-a9f9-9c29092c2d1e/packageKeys
2025-01-26 09:42:34 - Fetched 1 records so far for memberId: 63989158-e6b2-4b67-8e77-cd38e0bd8060
2025-01-26 09:42:34 - Completed fetching package keys for memberId: 63989158-e6b2-4b67-8e77-cd38e0bd8060. Total records: 1
2025-01-26 09:42:34 - Total successful API calls Package api: 85
2025-01-26 09:42:34 - Total failed API calls Package api: 0
2025-01-26 09:42:34 - Fetching application details for memberId: d80e82cb-adb6-4098-8628-2b59405df87a
2025-01-26 09:42:34 - Application API URL after replacement: https://api.mashery.com/v3/rest/members/d80e82cb-adb6-4098-8628-2b59405df87a/applications
2025-01-26 09:42:34 - Checking if token is valid or needs regeneration.
2025-01-26 09:42:34 - Token is still valid.
2025-01-26 09:42:35 - Fetched 1 application records so far for memberId: d80e82cb-adb6-4098-8628-2b59405df87a
2025-01-26 09:42:35 - Completed fetching application details for memberId: d80e82cb-adb6-4098-8628-2b59405df87a. Total records: 1
2025-01-26 09:42:35 - Total successful application API calls: 145
2025-01-26 09:42:35 - Total failed application API calls: 0
2025-01-26 09:42:35 - Starting to fetch package keys for memberId: d80e82cb-adb6-4098-8628-2b59405df87a
2025-01-26 09:42:35 - Checking if token is valid or needs regeneration.
2025-01-26 09:42:35 - Token is still valid.
2025-01-26 09:42:35 - Constructed API URL: https://api.mashery.com/v3/rest/members/d80e82cb-adb6-4098-8628-2b59405df87a/applications/0c46f9e1-5aef-4d90-bfd0-b282af4364e6/packageKeys
2025-01-26 09:42:35 - Fetched 1 records so far for memberId: d80e82cb-adb6-4098-8628-2b59405df87a
2025-01-26 09:42:35 - Completed fetching package keys for memberId: d80e82cb-adb6-4098-8628-2b59405df87a. Total records: 1
2025-01-26 09:42:35 - Total successful API calls Package api: 86
2025-01-26 09:42:35 - Total failed API calls Package api: 0
2025-01-26 09:42:35 - Fetching application details for memberId: 26ab3692-cd32-4ac4-9e02-1a79f6024a1b
2025-01-26 09:42:35 - Application API URL after replacement: https://api.mashery.com/v3/rest/members/26ab3692-cd32-4ac4-9e02-1a79f6024a1b/applications
2025-01-26 09:42:35 - Checking if token is valid or needs regeneration.
2025-01-26 09:42:35 - Token is still valid.
2025-01-26 09:42:36 - Fetched 1 application records so far for memberId: 26ab3692-cd32-4ac4-9e02-1a79f6024a1b
2025-01-26 09:42:36 - Completed fetching application details for memberId: 26ab3692-cd32-4ac4-9e02-1a79f6024a1b. Total records: 1
2025-01-26 09:42:36 - Total successful application API calls: 146
2025-01-26 09:42:36 - Total failed application API calls: 0
2025-01-26 09:42:36 - Starting to fetch package keys for memberId: 26ab3692-cd32-4ac4-9e02-1a79f6024a1b
2025-01-26 09:42:36 - Checking if token is valid or needs regeneration.
2025-01-26 09:42:36 - Token is still valid.
2025-01-26 09:42:36 - Constructed API URL: https://api.mashery.com/v3/rest/members/26ab3692-cd32-4ac4-9e02-1a79f6024a1b/applications/ee6ea154-53e6-4f0a-9045-51240a7be5b3/packageKeys
2025-01-26 09:42:36 - Fetched 1 records so far for memberId: 26ab3692-cd32-4ac4-9e02-1a79f6024a1b
2025-01-26 09:42:36 - Completed fetching package keys for memberId: 26ab3692-cd32-4ac4-9e02-1a79f6024a1b. Total records: 1
2025-01-26 09:42:36 - Total successful API calls Package api: 87
2025-01-26 09:42:36 - Total failed API calls Package api: 0
2025-01-26 09:42:37 - Fetching application details for memberId: 7532201f-aba7-435e-a72d-718dccfb8e29
2025-01-26 09:42:37 - Application API URL after replacement: https://api.mashery.com/v3/rest/members/7532201f-aba7-435e-a72d-718dccfb8e29/applications
2025-01-26 09:42:37 - Checking if token is valid or needs regeneration.
2025-01-26 09:42:37 - Token is still valid.
2025-01-26 09:42:37 - No more application data to fetch for memberId: 7532201f-aba7-435e-a72d-718dccfb8e29
2025-01-26 09:42:37 - Completed fetching application details for memberId: 7532201f-aba7-435e-a72d-718dccfb8e29. Total records: 0
2025-01-26 09:42:37 - Total successful application API calls: 147
2025-01-26 09:42:37 - Total failed application API calls: 0
2025-01-26 09:42:37 - Fetching application details for memberId: 3647f860-561b-4110-841d-bd0ba99c56c1
2025-01-26 09:42:37 - Application API URL after replacement: https://api.mashery.com/v3/rest/members/3647f860-561b-4110-841d-bd0ba99c56c1/applications
2025-01-26 09:42:37 - Checking if token is valid or needs regeneration.
2025-01-26 09:42:37 - Token is still valid.
2025-01-26 09:42:38 - Fetched 1 application records so far for memberId: 3647f860-561b-4110-841d-bd0ba99c56c1
2025-01-26 09:42:38 - Completed fetching application details for memberId: 3647f860-561b-4110-841d-bd0ba99c56c1. Total records: 1
2025-01-26 09:42:38 - Total successful application API calls: 148
2025-01-26 09:42:38 - Total failed application API calls: 0
2025-01-26 09:42:38 - Starting to fetch package keys for memberId: 3647f860-561b-4110-841d-bd0ba99c56c1
2025-01-26 09:42:38 - Checking if token is valid or needs regeneration.
2025-01-26 09:42:38 - Token is still valid.
2025-01-26 09:42:38 - Constructed API URL: https://api.mashery.com/v3/rest/members/3647f860-561b-4110-841d-bd0ba99c56c1/applications/7469f37f-2bef-4eda-9145-bbf939bbbee4/packageKeys
2025-01-26 09:42:38 - Fetched 1 records so far for memberId: 3647f860-561b-4110-841d-bd0ba99c56c1
2025-01-26 09:42:38 - Completed fetching package keys for memberId: 3647f860-561b-4110-841d-bd0ba99c56c1. Total records: 1
2025-01-26 09:42:38 - Total successful API calls Package api: 88
2025-01-26 09:42:38 - Total failed API calls Package api: 0
2025-01-26 09:42:39 - Fetching application details for memberId: 94799f30-de1b-47d6-8f75-6a135980e13c
2025-01-26 09:42:39 - Application API URL after replacement: https://api.mashery.com/v3/rest/members/94799f30-de1b-47d6-8f75-6a135980e13c/applications
2025-01-26 09:42:39 - Checking if token is valid or needs regeneration.
2025-01-26 09:42:39 - Token is still valid.
2025-01-26 09:42:39 - No more application data to fetch for memberId: 94799f30-de1b-47d6-8f75-6a135980e13c
2025-01-26 09:42:39 - Completed fetching application details for memberId: 94799f30-de1b-47d6-8f75-6a135980e13c. Total records: 0
2025-01-26 09:42:39 - Total successful application API calls: 149
2025-01-26 09:42:39 - Total failed application API calls: 0
2025-01-26 09:42:39 - Fetching application details for memberId: ff193b4c-63f8-4055-a8e2-31a38d386a40
2025-01-26 09:42:39 - Application API URL after replacement: https://api.mashery.com/v3/rest/members/ff193b4c-63f8-4055-a8e2-31a38d386a40/applications
2025-01-26 09:42:39 - Checking if token is valid or needs regeneration.
2025-01-26 09:42:39 - Token is still valid.
2025-01-26 09:42:39 - No more application data to fetch for memberId: ff193b4c-63f8-4055-a8e2-31a38d386a40
2025-01-26 09:42:39 - Completed fetching application details for memberId: ff193b4c-63f8-4055-a8e2-31a38d386a40. Total records: 0
2025-01-26 09:42:39 - Total successful application API calls: 150
2025-01-26 09:42:39 - Total failed application API calls: 0
2025-01-26 09:42:39 - Fetching application details for memberId: a4108b8b-ca21-48c1-9d13-0d99ad665de0
2025-01-26 09:42:39 - Application API URL after replacement: https://api.mashery.com/v3/rest/members/a4108b8b-ca21-48c1-9d13-0d99ad665de0/applications
2025-01-26 09:42:39 - Checking if token is valid or needs regeneration.
2025-01-26 09:42:39 - Token is still valid.
2025-01-26 09:42:40 - Fetched 1 application records so far for memberId: a4108b8b-ca21-48c1-9d13-0d99ad665de0
2025-01-26 09:42:40 - Completed fetching application details for memberId: a4108b8b-ca21-48c1-9d13-0d99ad665de0. Total records: 1
2025-01-26 09:42:40 - Total successful application API calls: 151
2025-01-26 09:42:40 - Total failed application API calls: 0
2025-01-26 09:42:40 - Starting to fetch package keys for memberId: a4108b8b-ca21-48c1-9d13-0d99ad665de0
2025-01-26 09:42:40 - Checking if token is valid or needs regeneration.
2025-01-26 09:42:40 - Token is still valid.
2025-01-26 09:42:40 - Constructed API URL: https://api.mashery.com/v3/rest/members/a4108b8b-ca21-48c1-9d13-0d99ad665de0/applications/120d0846-2f5b-4e10-a1a9-299b5437317b/packageKeys
2025-01-26 09:42:40 - Fetched 1 records so far for memberId: a4108b8b-ca21-48c1-9d13-0d99ad665de0
2025-01-26 09:42:40 - Completed fetching package keys for memberId: a4108b8b-ca21-48c1-9d13-0d99ad665de0. Total records: 1
2025-01-26 09:42:40 - Total successful API calls Package api: 89
2025-01-26 09:42:40 - Total failed API calls Package api: 0
2025-01-26 09:42:40 - Fetching application details for memberId: 12fc6857-3c5e-49f2-9d53-56bc8416081a
2025-01-26 09:42:40 - Application API URL after replacement: https://api.mashery.com/v3/rest/members/12fc6857-3c5e-49f2-9d53-56bc8416081a/applications
2025-01-26 09:42:40 - Checking if token is valid or needs regeneration.
2025-01-26 09:42:40 - Token is still valid.
2025-01-26 09:42:41 - Fetched 1 application records so far for memberId: 12fc6857-3c5e-49f2-9d53-56bc8416081a
2025-01-26 09:42:41 - Completed fetching application details for memberId: 12fc6857-3c5e-49f2-9d53-56bc8416081a. Total records: 1
2025-01-26 09:42:41 - Total successful application API calls: 152
2025-01-26 09:42:41 - Total failed application API calls: 0
2025-01-26 09:42:41 - Starting to fetch package keys for memberId: 12fc6857-3c5e-49f2-9d53-56bc8416081a
2025-01-26 09:42:41 - Checking if token is valid or needs regeneration.
2025-01-26 09:42:41 - Token is still valid.
2025-01-26 09:42:41 - Constructed API URL: https://api.mashery.com/v3/rest/members/12fc6857-3c5e-49f2-9d53-56bc8416081a/applications/25d5cbcf-e6a5-42c0-86ef-d7340bf22b53/packageKeys
2025-01-26 09:42:41 - Fetched 1 records so far for memberId: 12fc6857-3c5e-49f2-9d53-56bc8416081a
2025-01-26 09:42:41 - Completed fetching package keys for memberId: 12fc6857-3c5e-49f2-9d53-56bc8416081a. Total records: 1
2025-01-26 09:42:41 - Total successful API calls Package api: 90
2025-01-26 09:42:41 - Total failed API calls Package api: 0
2025-01-26 09:42:42 - Fetching application details for memberId: 023748ca-e96c-467f-b841-434548ba1909
2025-01-26 09:42:42 - Application API URL after replacement: https://api.mashery.com/v3/rest/members/023748ca-e96c-467f-b841-434548ba1909/applications
2025-01-26 09:42:42 - Checking if token is valid or needs regeneration.
2025-01-26 09:42:42 - Token is still valid.
2025-01-26 09:42:42 - Fetched 1 application records so far for memberId: 023748ca-e96c-467f-b841-434548ba1909
2025-01-26 09:42:42 - Completed fetching application details for memberId: 023748ca-e96c-467f-b841-434548ba1909. Total records: 1
2025-01-26 09:42:42 - Total successful application API calls: 153
2025-01-26 09:42:42 - Total failed application API calls: 0
2025-01-26 09:42:42 - Starting to fetch package keys for memberId: 023748ca-e96c-467f-b841-434548ba1909
2025-01-26 09:42:42 - Checking if token is valid or needs regeneration.
2025-01-26 09:42:42 - Token is still valid.
2025-01-26 09:42:42 - Constructed API URL: https://api.mashery.com/v3/rest/members/023748ca-e96c-467f-b841-434548ba1909/applications/ec14ad80-8438-493d-a42f-3577997b1479/packageKeys
2025-01-26 09:42:43 - Fetched 1 records so far for memberId: 023748ca-e96c-467f-b841-434548ba1909
2025-01-26 09:42:43 - Completed fetching package keys for memberId: 023748ca-e96c-467f-b841-434548ba1909. Total records: 1
2025-01-26 09:42:43 - Total successful API calls Package api: 91
2025-01-26 09:42:43 - Total failed API calls Package api: 0
2025-01-26 09:42:43 - Fetching application details for memberId: ecd36f0c-eaeb-49d5-90c9-e8ff5f74ae8b
2025-01-26 09:42:43 - Application API URL after replacement: https://api.mashery.com/v3/rest/members/ecd36f0c-eaeb-49d5-90c9-e8ff5f74ae8b/applications
2025-01-26 09:42:43 - Checking if token is valid or needs regeneration.
2025-01-26 09:42:43 - Token is still valid.
2025-01-26 09:42:43 - Fetched 1 application records so far for memberId: ecd36f0c-eaeb-49d5-90c9-e8ff5f74ae8b
2025-01-26 09:42:43 - Completed fetching application details for memberId: ecd36f0c-eaeb-49d5-90c9-e8ff5f74ae8b. Total records: 1
2025-01-26 09:42:43 - Total successful application API calls: 154
2025-01-26 09:42:43 - Total failed application API calls: 0
2025-01-26 09:42:43 - Starting to fetch package keys for memberId: ecd36f0c-eaeb-49d5-90c9-e8ff5f74ae8b
2025-01-26 09:42:43 - Checking if token is valid or needs regeneration.
2025-01-26 09:42:43 - Token is still valid.
2025-01-26 09:42:43 - Constructed API URL: https://api.mashery.com/v3/rest/members/ecd36f0c-eaeb-49d5-90c9-e8ff5f74ae8b/applications/bbcae7ce-ecf9-40e3-9cc0-81347bfac898/packageKeys
2025-01-26 09:42:44 - Fetched 1 records so far for memberId: ecd36f0c-eaeb-49d5-90c9-e8ff5f74ae8b
2025-01-26 09:42:44 - Completed fetching package keys for memberId: ecd36f0c-eaeb-49d5-90c9-e8ff5f74ae8b. Total records: 1
2025-01-26 09:42:44 - Total successful API calls Package api: 92
2025-01-26 09:42:44 - Total failed API calls Package api: 0
2025-01-26 09:42:44 - Fetching application details for memberId: 4459bef2-8ac7-46a3-90d5-d8bfecdd64a0
2025-01-26 09:42:44 - Application API URL after replacement: https://api.mashery.com/v3/rest/members/4459bef2-8ac7-46a3-90d5-d8bfecdd64a0/applications
2025-01-26 09:42:44 - Checking if token is valid or needs regeneration.
2025-01-26 09:42:44 - Token is still valid.
2025-01-26 09:42:44 - Fetched 1 application records so far for memberId: 4459bef2-8ac7-46a3-90d5-d8bfecdd64a0
2025-01-26 09:42:44 - Completed fetching application details for memberId: 4459bef2-8ac7-46a3-90d5-d8bfecdd64a0. Total records: 1
2025-01-26 09:42:44 - Total successful application API calls: 155
2025-01-26 09:42:44 - Total failed application API calls: 0
2025-01-26 09:42:44 - Starting to fetch package keys for memberId: 4459bef2-8ac7-46a3-90d5-d8bfecdd64a0
2025-01-26 09:42:44 - Checking if token is valid or needs regeneration.
2025-01-26 09:42:44 - Token is still valid.
2025-01-26 09:42:44 - Constructed API URL: https://api.mashery.com/v3/rest/members/4459bef2-8ac7-46a3-90d5-d8bfecdd64a0/applications/8f96988a-ff8a-4577-9574-4225f899c0a3/packageKeys
2025-01-26 09:42:45 - Fetched 1 records so far for memberId: 4459bef2-8ac7-46a3-90d5-d8bfecdd64a0
2025-01-26 09:42:45 - Completed fetching package keys for memberId: 4459bef2-8ac7-46a3-90d5-d8bfecdd64a0. Total records: 1
2025-01-26 09:42:45 - Total successful API calls Package api: 93
2025-01-26 09:42:45 - Total failed API calls Package api: 0
2025-01-26 09:42:45 - Fetching application details for memberId: c191e3da-6a20-4730-815a-d5f661a54c91
2025-01-26 09:42:45 - Application API URL after replacement: https://api.mashery.com/v3/rest/members/c191e3da-6a20-4730-815a-d5f661a54c91/applications
2025-01-26 09:42:45 - Checking if token is valid or needs regeneration.
2025-01-26 09:42:45 - Token is still valid.
2025-01-26 09:42:46 - Fetched 1 application records so far for memberId: c191e3da-6a20-4730-815a-d5f661a54c91
2025-01-26 09:42:46 - Completed fetching application details for memberId: c191e3da-6a20-4730-815a-d5f661a54c91. Total records: 1
2025-01-26 09:42:46 - Total successful application API calls: 156
2025-01-26 09:42:46 - Total failed application API calls: 0
2025-01-26 09:42:46 - Starting to fetch package keys for memberId: c191e3da-6a20-4730-815a-d5f661a54c91
2025-01-26 09:42:46 - Checking if token is valid or needs regeneration.
2025-01-26 09:42:46 - Token is still valid.
2025-01-26 09:42:46 - Constructed API URL: https://api.mashery.com/v3/rest/members/c191e3da-6a20-4730-815a-d5f661a54c91/applications/1adf1a9c-ef02-439f-a210-fff82a758e72/packageKeys
2025-01-26 09:42:46 - Fetched 1 records so far for memberId: c191e3da-6a20-4730-815a-d5f661a54c91
2025-01-26 09:42:46 - Completed fetching package keys for memberId: c191e3da-6a20-4730-815a-d5f661a54c91. Total records: 1
2025-01-26 09:42:46 - Total successful API calls Package api: 94
2025-01-26 09:42:46 - Total failed API calls Package api: 0
2025-01-26 09:42:46 - Fetching application details for memberId: 3f7faa46-4904-4b7e-afe0-3e4919253414
2025-01-26 09:42:46 - Application API URL after replacement: https://api.mashery.com/v3/rest/members/3f7faa46-4904-4b7e-afe0-3e4919253414/applications
2025-01-26 09:42:46 - Checking if token is valid or needs regeneration.
2025-01-26 09:42:46 - Token is still valid.
2025-01-26 09:42:47 - Fetched 1 application records so far for memberId: 3f7faa46-4904-4b7e-afe0-3e4919253414
2025-01-26 09:42:47 - Completed fetching application details for memberId: 3f7faa46-4904-4b7e-afe0-3e4919253414. Total records: 1
2025-01-26 09:42:47 - Total successful application API calls: 157
2025-01-26 09:42:47 - Total failed application API calls: 0
2025-01-26 09:42:47 - Starting to fetch package keys for memberId: 3f7faa46-4904-4b7e-afe0-3e4919253414
2025-01-26 09:42:47 - Checking if token is valid or needs regeneration.
2025-01-26 09:42:47 - Token is still valid.
2025-01-26 09:42:47 - Constructed API URL: https://api.mashery.com/v3/rest/members/3f7faa46-4904-4b7e-afe0-3e4919253414/applications/310f759c-988d-442a-82eb-694eb7e4bb59/packageKeys
2025-01-26 09:42:47 - Fetched 1 records so far for memberId: 3f7faa46-4904-4b7e-afe0-3e4919253414
2025-01-26 09:42:47 - Completed fetching package keys for memberId: 3f7faa46-4904-4b7e-afe0-3e4919253414. Total records: 1
2025-01-26 09:42:47 - Total successful API calls Package api: 95
2025-01-26 09:42:47 - Total failed API calls Package api: 0
2025-01-26 09:42:48 - Fetching application details for memberId: 0890ded5-e41e-40cd-ba0b-8cd13deb62cd
2025-01-26 09:42:48 - Application API URL after replacement: https://api.mashery.com/v3/rest/members/0890ded5-e41e-40cd-ba0b-8cd13deb62cd/applications
2025-01-26 09:42:48 - Checking if token is valid or needs regeneration.
2025-01-26 09:42:48 - Token is still valid.
2025-01-26 09:42:48 - No more application data to fetch for memberId: 0890ded5-e41e-40cd-ba0b-8cd13deb62cd
2025-01-26 09:42:48 - Completed fetching application details for memberId: 0890ded5-e41e-40cd-ba0b-8cd13deb62cd. Total records: 0
2025-01-26 09:42:48 - Total successful application API calls: 158
2025-01-26 09:42:48 - Total failed application API calls: 0
2025-01-26 09:42:48 - Fetching application details for memberId: 5c0752ca-ce06-47db-b5de-668be11ed7bb
2025-01-26 09:42:48 - Application API URL after replacement: https://api.mashery.com/v3/rest/members/5c0752ca-ce06-47db-b5de-668be11ed7bb/applications
2025-01-26 09:42:48 - Checking if token is valid or needs regeneration.
2025-01-26 09:42:48 - Token is still valid.
2025-01-26 09:42:49 - No more application data to fetch for memberId: 5c0752ca-ce06-47db-b5de-668be11ed7bb
2025-01-26 09:42:49 - Completed fetching application details for memberId: 5c0752ca-ce06-47db-b5de-668be11ed7bb. Total records: 0
2025-01-26 09:42:49 - Total successful application API calls: 159
2025-01-26 09:42:49 - Total failed application API calls: 0
2025-01-26 09:42:49 - Fetching application details for memberId: dff9b8de-e04e-4b2a-9604-85e957387548
2025-01-26 09:42:49 - Application API URL after replacement: https://api.mashery.com/v3/rest/members/dff9b8de-e04e-4b2a-9604-85e957387548/applications
2025-01-26 09:42:49 - Checking if token is valid or needs regeneration.
2025-01-26 09:42:49 - Token is still valid.
2025-01-26 09:42:49 - Fetched 1 application records so far for memberId: dff9b8de-e04e-4b2a-9604-85e957387548
2025-01-26 09:42:49 - Completed fetching application details for memberId: dff9b8de-e04e-4b2a-9604-85e957387548. Total records: 1
2025-01-26 09:42:49 - Total successful application API calls: 160
2025-01-26 09:42:49 - Total failed application API calls: 0
2025-01-26 09:42:49 - Starting to fetch package keys for memberId: dff9b8de-e04e-4b2a-9604-85e957387548
2025-01-26 09:42:49 - Checking if token is valid or needs regeneration.
2025-01-26 09:42:49 - Token is still valid.
2025-01-26 09:42:49 - Constructed API URL: https://api.mashery.com/v3/rest/members/dff9b8de-e04e-4b2a-9604-85e957387548/applications/f121a7e5-8226-4297-9e27-e77b6569b13c/packageKeys
2025-01-26 09:42:50 - Fetched 1 records so far for memberId: dff9b8de-e04e-4b2a-9604-85e957387548
2025-01-26 09:42:50 - Completed fetching package keys for memberId: dff9b8de-e04e-4b2a-9604-85e957387548. Total records: 1
2025-01-26 09:42:50 - Total successful API calls Package api: 96
2025-01-26 09:42:50 - Total failed API calls Package api: 0
2025-01-26 09:42:50 - Fetching application details for memberId: ff972db9-e97e-4025-ab72-cbd2bd010145
2025-01-26 09:42:50 - Application API URL after replacement: https://api.mashery.com/v3/rest/members/ff972db9-e97e-4025-ab72-cbd2bd010145/applications
2025-01-26 09:42:50 - Checking if token is valid or needs regeneration.
2025-01-26 09:42:50 - Token is still valid.
2025-01-26 09:42:50 - Fetched 1 application records so far for memberId: ff972db9-e97e-4025-ab72-cbd2bd010145
2025-01-26 09:42:50 - Completed fetching application details for memberId: ff972db9-e97e-4025-ab72-cbd2bd010145. Total records: 1
2025-01-26 09:42:50 - Total successful application API calls: 161
2025-01-26 09:42:50 - Total failed application API calls: 0
2025-01-26 09:42:50 - Starting to fetch package keys for memberId: ff972db9-e97e-4025-ab72-cbd2bd010145
2025-01-26 09:42:50 - Checking if token is valid or needs regeneration.
2025-01-26 09:42:50 - Token is still valid.
2025-01-26 09:42:50 - Constructed API URL: https://api.mashery.com/v3/rest/members/ff972db9-e97e-4025-ab72-cbd2bd010145/applications/9a32a19e-c93d-4fcc-b9aa-ea2a2c7b1fd8/packageKeys
2025-01-26 09:42:51 - Fetched 1 records so far for memberId: ff972db9-e97e-4025-ab72-cbd2bd010145
2025-01-26 09:42:51 - Completed fetching package keys for memberId: ff972db9-e97e-4025-ab72-cbd2bd010145. Total records: 1
2025-01-26 09:42:51 - Total successful API calls Package api: 97
2025-01-26 09:42:51 - Total failed API calls Package api: 0
2025-01-26 09:42:51 - Fetching application details for memberId: 1cb6cc80-cdb7-4d33-8492-797283ecd31b
2025-01-26 09:42:51 - Application API URL after replacement: https://api.mashery.com/v3/rest/members/1cb6cc80-cdb7-4d33-8492-797283ecd31b/applications
2025-01-26 09:42:51 - Checking if token is valid or needs regeneration.
2025-01-26 09:42:51 - Token is still valid.
2025-01-26 09:42:51 - Fetched 2 application records so far for memberId: 1cb6cc80-cdb7-4d33-8492-797283ecd31b
2025-01-26 09:42:51 - Completed fetching application details for memberId: 1cb6cc80-cdb7-4d33-8492-797283ecd31b. Total records: 2
2025-01-26 09:42:51 - Total successful application API calls: 162
2025-01-26 09:42:51 - Total failed application API calls: 0
2025-01-26 09:42:51 - Starting to fetch package keys for memberId: 1cb6cc80-cdb7-4d33-8492-797283ecd31b
2025-01-26 09:42:51 - Checking if token is valid or needs regeneration.
2025-01-26 09:42:51 - Token is still valid.
2025-01-26 09:42:51 - Constructed API URL: https://api.mashery.com/v3/rest/members/1cb6cc80-cdb7-4d33-8492-797283ecd31b/applications/39c5c6fb-6a05-41c3-aed9-9ca449ef7542/packageKeys
2025-01-26 09:42:52 - No more data to fetch for memberId: 1cb6cc80-cdb7-4d33-8492-797283ecd31b
2025-01-26 09:42:52 - Completed fetching package keys for memberId: 1cb6cc80-cdb7-4d33-8492-797283ecd31b. Total records: 0
2025-01-26 09:42:52 - Total successful API calls Package api: 98
2025-01-26 09:42:52 - Total failed API calls Package api: 0
2025-01-26 09:42:52 - Starting to fetch package keys for memberId: 1cb6cc80-cdb7-4d33-8492-797283ecd31b
2025-01-26 09:42:52 - Checking if token is valid or needs regeneration.
2025-01-26 09:42:52 - Token is still valid.
2025-01-26 09:42:52 - Constructed API URL: https://api.mashery.com/v3/rest/members/1cb6cc80-cdb7-4d33-8492-797283ecd31b/applications/b9745861-23cf-4983-a2d9-c5d368c71ba6/packageKeys
2025-01-26 09:42:52 - Fetched 1 records so far for memberId: 1cb6cc80-cdb7-4d33-8492-797283ecd31b
2025-01-26 09:42:52 - Completed fetching package keys for memberId: 1cb6cc80-cdb7-4d33-8492-797283ecd31b. Total records: 1
2025-01-26 09:42:52 - Total successful API calls Package api: 99
2025-01-26 09:42:52 - Total failed API calls Package api: 0
2025-01-26 09:42:53 - Fetching application details for memberId: 438a1bf5-a97a-4b92-a3b5-a9d5ce098f18
2025-01-26 09:42:53 - Application API URL after replacement: https://api.mashery.com/v3/rest/members/438a1bf5-a97a-4b92-a3b5-a9d5ce098f18/applications
2025-01-26 09:42:53 - Checking if token is valid or needs regeneration.
2025-01-26 09:42:53 - Token is still valid.
2025-01-26 09:42:53 - Fetched 1 application records so far for memberId: 438a1bf5-a97a-4b92-a3b5-a9d5ce098f18
2025-01-26 09:42:53 - Completed fetching application details for memberId: 438a1bf5-a97a-4b92-a3b5-a9d5ce098f18. Total records: 1
2025-01-26 09:42:53 - Total successful application API calls: 163
2025-01-26 09:42:53 - Total failed application API calls: 0
2025-01-26 09:42:53 - Starting to fetch package keys for memberId: 438a1bf5-a97a-4b92-a3b5-a9d5ce098f18
2025-01-26 09:42:53 - Checking if token is valid or needs regeneration.
2025-01-26 09:42:53 - Token is still valid.
2025-01-26 09:42:53 - Constructed API URL: https://api.mashery.com/v3/rest/members/438a1bf5-a97a-4b92-a3b5-a9d5ce098f18/applications/021e68eb-7aa3-4e19-b20d-5c5b028ddb92/packageKeys
2025-01-26 09:42:54 - Fetched 1 records so far for memberId: 438a1bf5-a97a-4b92-a3b5-a9d5ce098f18
2025-01-26 09:42:54 - Completed fetching package keys for memberId: 438a1bf5-a97a-4b92-a3b5-a9d5ce098f18. Total records: 1
2025-01-26 09:42:54 - Total successful API calls Package api: 100
2025-01-26 09:42:54 - Total failed API calls Package api: 0
2025-01-26 09:42:54 - Fetching application details for memberId: 1959da12-ba10-45d6-8aac-191375938884
2025-01-26 09:42:54 - Application API URL after replacement: https://api.mashery.com/v3/rest/members/1959da12-ba10-45d6-8aac-191375938884/applications
2025-01-26 09:42:54 - Checking if token is valid or needs regeneration.
2025-01-26 09:42:54 - Token is still valid.
2025-01-26 09:42:54 - Fetched 1 application records so far for memberId: 1959da12-ba10-45d6-8aac-191375938884
2025-01-26 09:42:54 - Completed fetching application details for memberId: 1959da12-ba10-45d6-8aac-191375938884. Total records: 1
2025-01-26 09:42:54 - Total successful application API calls: 164
2025-01-26 09:42:54 - Total failed application API calls: 0
2025-01-26 09:42:54 - Starting to fetch package keys for memberId: 1959da12-ba10-45d6-8aac-191375938884
2025-01-26 09:42:54 - Checking if token is valid or needs regeneration.
2025-01-26 09:42:54 - Token is still valid.
2025-01-26 09:42:54 - Constructed API URL: https://api.mashery.com/v3/rest/members/1959da12-ba10-45d6-8aac-191375938884/applications/62d992e5-f22b-4a71-b308-471bcc8dcc70/packageKeys
2025-01-26 09:42:54 - Fetched 1 records so far for memberId: 1959da12-ba10-45d6-8aac-191375938884
2025-01-26 09:42:54 - Completed fetching package keys for memberId: 1959da12-ba10-45d6-8aac-191375938884. Total records: 1
2025-01-26 09:42:54 - Total successful API calls Package api: 101
2025-01-26 09:42:54 - Total failed API calls Package api: 0
2025-01-26 09:42:55 - Fetching application details for memberId: 56153f5e-5bf6-42fe-be27-0f10484c9d5f
2025-01-26 09:42:55 - Application API URL after replacement: https://api.mashery.com/v3/rest/members/56153f5e-5bf6-42fe-be27-0f10484c9d5f/applications
2025-01-26 09:42:55 - Checking if token is valid or needs regeneration.
2025-01-26 09:42:55 - Token is still valid.
2025-01-26 09:42:55 - Fetched 1 application records so far for memberId: 56153f5e-5bf6-42fe-be27-0f10484c9d5f
2025-01-26 09:42:55 - Completed fetching application details for memberId: 56153f5e-5bf6-42fe-be27-0f10484c9d5f. Total records: 1
2025-01-26 09:42:55 - Total successful application API calls: 165
2025-01-26 09:42:55 - Total failed application API calls: 0
2025-01-26 09:42:55 - Starting to fetch package keys for memberId: 56153f5e-5bf6-42fe-be27-0f10484c9d5f
2025-01-26 09:42:55 - Checking if token is valid or needs regeneration.
2025-01-26 09:42:55 - Token is still valid.
2025-01-26 09:42:55 - Constructed API URL: https://api.mashery.com/v3/rest/members/56153f5e-5bf6-42fe-be27-0f10484c9d5f/applications/1a1d3863-d2b6-4f75-beed-d875d8b4d214/packageKeys
2025-01-26 09:42:56 - Fetched 1 records so far for memberId: 56153f5e-5bf6-42fe-be27-0f10484c9d5f
2025-01-26 09:42:56 - Completed fetching package keys for memberId: 56153f5e-5bf6-42fe-be27-0f10484c9d5f. Total records: 1
2025-01-26 09:42:56 - Total successful API calls Package api: 102
2025-01-26 09:42:56 - Total failed API calls Package api: 0
2025-01-26 09:42:56 - Fetching application details for memberId: 45d833d9-e615-4ad0-87fa-6435f9b15f22
2025-01-26 09:42:56 - Application API URL after replacement: https://api.mashery.com/v3/rest/members/45d833d9-e615-4ad0-87fa-6435f9b15f22/applications
2025-01-26 09:42:56 - Checking if token is valid or needs regeneration.
2025-01-26 09:42:56 - Token is still valid.
2025-01-26 09:42:56 - Fetched 1 application records so far for memberId: 45d833d9-e615-4ad0-87fa-6435f9b15f22
2025-01-26 09:42:56 - Completed fetching application details for memberId: 45d833d9-e615-4ad0-87fa-6435f9b15f22. Total records: 1
2025-01-26 09:42:56 - Total successful application API calls: 166
2025-01-26 09:42:56 - Total failed application API calls: 0
2025-01-26 09:42:56 - Starting to fetch package keys for memberId: 45d833d9-e615-4ad0-87fa-6435f9b15f22
2025-01-26 09:42:56 - Checking if token is valid or needs regeneration.
2025-01-26 09:42:56 - Token is still valid.
2025-01-26 09:42:56 - Constructed API URL: https://api.mashery.com/v3/rest/members/45d833d9-e615-4ad0-87fa-6435f9b15f22/applications/e7312f0e-cddd-406c-92e5-a4f135b85c4c/packageKeys
2025-01-26 09:42:57 - Fetched 1 records so far for memberId: 45d833d9-e615-4ad0-87fa-6435f9b15f22
2025-01-26 09:42:57 - Completed fetching package keys for memberId: 45d833d9-e615-4ad0-87fa-6435f9b15f22. Total records: 1
2025-01-26 09:42:57 - Total successful API calls Package api: 103
2025-01-26 09:42:57 - Total failed API calls Package api: 0
2025-01-26 09:42:57 - Fetching application details for memberId: 36463293-cb54-449a-9c08-c9535a86059f
2025-01-26 09:42:57 - Application API URL after replacement: https://api.mashery.com/v3/rest/members/36463293-cb54-449a-9c08-c9535a86059f/applications
2025-01-26 09:42:57 - Checking if token is valid or needs regeneration.
2025-01-26 09:42:57 - Token is still valid.
2025-01-26 09:42:57 - Fetched 1 application records so far for memberId: 36463293-cb54-449a-9c08-c9535a86059f
2025-01-26 09:42:57 - Completed fetching application details for memberId: 36463293-cb54-449a-9c08-c9535a86059f. Total records: 1
2025-01-26 09:42:57 - Total successful application API calls: 167
2025-01-26 09:42:57 - Total failed application API calls: 0
2025-01-26 09:42:57 - Starting to fetch package keys for memberId: 36463293-cb54-449a-9c08-c9535a86059f
2025-01-26 09:42:57 - Checking if token is valid or needs regeneration.
2025-01-26 09:42:57 - Token is still valid.
2025-01-26 09:42:57 - Constructed API URL: https://api.mashery.com/v3/rest/members/36463293-cb54-449a-9c08-c9535a86059f/applications/c0893076-bc9d-404b-84a0-e72fd96488a5/packageKeys
2025-01-26 09:42:58 - Fetched 1 records so far for memberId: 36463293-cb54-449a-9c08-c9535a86059f
2025-01-26 09:42:58 - Completed fetching package keys for memberId: 36463293-cb54-449a-9c08-c9535a86059f. Total records: 1
2025-01-26 09:42:58 - Total successful API calls Package api: 104
2025-01-26 09:42:58 - Total failed API calls Package api: 0
2025-01-26 09:42:58 - Fetching application details for memberId: f5d20152-4c17-4930-90ce-842cffa0a8eb
2025-01-26 09:42:58 - Application API URL after replacement: https://api.mashery.com/v3/rest/members/f5d20152-4c17-4930-90ce-842cffa0a8eb/applications
2025-01-26 09:42:58 - Checking if token is valid or needs regeneration.
2025-01-26 09:42:58 - Token is still valid.
2025-01-26 09:42:59 - Fetched 1 application records so far for memberId: f5d20152-4c17-4930-90ce-842cffa0a8eb
2025-01-26 09:42:59 - Completed fetching application details for memberId: f5d20152-4c17-4930-90ce-842cffa0a8eb. Total records: 1
2025-01-26 09:42:59 - Total successful application API calls: 168
2025-01-26 09:42:59 - Total failed application API calls: 0
2025-01-26 09:42:59 - Starting to fetch package keys for memberId: f5d20152-4c17-4930-90ce-842cffa0a8eb
2025-01-26 09:42:59 - Checking if token is valid or needs regeneration.
2025-01-26 09:42:59 - Token is still valid.
2025-01-26 09:42:59 - Constructed API URL: https://api.mashery.com/v3/rest/members/f5d20152-4c17-4930-90ce-842cffa0a8eb/applications/c7e82705-eaf8-420e-a745-9d809f63eccc/packageKeys
2025-01-26 09:42:59 - No more data to fetch for memberId: f5d20152-4c17-4930-90ce-842cffa0a8eb
2025-01-26 09:42:59 - Completed fetching package keys for memberId: f5d20152-4c17-4930-90ce-842cffa0a8eb. Total records: 0
2025-01-26 09:42:59 - Total successful API calls Package api: 105
2025-01-26 09:42:59 - Total failed API calls Package api: 0
2025-01-26 09:42:59 - Fetching application details for memberId: e06a672d-a114-41e5-8f72-dd2017e8df43
2025-01-26 09:42:59 - Application API URL after replacement: https://api.mashery.com/v3/rest/members/e06a672d-a114-41e5-8f72-dd2017e8df43/applications
2025-01-26 09:42:59 - Checking if token is valid or needs regeneration.
2025-01-26 09:42:59 - Token is still valid.
2025-01-26 09:43:00 - Fetched 1 application records so far for memberId: e06a672d-a114-41e5-8f72-dd2017e8df43
2025-01-26 09:43:00 - Completed fetching application details for memberId: e06a672d-a114-41e5-8f72-dd2017e8df43. Total records: 1
2025-01-26 09:43:00 - Total successful application API calls: 169
2025-01-26 09:43:00 - Total failed application API calls: 0
2025-01-26 09:43:00 - Starting to fetch package keys for memberId: e06a672d-a114-41e5-8f72-dd2017e8df43
2025-01-26 09:43:00 - Checking if token is valid or needs regeneration.
2025-01-26 09:43:00 - Token is still valid.
2025-01-26 09:43:00 - Constructed API URL: https://api.mashery.com/v3/rest/members/e06a672d-a114-41e5-8f72-dd2017e8df43/applications/bac10c08-5565-4a39-bbe6-0d9979831b36/packageKeys
2025-01-26 09:43:00 - Fetched 1 records so far for memberId: e06a672d-a114-41e5-8f72-dd2017e8df43
2025-01-26 09:43:00 - Completed fetching package keys for memberId: e06a672d-a114-41e5-8f72-dd2017e8df43. Total records: 1
2025-01-26 09:43:00 - Total successful API calls Package api: 106
2025-01-26 09:43:00 - Total failed API calls Package api: 0
2025-01-26 09:43:00 - Fetching application details for memberId: 6973144b-cc11-4607-a24a-341d299ccafc
2025-01-26 09:43:00 - Application API URL after replacement: https://api.mashery.com/v3/rest/members/6973144b-cc11-4607-a24a-341d299ccafc/applications
2025-01-26 09:43:00 - Checking if token is valid or needs regeneration.
2025-01-26 09:43:00 - Token is still valid.
2025-01-26 09:43:01 - No more application data to fetch for memberId: 6973144b-cc11-4607-a24a-341d299ccafc
2025-01-26 09:43:01 - Completed fetching application details for memberId: 6973144b-cc11-4607-a24a-341d299ccafc. Total records: 0
2025-01-26 09:43:01 - Total successful application API calls: 170
2025-01-26 09:43:01 - Total failed application API calls: 0
2025-01-26 09:43:01 - Fetching application details for memberId: 49a88ec3-7e7d-45fe-9302-86e60b174cd5
2025-01-26 09:43:01 - Application API URL after replacement: https://api.mashery.com/v3/rest/members/49a88ec3-7e7d-45fe-9302-86e60b174cd5/applications
2025-01-26 09:43:01 - Checking if token is valid or needs regeneration.
2025-01-26 09:43:01 - Token is still valid.
2025-01-26 09:43:02 - No more application data to fetch for memberId: 49a88ec3-7e7d-45fe-9302-86e60b174cd5
2025-01-26 09:43:02 - Completed fetching application details for memberId: 49a88ec3-7e7d-45fe-9302-86e60b174cd5. Total records: 0
2025-01-26 09:43:02 - Total successful application API calls: 171
2025-01-26 09:43:02 - Total failed application API calls: 0
2025-01-26 09:43:02 - Fetching application details for memberId: 7d25ad92-aca8-4b18-9195-f96df3150240
2025-01-26 09:43:02 - Application API URL after replacement: https://api.mashery.com/v3/rest/members/7d25ad92-aca8-4b18-9195-f96df3150240/applications
2025-01-26 09:43:02 - Checking if token is valid or needs regeneration.
2025-01-26 09:43:02 - Token is still valid.
2025-01-26 09:43:02 - No more application data to fetch for memberId: 7d25ad92-aca8-4b18-9195-f96df3150240
2025-01-26 09:43:02 - Completed fetching application details for memberId: 7d25ad92-aca8-4b18-9195-f96df3150240. Total records: 0
2025-01-26 09:43:02 - Total successful application API calls: 172
2025-01-26 09:43:02 - Total failed application API calls: 0
2025-01-26 09:43:02 - Fetching application details for memberId: de6c076f-1ade-447e-989a-5400eef4e6f3
2025-01-26 09:43:02 - Application API URL after replacement: https://api.mashery.com/v3/rest/members/de6c076f-1ade-447e-989a-5400eef4e6f3/applications
2025-01-26 09:43:02 - Checking if token is valid or needs regeneration.
2025-01-26 09:43:02 - Token is still valid.
2025-01-26 09:43:03 - Fetched 1 application records so far for memberId: de6c076f-1ade-447e-989a-5400eef4e6f3
2025-01-26 09:43:03 - Completed fetching application details for memberId: de6c076f-1ade-447e-989a-5400eef4e6f3. Total records: 1
2025-01-26 09:43:03 - Total successful application API calls: 173
2025-01-26 09:43:03 - Total failed application API calls: 0
2025-01-26 09:43:03 - Starting to fetch package keys for memberId: de6c076f-1ade-447e-989a-5400eef4e6f3
2025-01-26 09:43:03 - Checking if token is valid or needs regeneration.
2025-01-26 09:43:03 - Token is still valid.
2025-01-26 09:43:03 - Constructed API URL: https://api.mashery.com/v3/rest/members/de6c076f-1ade-447e-989a-5400eef4e6f3/applications/adfbe774-99f2-4c22-825b-f183287b78f0/packageKeys
2025-01-26 09:43:03 - Fetched 1 records so far for memberId: de6c076f-1ade-447e-989a-5400eef4e6f3
2025-01-26 09:43:03 - Completed fetching package keys for memberId: de6c076f-1ade-447e-989a-5400eef4e6f3. Total records: 1
2025-01-26 09:43:03 - Total successful API calls Package api: 107
2025-01-26 09:43:03 - Total failed API calls Package api: 0
2025-01-26 09:43:04 - Fetching application details for memberId: 77c3ae38-e71f-446a-88a6-82ff7bab0d24
2025-01-26 09:43:04 - Application API URL after replacement: https://api.mashery.com/v3/rest/members/77c3ae38-e71f-446a-88a6-82ff7bab0d24/applications
2025-01-26 09:43:04 - Checking if token is valid or needs regeneration.
2025-01-26 09:43:04 - Token is still valid.
2025-01-26 09:43:04 - No more application data to fetch for memberId: 77c3ae38-e71f-446a-88a6-82ff7bab0d24
2025-01-26 09:43:04 - Completed fetching application details for memberId: 77c3ae38-e71f-446a-88a6-82ff7bab0d24. Total records: 0
2025-01-26 09:43:04 - Total successful application API calls: 174
2025-01-26 09:43:04 - Total failed application API calls: 0
2025-01-26 09:43:04 - Fetching application details for memberId: 4cd181e8-c9ee-4c56-b6a8-b8e472ba364b
2025-01-26 09:43:04 - Application API URL after replacement: https://api.mashery.com/v3/rest/members/4cd181e8-c9ee-4c56-b6a8-b8e472ba364b/applications
2025-01-26 09:43:04 - Checking if token is valid or needs regeneration.
2025-01-26 09:43:04 - Token is still valid.
2025-01-26 09:43:05 - No more application data to fetch for memberId: 4cd181e8-c9ee-4c56-b6a8-b8e472ba364b
2025-01-26 09:43:05 - Completed fetching application details for memberId: 4cd181e8-c9ee-4c56-b6a8-b8e472ba364b. Total records: 0
2025-01-26 09:43:05 - Total successful application API calls: 175
2025-01-26 09:43:05 - Total failed application API calls: 0
2025-01-26 09:43:05 - Fetching application details for memberId: 8a587a56-98b8-42c0-a821-64396c3fe966
2025-01-26 09:43:05 - Application API URL after replacement: https://api.mashery.com/v3/rest/members/8a587a56-98b8-42c0-a821-64396c3fe966/applications
2025-01-26 09:43:05 - Checking if token is valid or needs regeneration.
2025-01-26 09:43:05 - Token is still valid.
2025-01-26 09:43:05 - No more application data to fetch for memberId: 8a587a56-98b8-42c0-a821-64396c3fe966
2025-01-26 09:43:05 - Completed fetching application details for memberId: 8a587a56-98b8-42c0-a821-64396c3fe966. Total records: 0
2025-01-26 09:43:05 - Total successful application API calls: 176
2025-01-26 09:43:05 - Total failed application API calls: 0
2025-01-26 09:43:05 - Fetching application details for memberId: 133edd47-5faa-49aa-bf35-870074741e0c
2025-01-26 09:43:05 - Application API URL after replacement: https://api.mashery.com/v3/rest/members/133edd47-5faa-49aa-bf35-870074741e0c/applications
2025-01-26 09:43:05 - Checking if token is valid or needs regeneration.
2025-01-26 09:43:05 - Token is still valid.
2025-01-26 09:43:06 - No more application data to fetch for memberId: 133edd47-5faa-49aa-bf35-870074741e0c
2025-01-26 09:43:06 - Completed fetching application details for memberId: 133edd47-5faa-49aa-bf35-870074741e0c. Total records: 0
2025-01-26 09:43:06 - Total successful application API calls: 177
2025-01-26 09:43:06 - Total failed application API calls: 0
2025-01-26 09:43:06 - Fetching application details for memberId: fccb48d0-bb57-4776-be2d-b99a792d6f0f
2025-01-26 09:43:06 - Application API URL after replacement: https://api.mashery.com/v3/rest/members/fccb48d0-bb57-4776-be2d-b99a792d6f0f/applications
2025-01-26 09:43:06 - Checking if token is valid or needs regeneration.
2025-01-26 09:43:06 - Token is still valid.
2025-01-26 09:43:06 - No more application data to fetch for memberId: fccb48d0-bb57-4776-be2d-b99a792d6f0f
2025-01-26 09:43:06 - Completed fetching application details for memberId: fccb48d0-bb57-4776-be2d-b99a792d6f0f. Total records: 0
2025-01-26 09:43:06 - Total successful application API calls: 178
2025-01-26 09:43:06 - Total failed application API calls: 0
2025-01-26 09:43:06 - Fetching application details for memberId: 54bd9388-b92b-499a-af8f-7e093563800b
2025-01-26 09:43:06 - Application API URL after replacement: https://api.mashery.com/v3/rest/members/54bd9388-b92b-499a-af8f-7e093563800b/applications
2025-01-26 09:43:06 - Checking if token is valid or needs regeneration.
2025-01-26 09:43:06 - Token is still valid.
2025-01-26 09:43:07 - No more application data to fetch for memberId: 54bd9388-b92b-499a-af8f-7e093563800b
2025-01-26 09:43:07 - Completed fetching application details for memberId: 54bd9388-b92b-499a-af8f-7e093563800b. Total records: 0
2025-01-26 09:43:07 - Total successful application API calls: 179
2025-01-26 09:43:07 - Total failed application API calls: 0
2025-01-26 09:43:07 - Fetching application details for memberId: 8a8b8e63-60ee-4b58-857b-4358a687d6cc
2025-01-26 09:43:07 - Application API URL after replacement: https://api.mashery.com/v3/rest/members/8a8b8e63-60ee-4b58-857b-4358a687d6cc/applications
2025-01-26 09:43:07 - Checking if token is valid or needs regeneration.
2025-01-26 09:43:07 - Token is still valid.
2025-01-26 09:43:07 - No more application data to fetch for memberId: 8a8b8e63-60ee-4b58-857b-4358a687d6cc
2025-01-26 09:43:07 - Completed fetching application details for memberId: 8a8b8e63-60ee-4b58-857b-4358a687d6cc. Total records: 0
2025-01-26 09:43:07 - Total successful application API calls: 180
2025-01-26 09:43:07 - Total failed application API calls: 0
2025-01-26 09:43:07 - Fetching application details for memberId: c1f0e0a9-18b5-41b3-b1be-6a841ee417a5
2025-01-26 09:43:07 - Application API URL after replacement: https://api.mashery.com/v3/rest/members/c1f0e0a9-18b5-41b3-b1be-6a841ee417a5/applications
2025-01-26 09:43:07 - Checking if token is valid or needs regeneration.
2025-01-26 09:43:07 - Token is still valid.
2025-01-26 09:43:08 - No more application data to fetch for memberId: c1f0e0a9-18b5-41b3-b1be-6a841ee417a5
2025-01-26 09:43:08 - Completed fetching application details for memberId: c1f0e0a9-18b5-41b3-b1be-6a841ee417a5. Total records: 0
2025-01-26 09:43:08 - Total successful application API calls: 181
2025-01-26 09:43:08 - Total failed application API calls: 0
2025-01-26 09:43:08 - Fetching application details for memberId: b3f266c6-b2be-4640-a905-c76cd009613e
2025-01-26 09:43:08 - Application API URL after replacement: https://api.mashery.com/v3/rest/members/b3f266c6-b2be-4640-a905-c76cd009613e/applications
2025-01-26 09:43:08 - Checking if token is valid or needs regeneration.
2025-01-26 09:43:08 - Token is still valid.
2025-01-26 09:43:08 - No more application data to fetch for memberId: b3f266c6-b2be-4640-a905-c76cd009613e
2025-01-26 09:43:08 - Completed fetching application details for memberId: b3f266c6-b2be-4640-a905-c76cd009613e. Total records: 0
2025-01-26 09:43:08 - Total successful application API calls: 182
2025-01-26 09:43:08 - Total failed application API calls: 0
2025-01-26 09:43:08 - Fetching application details for memberId: 420ad8b4-cad1-4b38-b9bb-b5ab350b03c7
2025-01-26 09:43:08 - Application API URL after replacement: https://api.mashery.com/v3/rest/members/420ad8b4-cad1-4b38-b9bb-b5ab350b03c7/applications
2025-01-26 09:43:08 - Checking if token is valid or needs regeneration.
2025-01-26 09:43:08 - Token is still valid.
2025-01-26 09:43:09 - No more application data to fetch for memberId: 420ad8b4-cad1-4b38-b9bb-b5ab350b03c7
2025-01-26 09:43:09 - Completed fetching application details for memberId: 420ad8b4-cad1-4b38-b9bb-b5ab350b03c7. Total records: 0
2025-01-26 09:43:09 - Total successful application API calls: 183
2025-01-26 09:43:09 - Total failed application API calls: 0
2025-01-26 09:43:09 - Fetching application details for memberId: b41bd125-4826-4be4-ba69-a4afb6fc9ab6
2025-01-26 09:43:09 - Application API URL after replacement: https://api.mashery.com/v3/rest/members/b41bd125-4826-4be4-ba69-a4afb6fc9ab6/applications
2025-01-26 09:43:09 - Checking if token is valid or needs regeneration.
2025-01-26 09:43:09 - Token is still valid.
2025-01-26 09:43:09 - Fetched 1 application records so far for memberId: b41bd125-4826-4be4-ba69-a4afb6fc9ab6
2025-01-26 09:43:09 - Completed fetching application details for memberId: b41bd125-4826-4be4-ba69-a4afb6fc9ab6. Total records: 1
2025-01-26 09:43:09 - Total successful application API calls: 184
2025-01-26 09:43:09 - Total failed application API calls: 0
2025-01-26 09:43:09 - Starting to fetch package keys for memberId: b41bd125-4826-4be4-ba69-a4afb6fc9ab6
2025-01-26 09:43:09 - Checking if token is valid or needs regeneration.
2025-01-26 09:43:09 - Token is still valid.
2025-01-26 09:43:09 - Constructed API URL: https://api.mashery.com/v3/rest/members/b41bd125-4826-4be4-ba69-a4afb6fc9ab6/applications/f1bd78a2-1486-40b9-80b2-97bf753fdc85/packageKeys
2025-01-26 09:43:10 - Fetched 1 records so far for memberId: b41bd125-4826-4be4-ba69-a4afb6fc9ab6
2025-01-26 09:43:10 - Completed fetching package keys for memberId: b41bd125-4826-4be4-ba69-a4afb6fc9ab6. Total records: 1
2025-01-26 09:43:10 - Total successful API calls Package api: 108
2025-01-26 09:43:10 - Total failed API calls Package api: 0
2025-01-26 09:43:10 - Fetching application details for memberId: efdeac26-c926-4d94-8b7d-5edce2904376
2025-01-26 09:43:10 - Application API URL after replacement: https://api.mashery.com/v3/rest/members/efdeac26-c926-4d94-8b7d-5edce2904376/applications
2025-01-26 09:43:10 - Checking if token is valid or needs regeneration.
2025-01-26 09:43:10 - Token is still valid.
2025-01-26 09:43:10 - Fetched 3 application records so far for memberId: efdeac26-c926-4d94-8b7d-5edce2904376
2025-01-26 09:43:10 - Completed fetching application details for memberId: efdeac26-c926-4d94-8b7d-5edce2904376. Total records: 3
2025-01-26 09:43:10 - Total successful application API calls: 185
2025-01-26 09:43:10 - Total failed application API calls: 0
2025-01-26 09:43:10 - Starting to fetch package keys for memberId: efdeac26-c926-4d94-8b7d-5edce2904376
2025-01-26 09:43:10 - Checking if token is valid or needs regeneration.
2025-01-26 09:43:10 - Token is still valid.
2025-01-26 09:43:10 - Constructed API URL: https://api.mashery.com/v3/rest/members/efdeac26-c926-4d94-8b7d-5edce2904376/applications/5d02daf8-68b4-441b-af2d-0370ab4e2bee/packageKeys
2025-01-26 09:43:11 - No more data to fetch for memberId: efdeac26-c926-4d94-8b7d-5edce2904376
2025-01-26 09:43:11 - Completed fetching package keys for memberId: efdeac26-c926-4d94-8b7d-5edce2904376. Total records: 0
2025-01-26 09:43:11 - Total successful API calls Package api: 109
2025-01-26 09:43:11 - Total failed API calls Package api: 0
2025-01-26 09:43:11 - Starting to fetch package keys for memberId: efdeac26-c926-4d94-8b7d-5edce2904376
2025-01-26 09:43:11 - Checking if token is valid or needs regeneration.
2025-01-26 09:43:11 - Token is still valid.
2025-01-26 09:43:11 - Constructed API URL: https://api.mashery.com/v3/rest/members/efdeac26-c926-4d94-8b7d-5edce2904376/applications/6aa92de2-d91c-4153-99a4-e3c2b4be9fe9/packageKeys
2025-01-26 09:43:11 - Fetched 1 records so far for memberId: efdeac26-c926-4d94-8b7d-5edce2904376
2025-01-26 09:43:11 - Completed fetching package keys for memberId: efdeac26-c926-4d94-8b7d-5edce2904376. Total records: 1
2025-01-26 09:43:11 - Total successful API calls Package api: 110
2025-01-26 09:43:11 - Total failed API calls Package api: 0
2025-01-26 09:43:11 - Starting to fetch package keys for memberId: efdeac26-c926-4d94-8b7d-5edce2904376
2025-01-26 09:43:11 - Checking if token is valid or needs regeneration.
2025-01-26 09:43:11 - Token is still valid.
2025-01-26 09:43:11 - Constructed API URL: https://api.mashery.com/v3/rest/members/efdeac26-c926-4d94-8b7d-5edce2904376/applications/b8bb6cdd-233b-45a6-bda8-261027331d3d/packageKeys
2025-01-26 09:43:12 - Fetched 1 records so far for memberId: efdeac26-c926-4d94-8b7d-5edce2904376
2025-01-26 09:43:12 - Completed fetching package keys for memberId: efdeac26-c926-4d94-8b7d-5edce2904376. Total records: 1
2025-01-26 09:43:12 - Total successful API calls Package api: 111
2025-01-26 09:43:12 - Total failed API calls Package api: 0
2025-01-26 09:43:12 - Fetching application details for memberId: 0b296032-0dd5-4bd8-b1c9-381dfb70509f
2025-01-26 09:43:12 - Application API URL after replacement: https://api.mashery.com/v3/rest/members/0b296032-0dd5-4bd8-b1c9-381dfb70509f/applications
2025-01-26 09:43:12 - Checking if token is valid or needs regeneration.
2025-01-26 09:43:12 - Token is still valid.
2025-01-26 09:43:12 - Fetched 1 application records so far for memberId: 0b296032-0dd5-4bd8-b1c9-381dfb70509f
2025-01-26 09:43:12 - Completed fetching application details for memberId: 0b296032-0dd5-4bd8-b1c9-381dfb70509f. Total records: 1
2025-01-26 09:43:12 - Total successful application API calls: 186
2025-01-26 09:43:12 - Total failed application API calls: 0
2025-01-26 09:43:12 - Starting to fetch package keys for memberId: 0b296032-0dd5-4bd8-b1c9-381dfb70509f
2025-01-26 09:43:12 - Checking if token is valid or needs regeneration.
2025-01-26 09:43:12 - Token is still valid.
2025-01-26 09:43:12 - Constructed API URL: https://api.mashery.com/v3/rest/members/0b296032-0dd5-4bd8-b1c9-381dfb70509f/applications/b613ef64-01a7-4a97-b587-93bf948fef6c/packageKeys
2025-01-26 09:43:12 - Fetched 1 records so far for memberId: 0b296032-0dd5-4bd8-b1c9-381dfb70509f
2025-01-26 09:43:12 - Completed fetching package keys for memberId: 0b296032-0dd5-4bd8-b1c9-381dfb70509f. Total records: 1
2025-01-26 09:43:12 - Total successful API calls Package api: 112
2025-01-26 09:43:12 - Total failed API calls Package api: 0
2025-01-26 09:43:12 - Fetching application details for memberId: b7e47d17-29d6-4e78-a0b1-fd043d62b3af
2025-01-26 09:43:12 - Application API URL after replacement: https://api.mashery.com/v3/rest/members/b7e47d17-29d6-4e78-a0b1-fd043d62b3af/applications
2025-01-26 09:43:12 - Checking if token is valid or needs regeneration.
2025-01-26 09:43:12 - Token is still valid.
2025-01-26 09:43:13 - No more application data to fetch for memberId: b7e47d17-29d6-4e78-a0b1-fd043d62b3af
2025-01-26 09:43:13 - Completed fetching application details for memberId: b7e47d17-29d6-4e78-a0b1-fd043d62b3af. Total records: 0
2025-01-26 09:43:13 - Total successful application API calls: 187
2025-01-26 09:43:13 - Total failed application API calls: 0
2025-01-26 09:43:13 - Fetching application details for memberId: 485a6e60-6c6f-4e4a-95e4-041c590f8d4f
2025-01-26 09:43:13 - Application API URL after replacement: https://api.mashery.com/v3/rest/members/485a6e60-6c6f-4e4a-95e4-041c590f8d4f/applications
2025-01-26 09:43:13 - Checking if token is valid or needs regeneration.
2025-01-26 09:43:13 - Token is still valid.
2025-01-26 09:43:13 - Fetched 1 application records so far for memberId: 485a6e60-6c6f-4e4a-95e4-041c590f8d4f
2025-01-26 09:43:13 - Completed fetching application details for memberId: 485a6e60-6c6f-4e4a-95e4-041c590f8d4f. Total records: 1
2025-01-26 09:43:13 - Total successful application API calls: 188
2025-01-26 09:43:13 - Total failed application API calls: 0
2025-01-26 09:43:13 - Starting to fetch package keys for memberId: 485a6e60-6c6f-4e4a-95e4-041c590f8d4f
2025-01-26 09:43:13 - Checking if token is valid or needs regeneration.
2025-01-26 09:43:13 - Token is still valid.
2025-01-26 09:43:13 - Constructed API URL: https://api.mashery.com/v3/rest/members/485a6e60-6c6f-4e4a-95e4-041c590f8d4f/applications/1d8ba90d-4cb0-4eca-bbba-175e969521d9/packageKeys
2025-01-26 09:43:14 - Fetched 1 records so far for memberId: 485a6e60-6c6f-4e4a-95e4-041c590f8d4f
2025-01-26 09:43:14 - Completed fetching package keys for memberId: 485a6e60-6c6f-4e4a-95e4-041c590f8d4f. Total records: 1
2025-01-26 09:43:14 - Total successful API calls Package api: 113
2025-01-26 09:43:14 - Total failed API calls Package api: 0
2025-01-26 09:43:14 - Fetching application details for memberId: 423a6c2a-d536-4dc5-8516-4157442c398d
2025-01-26 09:43:14 - Application API URL after replacement: https://api.mashery.com/v3/rest/members/423a6c2a-d536-4dc5-8516-4157442c398d/applications
2025-01-26 09:43:14 - Checking if token is valid or needs regeneration.
2025-01-26 09:43:14 - Token is still valid.
2025-01-26 09:43:14 - No more application data to fetch for memberId: 423a6c2a-d536-4dc5-8516-4157442c398d
2025-01-26 09:43:14 - Completed fetching application details for memberId: 423a6c2a-d536-4dc5-8516-4157442c398d. Total records: 0
2025-01-26 09:43:14 - Total successful application API calls: 189
2025-01-26 09:43:14 - Total failed application API calls: 0
2025-01-26 09:43:15 - Fetching application details for memberId: b4345d67-4ec8-4339-aa0e-cd383751b52a
2025-01-26 09:43:15 - Application API URL after replacement: https://api.mashery.com/v3/rest/members/b4345d67-4ec8-4339-aa0e-cd383751b52a/applications
2025-01-26 09:43:15 - Checking if token is valid or needs regeneration.
2025-01-26 09:43:15 - Token is still valid.
2025-01-26 09:43:15 - No more application data to fetch for memberId: b4345d67-4ec8-4339-aa0e-cd383751b52a
2025-01-26 09:43:15 - Completed fetching application details for memberId: b4345d67-4ec8-4339-aa0e-cd383751b52a. Total records: 0
2025-01-26 09:43:15 - Total successful application API calls: 190
2025-01-26 09:43:15 - Total failed application API calls: 0
2025-01-26 09:43:16 - Fetching application details for memberId: 648d852e-12bd-445d-bbcd-52820fa4c264
2025-01-26 09:43:16 - Application API URL after replacement: https://api.mashery.com/v3/rest/members/648d852e-12bd-445d-bbcd-52820fa4c264/applications
2025-01-26 09:43:16 - Checking if token is valid or needs regeneration.
2025-01-26 09:43:16 - Token is still valid.
2025-01-26 09:43:16 - Fetched 1 application records so far for memberId: 648d852e-12bd-445d-bbcd-52820fa4c264
2025-01-26 09:43:16 - Completed fetching application details for memberId: 648d852e-12bd-445d-bbcd-52820fa4c264. Total records: 1
2025-01-26 09:43:16 - Total successful application API calls: 191
2025-01-26 09:43:16 - Total failed application API calls: 0
2025-01-26 09:43:16 - Starting to fetch package keys for memberId: 648d852e-12bd-445d-bbcd-52820fa4c264
2025-01-26 09:43:16 - Checking if token is valid or needs regeneration.
2025-01-26 09:43:16 - Token is still valid.
2025-01-26 09:43:16 - Constructed API URL: https://api.mashery.com/v3/rest/members/648d852e-12bd-445d-bbcd-52820fa4c264/applications/f349c534-0738-430b-b4a0-034e159f401d/packageKeys
2025-01-26 09:43:17 - Fetched 1 records so far for memberId: 648d852e-12bd-445d-bbcd-52820fa4c264
2025-01-26 09:43:17 - Completed fetching package keys for memberId: 648d852e-12bd-445d-bbcd-52820fa4c264. Total records: 1
2025-01-26 09:43:17 - Total successful API calls Package api: 114
2025-01-26 09:43:17 - Total failed API calls Package api: 0
2025-01-26 09:43:17 - Fetching application details for memberId: 08d06fe3-0ee4-40b2-99ac-635fbf2a08e8
2025-01-26 09:43:17 - Application API URL after replacement: https://api.mashery.com/v3/rest/members/08d06fe3-0ee4-40b2-99ac-635fbf2a08e8/applications
2025-01-26 09:43:17 - Checking if token is valid or needs regeneration.
2025-01-26 09:43:17 - Token is still valid.
2025-01-26 09:43:17 - No more application data to fetch for memberId: 08d06fe3-0ee4-40b2-99ac-635fbf2a08e8
2025-01-26 09:43:17 - Completed fetching application details for memberId: 08d06fe3-0ee4-40b2-99ac-635fbf2a08e8. Total records: 0
2025-01-26 09:43:17 - Total successful application API calls: 192
2025-01-26 09:43:17 - Total failed application API calls: 0
2025-01-26 09:43:17 - Fetching application details for memberId: 3027a2b3-e309-4138-b952-65475f3f4657
2025-01-26 09:43:17 - Application API URL after replacement: https://api.mashery.com/v3/rest/members/3027a2b3-e309-4138-b952-65475f3f4657/applications
2025-01-26 09:43:17 - Checking if token is valid or needs regeneration.
2025-01-26 09:43:17 - Token is still valid.
2025-01-26 09:43:18 - No more application data to fetch for memberId: 3027a2b3-e309-4138-b952-65475f3f4657
2025-01-26 09:43:18 - Completed fetching application details for memberId: 3027a2b3-e309-4138-b952-65475f3f4657. Total records: 0
2025-01-26 09:43:18 - Total successful application API calls: 193
2025-01-26 09:43:18 - Total failed application API calls: 0
2025-01-26 09:43:18 - Fetching application details for memberId: feef21bf-d9b5-4c40-8fe9-fd818197a23f
2025-01-26 09:43:18 - Application API URL after replacement: https://api.mashery.com/v3/rest/members/feef21bf-d9b5-4c40-8fe9-fd818197a23f/applications
2025-01-26 09:43:18 - Checking if token is valid or needs regeneration.
2025-01-26 09:43:18 - Token is still valid.
2025-01-26 09:43:18 - No more application data to fetch for memberId: feef21bf-d9b5-4c40-8fe9-fd818197a23f
2025-01-26 09:43:18 - Completed fetching application details for memberId: feef21bf-d9b5-4c40-8fe9-fd818197a23f. Total records: 0
2025-01-26 09:43:18 - Total successful application API calls: 194
2025-01-26 09:43:18 - Total failed application API calls: 0
2025-01-26 09:43:18 - Fetching application details for memberId: eb9b4195-660b-4e78-bd3f-e8197ff85989
2025-01-26 09:43:18 - Application API URL after replacement: https://api.mashery.com/v3/rest/members/eb9b4195-660b-4e78-bd3f-e8197ff85989/applications
2025-01-26 09:43:18 - Checking if token is valid or needs regeneration.
2025-01-26 09:43:18 - Token is still valid.
2025-01-26 09:43:18 - No more application data to fetch for memberId: eb9b4195-660b-4e78-bd3f-e8197ff85989
2025-01-26 09:43:18 - Completed fetching application details for memberId: eb9b4195-660b-4e78-bd3f-e8197ff85989. Total records: 0
2025-01-26 09:43:18 - Total successful application API calls: 195
2025-01-26 09:43:18 - Total failed application API calls: 0
2025-01-26 09:43:19 - Fetching application details for memberId: 49fef03a-0b13-4485-a758-6595989a5633
2025-01-26 09:43:19 - Application API URL after replacement: https://api.mashery.com/v3/rest/members/49fef03a-0b13-4485-a758-6595989a5633/applications
2025-01-26 09:43:19 - Checking if token is valid or needs regeneration.
2025-01-26 09:43:19 - Token is still valid.
2025-01-26 09:43:19 - Fetched 1 application records so far for memberId: 49fef03a-0b13-4485-a758-6595989a5633
2025-01-26 09:43:19 - Completed fetching application details for memberId: 49fef03a-0b13-4485-a758-6595989a5633. Total records: 1
2025-01-26 09:43:19 - Total successful application API calls: 196
2025-01-26 09:43:19 - Total failed application API calls: 0
2025-01-26 09:43:19 - Starting to fetch package keys for memberId: 49fef03a-0b13-4485-a758-6595989a5633
2025-01-26 09:43:19 - Checking if token is valid or needs regeneration.
2025-01-26 09:43:19 - Token is still valid.
2025-01-26 09:43:19 - Constructed API URL: https://api.mashery.com/v3/rest/members/49fef03a-0b13-4485-a758-6595989a5633/applications/49da20bf-b392-4490-85bf-10f2d77e023e/packageKeys
2025-01-26 09:43:20 - No more data to fetch for memberId: 49fef03a-0b13-4485-a758-6595989a5633
2025-01-26 09:43:20 - Completed fetching package keys for memberId: 49fef03a-0b13-4485-a758-6595989a5633. Total records: 0
2025-01-26 09:43:20 - Total successful API calls Package api: 115
2025-01-26 09:43:20 - Total failed API calls Package api: 0
2025-01-26 09:43:20 - Fetching application details for memberId: c37ffde7-165e-41ec-b532-bae0cd06abcd
2025-01-26 09:43:20 - Application API URL after replacement: https://api.mashery.com/v3/rest/members/c37ffde7-165e-41ec-b532-bae0cd06abcd/applications
2025-01-26 09:43:20 - Checking if token is valid or needs regeneration.
2025-01-26 09:43:20 - Token is still valid.
2025-01-26 09:43:20 - No more application data to fetch for memberId: c37ffde7-165e-41ec-b532-bae0cd06abcd
2025-01-26 09:43:20 - Completed fetching application details for memberId: c37ffde7-165e-41ec-b532-bae0cd06abcd. Total records: 0
2025-01-26 09:43:20 - Total successful application API calls: 197
2025-01-26 09:43:20 - Total failed application API calls: 0
2025-01-26 09:43:20 - Fetching application details for memberId: 9fd36204-9101-4723-b764-685efed0841d
2025-01-26 09:43:20 - Application API URL after replacement: https://api.mashery.com/v3/rest/members/9fd36204-9101-4723-b764-685efed0841d/applications
2025-01-26 09:43:20 - Checking if token is valid or needs regeneration.
2025-01-26 09:43:20 - Token is still valid.
2025-01-26 09:43:21 - No more application data to fetch for memberId: 9fd36204-9101-4723-b764-685efed0841d
2025-01-26 09:43:21 - Completed fetching application details for memberId: 9fd36204-9101-4723-b764-685efed0841d. Total records: 0
2025-01-26 09:43:21 - Total successful application API calls: 198
2025-01-26 09:43:21 - Total failed application API calls: 0
2025-01-26 09:43:21 - Fetching application details for memberId: 5530bb14-d47b-48e4-ac0a-5d45bb505e9e
2025-01-26 09:43:21 - Application API URL after replacement: https://api.mashery.com/v3/rest/members/5530bb14-d47b-48e4-ac0a-5d45bb505e9e/applications
2025-01-26 09:43:21 - Checking if token is valid or needs regeneration.
2025-01-26 09:43:21 - Token is still valid.
2025-01-26 09:43:21 - No more application data to fetch for memberId: 5530bb14-d47b-48e4-ac0a-5d45bb505e9e
2025-01-26 09:43:21 - Completed fetching application details for memberId: 5530bb14-d47b-48e4-ac0a-5d45bb505e9e. Total records: 0
2025-01-26 09:43:21 - Total successful application API calls: 199
2025-01-26 09:43:21 - Total failed application API calls: 0
2025-01-26 09:43:21 - Fetching application details for memberId: 93d97b17-5608-4bf8-86dd-1427c298fde3
2025-01-26 09:43:21 - Application API URL after replacement: https://api.mashery.com/v3/rest/members/93d97b17-5608-4bf8-86dd-1427c298fde3/applications
2025-01-26 09:43:21 - Checking if token is valid or needs regeneration.
2025-01-26 09:43:21 - Token is still valid.
2025-01-26 09:43:21 - No more application data to fetch for memberId: 93d97b17-5608-4bf8-86dd-1427c298fde3
2025-01-26 09:43:21 - Completed fetching application details for memberId: 93d97b17-5608-4bf8-86dd-1427c298fde3. Total records: 0
2025-01-26 09:43:21 - Total successful application API calls: 200
2025-01-26 09:43:21 - Total failed application API calls: 0
2025-01-26 09:50:53 - Application shutdown requested.
2025-01-26 09:50:53 - Pausing ProtocolHandler ["http-nio-8090"]
2025-01-26 09:50:53 - Stopping service [Tomcat]
2025-01-26 09:50:53 - Destroying Spring FrameworkServlet 'dispatcherServlet'
2025-01-26 09:50:53 - Stopping ProtocolHandler ["http-nio-8090"]
2025-01-26 09:50:53 - Destroying ProtocolHandler ["http-nio-8090"]
